provid,run_timestamp,t1_passes,t1_gls_period_hr,t1_gls_power,t1_snr,t1_n_obs,t1_reject_reason,n_bands,baseline_hr,bands_used,t2_passes,t2_to_tier3,t2_mhaov_period_hr,t2_mbls_period_hr,t2_ce_period_hr,t2_consensus_period_hr,t2_F_stat,t2_p_value,t2_amplitude_mag,t2_agreement,t2_period_spread_pct,t3_ran,t3_publish_tentative,t3_needs_followup,t3_adopted_period_hr,t3_clean_period_hr,t3_ci_lo,t3_ci_hi,t3_ci_width,t3_clean_peak_ratio,reliability,r_code,adopted_period_hr,period_unc_hr,period_exceeds_grid,n_cycles,final_period_hr,final_period_unc_hr,r_flag,alias_risk,alias_note,lcdb_agreement,lcdb_delta_pct,reliability_notes,regime,n_nights,n_seasons,obs_per_night_median,night_duration_hr,reliability_ceiling,recommended_methods,lcdb_period_hr,lcdb_u_code
1992 OT9,2026-03-21T04:40:28.908953+00:00,True,2.369184592296148,0.6943290043780879,144.199362995135,21,,2,407.7347222222015,"Lg,Li,Lr,Ly,Lz",False,True,3.751303514781343,5.918941272657287,3.751303514781343,3.751303514781343,45.74972258793086,1.4594647490540069e-08,0.33165853488881053,False,0.5778358774047944,True,False,True,5.918941272657287,3.4125570435469075,5.907063798531554,5.930818746783021,0.023754948251466956,1.6834332940406813,followup_needed,0,,,False,,,,0,False,,no_prior,,No reliable period. Methods disagree at Tier 2 and Tier 3 could not resolve ambiguity. More observations needed.,sparse,7,1,2.0,0.5638888888643123,low,mbls,,0
1992 SQ26,2026-03-21T04:40:30.375545+00:00,True,1.8871935967983993,0.26337750759958045,16.955065820468228,20,,2,308.45916666666744,"Lg,Li,Lr,Ly,Lz",False,True,0.205067951527958,0.20804902545034237,0.205067951527958,0.205067951527958,5.417976127405355,0.006655239911950828,0.03899665138707692,False,0.014537005417754911,True,False,True,0.20804902545034237,0.1640543612223664,0.20783427096629226,0.2082637799343925,0.00042950896810026173,16.307176867334537,followup_needed,0,,,False,,,,0,False,,no_prior,,No reliable period. Methods disagree at Tier 2 and Tier 3 could not resolve ambiguity. More observations needed.,sparse,3,1,2.0,0.7011111112078652,low,mbls,,0
1992 YC2,2026-03-21T04:40:32.280248+00:00,True,1.0877938969484742,0.7059332948743872,119.78981617143101,30,,3,533.4716666667955,"Lg,Li,Lr,Ly,Lz",False,True,2.2778136239641262,6.2810493257630196,2.2778136239641262,2.2778136239641262,65.00470204661569,7.618350394977824e-13,0.293485049620006,False,1.757490454741517,True,False,True,6.2810493257630196,1.8222508991713011,6.268445213403631,6.2936534381224085,0.025208224718777927,4.396338304974056,followup_needed,0,,,False,,,,0,False,,no_prior,,No reliable period. Methods disagree at Tier 2 and Tier 3 could not resolve ambiguity. More observations needed.,sparse,4,1,4.0,1.3513888889865484,medium,"mbls,mhaov,clean",,0
1993 DE1,2026-03-21T04:40:32.333141+00:00,False,,0.0,131.32808431692916,19,n_obs=19 < min_obs=20,2,454.6086111111799,"Lg,Li,Lr,Ly,Lz",,,,,,,,,,,,False,,,,,,,,,t1_rejected,0,,,False,,,,0,False,,no_prior,,Tier 1 failed: n_obs=19 < min_obs=20,sparse,5,1,3.0,1.2738888889434747,low,mbls,,0
1993 OM8,2026-03-21T04:40:34.313220+00:00,True,1.0172586293146573,0.7925798477253198,170.61080522199865,24,,2,533.4611111110426,"Li,Lr,Ly,Lz",False,True,1.1711544686582571,3.5571787409519233,1.1711544686582571,1.1711544686582571,151.56289332953747,3.930189507173054e-14,0.383874311749497,False,2.037326702962759,True,False,True,3.5571787409519233,4.244820651410187,3.550040589632288,3.5643168922715587,0.01427630263927071,1.4083197600978365,followup_needed,0,,,False,,,,0,False,,no_prior,,No reliable period. Methods disagree at Tier 2 and Tier 3 could not resolve ambiguity. More observations needed.,sparse,4,1,2.0,0.5962500000314321,low,mbls,,0
1993 QG4,2026-03-21T04:40:35.321722+00:00,True,4.438219109554778,0.7603191191368854,93.83058182504529,24,,2,383.95138888887595,"Li,Lr,Lu,Ly,Lz",False,True,4.442059100573962,21.191989959634704,4.442059100573962,4.442059100573962,26.432612313273168,1.5602971759065554e-07,0.42223761821270384,False,3.7707582181634405,True,False,True,21.191989959634704,3.7556941158030024,21.156640086563005,21.227339832706402,0.07069974614339714,2.7071117372623057,followup_needed,0,,,False,,,,0,False,,no_prior,,No reliable period. Methods disagree at Tier 2 and Tier 3 could not resolve ambiguity. More observations needed.,sparse,9,1,2.0,0.5191666666651145,low,mbls,,0
1993 RO14,2026-03-21T04:40:36.301842+00:00,True,6.566033016508254,0.6438312575453935,42.58265432606999,22,,3,551.109444444417,"Lg,Li,Lr,Ly,Lz",False,True,12.951178865524794,19.034715694793046,12.951178865524794,12.951178865524794,37.13334743412331,3.420985206226135e-08,0.5003461883313224,False,0.4697284233686068,True,False,True,19.034715694793046,10.447573051386557,19.00872670710303,19.060704682483063,0.05197797538003712,1.9242763489575423,followup_needed,0,,,False,,,,0,False,,no_prior,,No reliable period. Methods disagree at Tier 2 and Tier 3 could not resolve ambiguity. More observations needed.,sparse,5,1,3.0,1.9694444445194677,low,mbls,,0
1993 TO10,2026-03-21T04:40:37.235194+00:00,True,17.310905452726363,0.9340204631755203,27.18358811508153,21,,2,478.2877777777612,"Li,Lr,Lu,Ly,Lz",False,True,8.978489557382893,36.44698678949345,8.978489557382893,8.978489557382893,78.51174995099548,2.6270385866666857e-10,0.24737065184724194,False,3.0593672862848647,True,False,True,36.44698678949345,10.089540104617566,36.421112595020574,36.47286098396633,0.051748388945757284,2.4560554178755747,followup_needed,0,,,False,,,,0,False,,no_prior,,No reliable period. Methods disagree at Tier 2 and Tier 3 could not resolve ambiguity. More observations needed.,sparse,6,1,3.5,0.9973611111345235,low,mbls,,0
1993 TP5,2026-03-21T04:40:38.542243+00:00,True,1.5697848924462232,0.6687878290744296,31.364316173443225,20,,1,533.7758333333186,"Lg,Li,Lr,Lu,Lz",False,True,4.057824478787489,6.132106719581815,4.057824478787489,4.057824478787489,54.03294699280001,9.897974773132034e-09,0.41087254187210626,False,0.5111808683784241,True,False,True,6.132106719581815,6.275667746461656,6.119801488706401,6.144411950457228,0.02461046175082693,1.1088613940411818,followup_needed,0,,,False,,,,0,False,,no_prior,,No reliable period. Methods disagree at Tier 2 and Tier 3 could not resolve ambiguity. More observations needed.,sparse,7,1,2.0,0.563333333353512,low,mbls,,0
1993 UZ7,2026-03-21T04:40:39.547259+00:00,True,15.853176588294147,0.752012853695468,90.68244785741778,21,,2,645.7908333332743,"Lg,Li,Lr,Lu,Ly,Lz",False,True,6.084480240286866,15.032356604277464,6.084480240286866,6.084480240286866,16.159993602275907,1.7804636544438424e-05,0.38993452578689647,False,1.4706065285154515,True,False,True,15.032356604277464,15.04241169230708,15.002191340188613,15.062521868366314,0.060330528177701126,1.1828651299886292,followup_needed,0,,,False,,,,0,False,,no_prior,,No reliable period. Methods disagree at Tier 2 and Tier 3 could not resolve ambiguity. More observations needed.,sparse,6,1,3.5,1.4425000000046566,low,mbls,,0
1994 AB9,2026-03-21T04:40:49.223701+00:00,True,0.22412009480633507,0.3199858086917813,4.511930960350116,38,,3,365.6438888887642,"Lg,Li,Lr,Ly,Lz",False,True,0.18338944547924102,0.3648624081843751,0.18338944547924102,0.3648624081843751,5.612186473693866,0.001467690669662125,0.08211714347837212,False,0.005225171953308119,True,False,True,0.3648624081843751,0.22006733457508923,0.3641302428167811,0.3655945735519691,0.0014643307351880352,17.754792524922582,followup_needed,0,,,False,,,,0,False,,no_prior,,No reliable period. Methods disagree at Tier 2 and Tier 3 could not resolve ambiguity. More observations needed.,sparse,3,1,5.0,1.2694444445078261,medium,"mbls,mhaov,clean",,0
1994 AG12,2026-03-21T04:40:50.151061+00:00,True,2.804152076038019,0.6241928713013111,31.39097024583296,21,,2,266.5094444444985,"Lg,Li,Lr,Ly,Lz",False,True,5.618072790980352,17.390998600333845,5.618072790980352,5.618072790980352,54.90090055126792,3.825657790557102e-09,0.3233269935320795,False,2.0955452603341977,True,False,True,17.390998600333845,5.396356205918251,17.356100275383344,17.425896925284345,0.06979664990100076,1.609690259517706,followup_needed,0,,,False,,,,0,False,,no_prior,,No reliable period. Methods disagree at Tier 2 and Tier 3 could not resolve ambiguity. More observations needed.,sparse,6,1,3.5,1.273611111100763,low,mbls,,0
1994 EC5,2026-03-21T04:40:51.193463+00:00,True,3.8151575787893948,0.6330810379205676,227.70331223200293,20,,2,621.103055555548,"Lg,Li,Lr,Ly,Lz",False,True,6.540649907064969,7.632893609561378,6.540649907064969,6.540649907064969,28.206930150145432,7.997355542244122e-07,0.626184108638008,False,0.16699314563778148,True,False,True,7.632893609561378,5.381270492100276,7.621221170221828,7.644566048900929,0.023344878679101733,1.0335258838058055,followup_needed,0,,,False,,,,0,False,,no_prior,,No reliable period. Methods disagree at Tier 2 and Tier 3 could not resolve ambiguity. More observations needed.,sparse,6,1,3.0,0.5730555556656327,low,mbls,,0
1994 PN16,2026-03-21T04:40:52.182859+00:00,True,9.246373186593297,0.8011138474386602,71.32871531457248,23,,3,289.8919444443891,"Lg,Li,Lr,Lu,Ly,Lz",False,True,5.164391986756966,19.184283226141247,5.164391986756966,5.164391986756966,44.02551823803652,4.648703200160753e-09,0.33524496197849063,False,2.7147225220960625,True,False,True,19.184283226141247,5.202390857562536,19.145786336724242,19.22278011555825,0.07699377883400516,1.0180036738782186,followup_needed,0,,,False,,,,0,False,,no_prior,,No reliable period. Methods disagree at Tier 2 and Tier 3 could not resolve ambiguity. More observations needed.,sparse,7,1,4.0,1.0783333332510665,low,mbls,,0
1994 WA8,2026-03-21T04:40:52.966449+00:00,True,1.0877938969484742,0.48880158024461495,41.075479780354875,24,,3,528.8966666667257,"Lg,Li,Lr,Ly,Lz",True,False,12.35168843174505,12.519491239451003,12.35168843174505,12.35168843174505,38.6783583692268,7.009318681028276e-09,0.5914869088371102,True,0.013585414547429033,False,,,,,,,,,confirmed,-1,12.35168843174505,,False,42.8,12.35168843174505,0.1678028077059401,-1,True,"0.5-day alias (12.0hr, Δ=2.9%)",no_prior,,"Period 12.352hr is close to known alias: 0.5-day alias (12.0hr, Δ=2.9%). Independent confirmation required.",sparse,6,1,2.5,0.6126388888224028,low,mbls,,0
1994 WW7,2026-03-21T04:40:53.891530+00:00,True,3.768134067033517,0.8857655868382529,17.489276135412787,20,,2,266.01138888899004,"Lg,Li,Lr,Ly,Lz",False,True,2.8718599880133464,13.017089863704777,2.8718599880133464,2.8718599880133464,84.28059082404226,4.297963096533408e-10,0.3541578417421089,False,3.532633874225191,True,False,True,13.017089863704777,3.257976280716144,12.990968613142162,13.043211114267393,0.05224250112523343,1.7162302121260022,followup_needed,0,,,False,,,,0,False,,no_prior,,No reliable period. Methods disagree at Tier 2 and Tier 3 could not resolve ambiguity. More observations needed.,sparse,7,1,2.0,0.6877777777262963,low,mbls,,0
1994 YC1,2026-03-21T04:40:54.760239+00:00,True,1.0407703851925962,0.6986237145126482,55.559580445100316,20,,3,478.6683333333931,"Li,Lr,Lz",False,True,6.477294540901662,8.871207131575124,6.477294540901662,6.477294540901662,30.645499420866415,4.644767193084931e-07,0.4583665386720776,False,0.3695852605677326,True,False,True,8.871207131575124,5.4244633880995865,8.858209216108431,8.884205047041817,0.0259958309333852,2.8566938228047256,followup_needed,0,,,False,,,,0,False,,no_prior,,No reliable period. Methods disagree at Tier 2 and Tier 3 could not resolve ambiguity. More observations needed.,sparse,7,1,3.0,0.6883333334117197,low,mbls,,0
1995 BG15,2026-03-21T04:40:54.799837+00:00,False,,0.0,38.57981669130615,19,n_obs=19 < min_obs=20,1,408.13999999989755,"Lg,Li,Lr,Ly,Lz",,,,,,,,,,,,False,,,,,,,,,t1_rejected,0,,,False,,,,0,False,,no_prior,,Tier 1 failed: n_obs=19 < min_obs=20,sparse,5,1,4.0,1.430555555562023,low,mbls,,0
1995 CN,2026-03-21T04:40:56.090617+00:00,True,1.6520760380190096,0.7596486862195289,21.54493206041091,23,,3,265.7294444444706,"Li,Lr,Ly,Lz",False,True,6.2450372224193895,2.9520199098138633,6.2450372224193895,6.2450372224193895,43.20391484038877,5.412471359989013e-09,0.27792962357930073,False,0.5273014708036041,True,False,True,2.9520199098138633,2.523532738957938,2.9394880625447954,2.964551757082931,0.025063694538135728,2.67418475025545,followup_needed,0,,,False,,,,0,False,,no_prior,,No reliable period. Methods disagree at Tier 2 and Tier 3 could not resolve ambiguity. More observations needed.,sparse,5,1,4.0,1.0236111109843478,low,mbls,,0
1995 FQ6,2026-03-21T04:41:05.594545+00:00,True,0.23250495849399466,0.525024092752991,27.284480765495868,22,,2,532.6683333333931,"Lg,Li,Lr,Ly,Lz",False,True,0.05881806516228842,0.4756530685305529,0.05881806516228842,0.05881806516228842,8.697038823662451,0.0005182816012962999,0.17052800478434918,False,7.08685337083196,True,False,True,0.4756530685305529,0.05846397647569271,0.4746985807676154,0.4766075562934904,0.0019089755258749896,1.0475109084891685,followup_needed,0,,,False,,,,0,False,,no_prior,,No reliable period. Methods disagree at Tier 2 and Tier 3 could not resolve ambiguity. More observations needed.,sparse,4,1,3.0,0.9022222222702112,low,mbls,,0
1995 KF4,2026-03-21T04:41:06.406205+00:00,True,1.8754377188594298,0.5209902563146871,174.58334165578808,21,,2,552.0927777778124,"Lg,Li,Lr,Ly,Lz",False,False,5.659003643202062,44.73446785079769,5.659003643202062,5.659003643202062,5.36797207552532,0.006169768672051101,0.41900001997389136,False,6.905007784281698,False,,,,,,,,,t2_rejected,0,,,False,,,,0,False,,no_prior,,No reliable period. Methods disagree at Tier 2 and Tier 3 could not resolve ambiguity. More observations needed.,sparse,5,1,4.0,1.9944444444263354,low,mbls,,0
1995 MK7,2026-03-21T04:41:07.213702+00:00,True,0.8291645822911455,0.46388224185110105,49.34536538772087,30,,4,552.1130555556156,"Lg,Li,Lr,Ly,Lz",False,False,6.114914284417967,35.275329812288604,6.114914284417967,6.114914284417967,4.666468713151345,0.005953795042842325,0.5304626779179993,False,4.7687365957316,False,,,,,,,,,t2_rejected,0,,,False,,,,0,False,,no_prior,,No reliable period. Methods disagree at Tier 2 and Tier 3 could not resolve ambiguity. More observations needed.,sparse,7,1,2.0,1.3891666666022502,medium,"mbls,mhaov,clean",,0
1995 OH3,2026-03-21T04:41:07.253813+00:00,False,,0.0,19.495573711963953,18,n_obs=18 < min_obs=20,2,624.3827777778497,"Lg,Li,Lr,Ly,Lz",,,,,,,,,,,,False,,,,,,,,,t1_rejected,0,,,False,,,,0,False,,no_prior,,Tier 1 failed: n_obs=18 < min_obs=20,sparse,4,1,5.0,2.830694444506662,low,mbls,,0
1995 OK14,2026-03-21T04:41:08.362429+00:00,True,2.369184592296148,0.7550498075873177,26.166184302194672,20,,2,741.3419444444007,"Lg,Li,Lr,Lz",False,True,3.734537546864906,11.491509376935785,3.734537546864906,3.734537546864906,32.71395552972292,3.0155190777758634e-07,0.4212755672653342,False,2.077090331192593,True,False,True,11.491509376935785,4.481445056237887,11.468449491898458,11.514569261973111,0.04611977007465562,1.829614981288886,followup_needed,0,,,False,,,,0,False,,no_prior,,No reliable period. Methods disagree at Tier 2 and Tier 3 could not resolve ambiguity. More observations needed.,sparse,5,1,2.0,0.7172222222434357,low,mbls,,0
1995 SO45,2026-03-21T04:41:17.373029+00:00,True,0.1762065880197087,0.24979411990063294,15.518876170894051,31,,3,914.1113888887921,"Lg,Li,Lr,Lz",False,False,0.22315646304196052,0.13068616919129955,0.22315646304196052,0.22315646304196052,3.0913818533859154,0.03300549732738811,0.1489812112405829,False,0.41437425826586627,False,,,,,,,,,t2_rejected,0,,,False,,,,0,False,,no_prior,,No reliable period. Methods disagree at Tier 2 and Tier 3 could not resolve ambiguity. More observations needed.,sparse,3,1,2.0,0.6247222222737037,medium,"mbls,mhaov,clean",,0
1995 SR54,2026-03-21T04:41:17.410482+00:00,False,,0.0,18.079492594770553,18,n_obs=18 < min_obs=20,2,359.83333333331393,"Lg,Li,Lr,Ly,Lz",,,,,,,,,,,,False,,,,,,,,,t1_rejected,0,,,False,,,,0,False,,no_prior,,Tier 1 failed: n_obs=18 < min_obs=20,sparse,8,1,2.0,0.7415277777181473,low,mbls,,0
1995 SS31,2026-03-21T04:41:18.637497+00:00,True,1.9107053526763382,0.6733074989768738,82.57762748924719,20,,2,765.8966666667257,"Lg,Li,Lr,Lz",False,True,4.915275322728371,12.297034046697888,4.915275322728371,4.915275322728371,20.83182891826577,5.524101548304294e-06,0.813389630769085,False,1.501799642806285,True,False,True,12.297034046697888,3.997976449791104,12.272357724196155,12.321710369199621,0.04935264500346648,2.8430950413639455,followup_needed,0,,,False,,,,0,False,,no_prior,,No reliable period. Methods disagree at Tier 2 and Tier 3 could not resolve ambiguity. More observations needed.,sparse,6,1,3.5,1.4940277778659947,low,mbls,,0
1995 UM12,2026-03-21T04:41:18.695593+00:00,False,,0.0,80.09102346753384,19,n_obs=19 < min_obs=20,0,473.5636111110798,"Lg,Li,Lr,Lu,Ly,Lz",,,,,,,,,,,,False,,,,,,,,,t1_rejected,0,,,False,,,,0,False,,no_prior,,Tier 1 failed: n_obs=19 < min_obs=20,sparse,6,1,3.0,1.1070833333360497,low,mbls,,0
1995 UV52,2026-03-21T04:41:20.049404+00:00,True,0.9819909954977488,0.49099059607708756,6.113057730677087,22,,3,381.78138888889225,"Li,Lr,Ly,Lz",False,True,18.21886386998975,5.132124069285548,18.21886386998975,18.21886386998975,8.040055185998789,0.0007889399996028335,0.10392198142151049,False,0.7183071290334443,True,False,True,5.132124069285548,4.133162126702207,5.0955644762354035,5.168683662335693,0.07311918610028911,4.533339686544849,followup_needed,0,,,False,,,,0,False,,no_prior,,No reliable period. Methods disagree at Tier 2 and Tier 3 could not resolve ambiguity. More observations needed.,sparse,3,1,5.0,1.2561111112008803,low,mbls,,0
1995 UW2,2026-03-21T04:41:20.846195+00:00,True,2.827663831915958,0.8295056448672556,76.15462323245049,20,,2,358.84416666661855,"Lg,Li,Lr,Ly,Lz",True,False,5.849827506283986,11.144190676531997,5.849827506283986,11.144190676531997,60.98490819429955,4.249410712198198e-09,0.3236571487379146,True,0.04747698418793015,False,,,,,,,,,confirmed,1,11.144190676531997,,False,32.2,11.144190676531997,0.5290925645369882,1,False,,no_prior,,"All 3 methods agree (spread=4.7%), p=4.25e-09, sparse regime. Moderate confidence.",sparse,4,1,5.0,1.4481944444705732,low,mbls,,0
1995 UW34,2026-03-21T04:41:23.958590+00:00,True,4.943721860930466,0.1841519869166839,9.747279441473896,179,,3,50.997499999939464,"Lg,Li,Lr",False,True,3.071876239053171,12.205992125772791,3.071876239053171,3.071876239053171,18.250302228875867,1.5476508963274682e-12,0.7895296347593856,False,2.973464806489733,True,False,True,12.205992125772791,9.764793700618235,12.181498496088967,12.230485755456616,0.04898725936764947,3.07682667683554,followup_needed,0,,,False,,,,0,False,,no_prior,,No reliable period. Methods disagree at Tier 2 and Tier 3 could not resolve ambiguity. More observations needed.,dense,3,1,58.0,2.903333333262708,high,"gls,mbls,mhaov,ce,clean",,0
1995 VS17,2026-03-21T04:41:25.028812+00:00,True,13.384442221110556,0.6235485794715563,14.13833202008622,25,,3,670.2650000000722,"Lg,Li,Lr,Lz",True,False,7.707714254961022,15.203241096077965,7.707714254961022,15.203241096077965,13.914642563860045,1.3923404176829912e-05,0.49908312030904356,True,0.013764613400626019,False,,,,,,,,,confirmed,1,15.203241096077965,,False,44.1,15.203241096077965,0.20926673612402297,1,False,,no_prior,,"All 3 methods agree (spread=1.4%), p=1.39e-05, sparse regime. Moderate confidence.",sparse,4,1,5.0,0.9026388889469672,low,mbls,,0
1995 WD20,2026-03-21T04:41:26.426692+00:00,True,2.874687343671836,0.762888790043572,11.272050447836858,21,,2,598.1663888887851,"Lg,Li,Lr,Lz",False,True,0.8972377018613069,3.182614880699507,0.8972377018613069,0.8972377018613069,36.8098084801383,6.998698565130468e-08,0.4227018917938821,False,2.547125665912913,True,False,True,3.182614880699507,1.0334737943847294,3.1762283625442578,3.1890013988547565,0.012773036310498753,1.3940156377121962,followup_needed,0,,,False,,,,0,False,,no_prior,,No reliable period. Methods disagree at Tier 2 and Tier 3 could not resolve ambiguity. More observations needed.,sparse,4,1,3.0,0.9290277777181473,low,mbls,,0
1995 WV35,2026-03-21T04:41:27.439336+00:00,True,5.578539269634818,0.6574170747930411,72.5464421850568,23,,2,915.3363888887689,"Lg,Li,Lr,Lu,Lz",True,False,6.369931167526715,12.785845821836094,6.369931167526715,12.785845821836094,21.889531811610322,1.0319765724187135e-06,0.37724149936229534,True,0.003609417870720434,False,,,,,,,,,confirmed,1,12.785845821836094,,False,71.6,12.785845821836094,0.04614946040161139,1,False,,no_prior,,"All 3 methods agree (spread=0.4%), p=1.03e-06, sparse regime. Moderate confidence.",sparse,8,1,3.0,0.7075000000186265,low,mbls,,0
1995 YH5,2026-03-21T04:41:27.477683+00:00,False,,0.0,13.89436859875939,19,n_obs=19 < min_obs=20,1,265.1949999999488,"Lg,Li,Lr,Ly,Lz",,,,,,,,,,,,False,,,,,,,,,t1_rejected,0,,,False,,,,0,False,,no_prior,,Tier 1 failed: n_obs=19 < min_obs=20,sparse,3,1,8.0,2.270555555471219,low,mbls,,0
1995 YM,2026-03-21T04:41:28.453629+00:00,True,4.097298649324662,0.8254005085913273,316.05596326299207,22,,3,50.81305555568542,"Lg,Li,Lr,Ly,Lz",False,True,3.0641192136581794,4.429502743202211,3.0641192136581794,3.0641192136581794,66.97488086939985,3.5304603684949143e-10,0.4108727522418897,False,0.445603918887179,True,True,False,4.429502743202211,4.088771762955887,4.423354008994202,4.435651477410221,0.01229746841601953,3.5682727491199144,tentative,1,4.429502743202211,0.006148734208009765,False,11.5,4.429502743202211,0.006148734208009765,1,False,,no_prior,,"Tier 3 tentative: CI=0.012hr, CLEAN ratio=3.6. Both criteria met. Moderate confidence.",sparse,3,1,4.0,1.9694444445194677,low,mbls,,0
1996 AJ14,2026-03-21T04:41:29.290842+00:00,True,1.6285642821410706,0.7916204437448924,53.288080271449715,29,,3,533.5152777776239,"Lg,Li,Lr,Ly,Lz",True,False,5.367628566700823,5.919557853284761,5.367628566700823,5.919557853284761,56.694239055581384,6.9961814119778865e-12,0.4049894100630178,two_of_three,0.09323826209039913,False,,,,,,,,,tentative_2of3,1,5.919557853284761,,False,90.1,5.919557853284761,0.551929286583845,1,False,,no_prior,,"MHAOV+MBLS agree (Greenstreet-equivalent, spread=9.3%), CE disagrees. p=7.00e-12. Publish as tentative (R=1).",sparse,4,1,5.0,0.966805555508472,medium,"mbls,mhaov,clean",,0
1996 BJ12,2026-03-21T04:41:30.592610+00:00,True,1.3464232116058028,0.6995288932557462,15.082429016906255,20,,2,265.8047222222085,"Lg,Li,Lr,Ly,Lz",True,False,0.441383297912239,0.8409801225153144,0.441383297912239,0.8409801225153144,17.827614299031374,1.4365942251570729e-05,0.3137145235516501,True,0.047335811648025666,False,,,,,,,,,confirmed,1,0.8409801225153144,,False,316.1,0.8409801225153144,0.03980847667911847,1,False,,no_prior,,"All 3 methods agree (spread=4.7%), p=1.44e-05, sparse regime. Moderate confidence.",sparse,6,1,3.0,0.672777777799638,low,mbls,,0
1996 BO1,2026-03-21T04:41:31.613211+00:00,True,4.579289644822412,0.8030108555292321,164.518211288472,20,,2,407.98750000004657,"Lg,Li,Lr,Ly,Lz",False,True,4.582670607539187,3.4308465099533136,4.582670607539187,4.582670607539187,63.6654528136517,3.141239157677944e-09,0.27968095919040237,False,0.2513434187678026,True,False,True,3.4308465099533136,3.341346166215401,3.4239618681273205,3.4377311517793068,0.013769283651986708,1.2463992275266065,followup_needed,0,,,False,,,,0,False,,no_prior,,No reliable period. Methods disagree at Tier 2 and Tier 3 could not resolve ambiguity. More observations needed.,sparse,4,1,4.5,4.412500000064028,low,mbls,,0
1996 BQ11,2026-03-21T04:41:36.456610+00:00,True,3.7892391565273753,0.8437856950169464,24.13401826780073,22,,2,915.4486111110309,"Lg,Li,Lr,Lz",False,True,10.228934246163794,14.18473747758709,10.228934246163794,10.228934246163794,45.68560356998781,7.049252404023321e-09,0.38373089045803155,False,0.38672682180027435,True,False,True,14.18473747758709,8.607357379046189,14.164211188129904,14.205263767044276,0.041052578914371196,1.1110271493942645,followup_needed,0,,,False,,,,0,False,,no_prior,,No reliable period. Methods disagree at Tier 2 and Tier 3 could not resolve ambiguity. More observations needed.,sparse,7,1,2.0,0.5736111110891216,low,mbls,,0
1996 CS8,2026-03-21T04:41:40.472790+00:00,True,0.36556661200999624,0.43036838603531163,113.03522502105412,49,,4,381.78111111104954,"Lg,Li,Lr,Ly,Lz",True,False,1.1822157414310563,2.570316903987968,1.1822157414310563,2.570316903987968,12.971250699407713,4.6578710577449556e-07,0.16955283753158118,True,0.08707607837996928,False,,,,,,,,,confirmed,2,2.570316903987968,,False,148.5,2.570316903987968,0.22381311619301628,2,False,,no_prior,,"All 3 methods agree (spread=8.7%), p=4.66e-07, sparse regime. Moderate confidence.",sparse,5,1,3.0,0.6702777778264135,medium,"mbls,mhaov,clean",,0
1996 PA1,2026-03-21T04:41:41.761661+00:00,True,19.2623811905953,0.5949419023369631,307.43603087209425,22,,3,406.86222222220385,"Lg,Li,Lr,Lu,Ly,Lz",False,True,1.775726977254676,2.303293832187135,1.775726977254676,1.775726977254676,15.389295136483833,1.7139461882753615e-05,0.9684234972470969,False,0.2970990820603486,True,False,True,2.303293832187135,2.098385417684868,2.2997305004602024,2.306857163914067,0.007126663453864701,1.0472015196541715,followup_needed,0,,,False,,,,0,False,,no_prior,,No reliable period. Methods disagree at Tier 2 and Tier 3 could not resolve ambiguity. More observations needed.,sparse,5,1,2.0,0.5150000000721775,low,mbls,,0
1996 TP35,2026-03-21T04:41:41.802483+00:00,False,,0.0,154.6782323717858,19,n_obs=19 < min_obs=20,2,741.3536111110006,"Lg,Li,Lr,Lu,Lz",,,,,,,,,,,,False,,,,,,,,,t1_rejected,0,,,False,,,,0,False,,no_prior,,Tier 1 failed: n_obs=19 < min_obs=20,sparse,5,1,3.0,1.1769444443634711,low,mbls,,0
1996 VO15,2026-03-21T04:41:41.853745+00:00,False,,0.0,9.265636153189005,19,n_obs=19 < min_obs=20,2,478.6349999999511,"Li,Lr,Lz",,,,,,,,,,,,False,,,,,,,,,t1_rejected,0,,,False,,,,0,False,,no_prior,,Tier 1 failed: n_obs=19 < min_obs=20,sparse,6,1,3.0,0.8755555556563195,low,mbls,,0
1996 XC19,2026-03-21T04:41:43.054682+00:00,True,4.638069034517259,0.7022965867762089,204.32250519950583,21,,2,552.1130555556156,"Lg,Li,Lr,Ly,Lz",False,True,3.9239131556790863,5.896463661948362,3.9239131556790863,3.9239131556790863,24.520747937387434,1.1792589023063016e-06,0.735561018718221,False,0.5026998376388369,True,False,True,5.896463661948362,4.645703201038115,5.884631293395958,5.9082960305007655,0.023664737104807543,1.3762733854912625,followup_needed,0,,,False,,,,0,False,,no_prior,,No reliable period. Methods disagree at Tier 2 and Tier 3 could not resolve ambiguity. More observations needed.,sparse,6,1,2.0,0.5379166667698883,low,mbls,,0
1996 XG23,2026-03-21T04:41:43.092877+00:00,False,,0.0,52.219488408570854,17,n_obs=17 < min_obs=20,1,502.7874999999767,"Lg,Li,Lr,Ly,Lz",,,,,,,,,,,,False,,,,,,,,,t1_rejected,0,,,False,,,,0,False,,no_prior,,Tier 1 failed: n_obs=17 < min_obs=20,sparse,7,1,3.0,0.9238888888503425,low,mbls,,0
1996 XZ3,2026-03-21T04:41:50.560312+00:00,True,3.0415045750657628,0.10313384253001534,6.248068750683844,303,,3,289.11111111118225,"Lg,Li,Lr",False,True,6.967188683277,3.8302787231963524,6.967188683277,6.967188683277,11.741464318219773,7.205642416074909e-09,0.7310240438300097,False,0.45024042015821497,True,False,True,3.8302787231963524,3.4844007114027016,3.816297742561016,3.844259703831689,0.027961961270673186,1.8028355133892087,followup_needed,0,,,False,,,,0,False,,no_prior,,No reliable period. Methods disagree at Tier 2 and Tier 3 could not resolve ambiguity. More observations needed.,dense,7,1,27.0,2.665555555606261,high,"gls,mbls,mhaov,ce,clean",,0
1997 AN14,2026-03-21T04:41:51.953532+00:00,True,13.161080540270136,0.7177173740096857,129.29545637875066,22,,2,651.6280555555131,"Lg,Li,Lr,Lz",False,True,19.071269617181386,7.437716068623135,19.071269617181386,19.071269617181386,21.90421115786066,1.5910809880725907e-06,0.3555625050415643,False,0.6100041466603212,True,False,True,7.437716068623135,6.059624195038781,7.399445962367923,7.475986174878346,0.07654021251042309,1.1129053410683363,followup_needed,0,,,False,,,,0,False,,no_prior,,No reliable period. Methods disagree at Tier 2 and Tier 3 could not resolve ambiguity. More observations needed.,sparse,5,1,3.0,1.6358333333046176,low,mbls,,0
1997 AY18,2026-03-21T04:41:53.373012+00:00,True,1.9224612306153077,0.8695688060437736,78.4614797278913,20,,2,526.1661111111171,"Lg,Li,Lr,Lu,Ly",False,True,4.976972703128661,13.991572608406965,4.976972703128661,4.976972703128661,331.4039856147608,1.9539925233402755e-14,0.43153813850340217,False,1.811261673106961,True,False,True,13.991572608406965,4.014868949814827,13.963495874075717,14.019649342738214,0.056153468662497374,1.4692242308141215,followup_needed,0,,,False,,,,0,False,,no_prior,,No reliable period. Methods disagree at Tier 2 and Tier 3 could not resolve ambiguity. More observations needed.,sparse,6,1,3.5,0.6133333333418705,low,mbls,,0
1997 CN2,2026-03-21T04:41:54.179798+00:00,True,0.8291645822911455,0.7735325405007771,35.721264580973155,20,,2,651.290555555548,"Lg,Li,Lr,Lz",True,False,11.57064168080579,21.24092692437941,11.57064168080579,21.24092692437941,28.19309853327294,8.02296274748926e-07,0.43044123820072655,True,0.08211975142158874,False,,,,,,,,,confirmed,1,21.24092692437941,,False,30.7,21.24092692437941,1.7442996389941685,1,False,,no_prior,,"All 3 methods agree (spread=8.2%), p=8.02e-07, sparse regime. Moderate confidence.",sparse,7,1,2.0,0.5752777777961455,low,mbls,,0
1997 CS,2026-03-21T04:41:55.111496+00:00,True,13.043521760880441,0.8195549673848912,135.98623226988482,22,,2,313.5450000000419,"Lg,Li,Lr,Ly,Lz",False,True,4.099971959971316,24.62602958698422,4.099971959971316,4.099971959971316,71.9974281811257,1.9856249977578955e-10,0.48955043617158533,False,5.0063897576390985,True,False,True,24.62602958698422,3.729740378301665,24.60446181275138,24.64759736121706,0.04313554846567769,4.280995525375672,followup_needed,0,,,False,,,,0,False,,no_prior,,No reliable period. Methods disagree at Tier 2 and Tier 3 could not resolve ambiguity. More observations needed.,sparse,8,1,2.0,0.7579166665964294,low,mbls,,0
1997 EG38,2026-03-21T04:41:56.071774+00:00,True,2.3339169584792394,0.5276500442295257,10.687238715562035,22,,2,51.21638888900634,"Lg,Li,Lr,Ly,Lz",False,True,2.132508756045245,1.479748502127022,2.132508756045245,2.132508756045245,13.777623736848707,3.472689370009885e-05,0.08015429036671526,False,0.3060996828582623,True,False,True,1.479748502127022,2.559010507254294,1.476779107139476,1.482717897114568,0.005938789975092007,1.3776748618299361,followup_needed,0,,,False,,,,0,False,,no_prior,,No reliable period. Methods disagree at Tier 2 and Tier 3 could not resolve ambiguity. More observations needed.,sparse,3,1,4.0,1.9486111112055369,low,mbls,,0
1997 FD4,2026-03-21T04:41:56.117658+00:00,False,,0.0,36.28478855094172,18,n_obs=18 < min_obs=20,1,360.0161111112102,"Lg,Li,Lr,Lu,Ly,Lz",,,,,,,,,,,,False,,,,,,,,,t1_rejected,0,,,False,,,,0,False,,no_prior,,Tier 1 failed: n_obs=18 < min_obs=20,sparse,7,1,3.0,0.9858333332813345,low,mbls,,0
1997 FY4,2026-03-21T04:41:57.285007+00:00,True,2.1693346673336666,0.7066738593851524,25.808769234292793,24,,3,552.0463888889062,"Lg,Li,Lr,Ly,Lz",False,True,2.649283068817385,7.7888893855044765,2.649283068817385,2.649283068817385,21.698755686505812,7.243017501323834e-07,0.5329510846881462,False,1.9399989292119784,True,False,True,7.7888893855044765,2.169045134603665,7.773259507138918,7.804519263870035,0.03125975673111725,5.259601488154825,followup_needed,0,,,False,,,,0,False,,no_prior,,No reliable period. Methods disagree at Tier 2 and Tier 3 could not resolve ambiguity. More observations needed.,sparse,4,1,5.0,1.7394444444507826,low,mbls,,0
1997 GD15,2026-03-21T04:41:59.053443+00:00,True,14.031015507753878,0.6587671350154071,203.08472327677424,36,,3,533.5047222222202,"Lg,Li,Lr,Ly,Lz",True,False,2.7049537419957774,5.156850419159668,2.7049537419957774,5.156850419159668,78.06024408207584,9.992007221626409e-16,0.4874033358642581,True,0.046776597489080994,False,,,,,,,,,confirmed,2,5.156850419159668,,False,103.5,5.156850419159668,0.2412199163684304,2,False,,no_prior,,"All 3 methods agree (spread=4.7%), p=9.99e-16, sparse regime. Moderate confidence.",sparse,4,1,5.5,1.3738888889201917,medium,"mbls,mhaov,clean",,0
1997 SG16,2026-03-21T04:42:00.912562+00:00,True,3.168584292146073,0.412627534676185,225.46014893095764,26,,3,359.3133333332953,"Lg,Li,Lr,Lu,Lz",False,True,1.5839227216071405,4.31060290179067,1.5839227216071405,1.5839227216071405,48.583143186368495,2.545927912933621e-10,0.40582826807572375,False,1.721472987908879,True,False,True,4.31060290179067,1.2862088187498786,4.301952862522863,4.319252941058477,0.017300078535614105,1.1839862101333047,followup_needed,0,,,False,,,,0,False,,no_prior,,No reliable period. Methods disagree at Tier 2 and Tier 3 could not resolve ambiguity. More observations needed.,sparse,6,1,2.0,0.44416666668257676,low,mbls,,0
1997 SR1,2026-03-21T04:42:01.696482+00:00,True,6.142821410705353,0.6918351305839405,28.44545523496096,20,,3,242.01305555569706,"Lg,Li,Lr,Ly,Lz",True,False,14.908584189560603,15.677066129763782,14.908584189560603,14.908584189560603,13.275010701115958,8.084329223800868e-05,0.3996586460512015,True,0.05154627229735465,False,,,,,,,,,confirmed,1,14.908584189560603,,False,16.2,14.908584189560603,0.7684819402031273,1,False,,no_prior,,"All 3 methods agree (spread=5.2%), p=8.08e-05, sparse regime. Moderate confidence.",sparse,6,1,3.0,1.0761111112078652,low,mbls,,0
1997 SV26,2026-03-21T04:42:03.367367+00:00,True,3.3214107053526765,0.6062518762203049,16.38744986568965,100,,3,331.68250000005355,"Lg,Li,Lr",False,True,5.19381933184491,34.40473612292527,5.19381933184491,5.19381933184491,53.91760585626425,1.1102230246251565e-16,0.2286049256263706,False,5.624168829280138,True,False,True,34.40473612292527,5.5377578695389875,34.38705825219782,34.422413993652725,0.035355741454907275,1.6957790242706148,followup_needed,0,,,False,,,,0,False,,no_prior,,No reliable period. Methods disagree at Tier 2 and Tier 3 could not resolve ambiguity. More observations needed.,sparse,7,1,10.0,0.4019444444566034,medium,"mbls,mhaov,clean",,0
1997 TU21,2026-03-21T04:42:04.396548+00:00,True,5.178839419709855,0.5183909420427173,60.71425317151161,29,,2,383.97611111111473,"Lg,Li,Lr,Lz",False,True,8.527505307191243,2.311792741489554,8.527505307191243,8.527505307191243,33.92191362992062,1.4871688325257537e-09,0.5221425772749998,False,0.7289016355650053,True,False,True,2.311792741489554,1.8587122911507985,2.2946806907058948,2.328904792273213,0.034224101567318144,2.7637600379491127,followup_needed,0,,,False,,,,0,False,,no_prior,,No reliable period. Methods disagree at Tier 2 and Tier 3 could not resolve ambiguity. More observations needed.,sparse,3,1,6.0,0.49027777765877545,medium,"mbls,mhaov,clean",,0
1997 TY7,2026-03-21T04:42:08.322153+00:00,True,0.5816218590420813,0.536089598404872,57.551013916019116,21,,3,242.24277777783573,"Li,Lr,Ly,Lz",False,True,1.24881838863083,1.3174089217362817,1.24881838863083,1.24881838863083,6.059255314745257,0.003637394817757711,0.5639999363769873,False,0.054924345869536366,True,False,True,1.3174089217362817,0.999054710904664,1.3159326640378959,1.3188851794346674,0.002952515396771549,1.3344087975440508,followup_needed,0,,,False,,,,0,False,,no_prior,,No reliable period. Methods disagree at Tier 2 and Tier 3 could not resolve ambiguity. More observations needed.,sparse,5,1,4.0,0.6894444444333203,low,mbls,,0
1997 TY9,2026-03-21T04:42:09.386824+00:00,True,15.58279139569785,0.7871041469997629,56.59544490271106,21,,2,504.6961111110868,"Lg,Li,Lr,Ly,Lz",False,True,12.290883364813578,9.038350966150682,12.290883364813578,12.290883364813578,60.03066067627089,1.9715473698056485e-09,0.31693449145518193,False,0.2646296691720305,True,False,True,9.038350966150682,7.230680772920547,9.020213807021284,9.056488125280081,0.03627431825879768,1.668167114343204,followup_needed,0,,,False,,,,0,False,,no_prior,,No reliable period. Methods disagree at Tier 2 and Tier 3 could not resolve ambiguity. More observations needed.,sparse,6,1,2.5,0.548055555584142,low,mbls,,0
1997 UD22,2026-03-21T04:42:11.065227+00:00,True,0.9349674837418709,0.3145006673002175,23.085490827178848,73,,3,365.65500000002794,"Lg,Li,Lr,Ly,Lz",True,False,0.728226752456113,1.4862128057402875,0.728226752456113,1.4862128057402875,11.45831168370689,3.623785683748437e-07,0.1385129449630731,True,0.020432715996542894,False,,,,,,,,,confirmed,2,1.4862128057402875,,False,246.0,1.4862128057402875,0.030367364170116467,2,False,,no_prior,,"All 3 methods agree (spread=2.0%), p=3.62e-07, sparse regime. Moderate confidence.",sparse,3,1,7.0,1.270277777861338,medium,"mbls,mhaov,clean",,0
1997 UF,2026-03-21T04:42:11.108093+00:00,False,,0.0,114.94224037766868,19,n_obs=19 < min_obs=20,2,915.0397222222527,"Lg,Li,Lr,Lz",,,,,,,,,,,,False,,,,,,,,,t1_rejected,0,,,False,,,,0,False,,no_prior,,Tier 1 failed: n_obs=19 < min_obs=20,sparse,6,1,3.5,0.8915277777705342,low,mbls,,0
1997 VL3,2026-03-21T04:42:12.869200+00:00,True,4.567533766883442,0.7747694388787537,47.20352681071218,26,,3,504.71805555559695,"Lg,Li,Lr,Lz",False,True,9.145771139154105,12.513193513228773,9.145771139154105,9.145771139154105,48.70044606641078,2.48893017307239e-10,0.4177512122748028,False,0.3681944718316834,True,False,True,12.513193513228773,7.659200980749793,12.49484079522378,12.531546231233765,0.036705436009984105,1.0341475001607865,followup_needed,0,,,False,,,,0,False,,no_prior,,No reliable period. Methods disagree at Tier 2 and Tier 3 could not resolve ambiguity. More observations needed.,sparse,6,1,3.5,0.6033333333616611,low,mbls,,0
1997 WM49,2026-03-21T04:42:16.500836+00:00,True,0.5470377130307682,0.6500578744711998,137.61035920199927,23,,2,552.1130555556156,"Lg,Li,Lr,Ly,Lz",False,True,5.14462547415484,26.06733883047091,5.14462547415484,5.14462547415484,8.734195529485463,0.0004216754106020071,0.4541141853665976,False,4.06690700060128,True,False,True,26.06733883047091,5.203126232054929,26.051555574941027,26.08312208600079,0.031566511059764935,1.993322670253993,followup_needed,0,,,False,,,,0,False,,no_prior,,No reliable period. Methods disagree at Tier 2 and Tier 3 could not resolve ambiguity. More observations needed.,sparse,6,1,3.5,1.2536111111403443,low,mbls,,0
1998 AL4,2026-03-21T04:42:17.535109+00:00,True,1.3229114557278638,0.8870379705621393,101.10575546072036,22,,2,915.5127777776797,"Lg,Li,Lr,Lu,Lz",False,True,3.328951432237858,5.23687140012694,3.328951432237858,3.328951432237858,50.431905185734976,3.2813749495375077e-09,0.5206946406227099,False,0.5731294092824679,True,False,True,5.23687140012694,2.8902869291269164,5.226362628086553,5.247380172167327,0.02101754408077383,2.7926144491096734,followup_needed,0,,,False,,,,0,False,,no_prior,,No reliable period. Methods disagree at Tier 2 and Tier 3 could not resolve ambiguity. More observations needed.,sparse,7,1,2.0,0.5605555554502644,low,mbls,,0
1998 BB30,2026-03-21T04:42:17.570338+00:00,False,,0.0,8.252476387483746,15,n_obs=15 < min_obs=20,1,265.69944444444263,"Lg,Li,Lr,Ly,Lz",,,,,,,,,,,,False,,,,,,,,,t1_rejected,0,,,False,,,,0,False,,no_prior,,Tier 1 failed: n_obs=15 < min_obs=20,sparse,7,1,3.0,0.847500000090804,low,mbls,,0
1998 CZ2,2026-03-21T04:42:19.060818+00:00,True,1.9929964982491246,0.8409804579836028,37.763374787154014,21,,3,551.490277777717,"Lg,Li,Lr,Ly,Lz",False,True,3.9857573492334364,22.150718314526685,3.9857573492334364,3.9857573492334364,37.30961596548785,6.356611781388466e-08,0.34742304804181695,False,4.557467847053529,True,False,True,22.150718314526685,3.348569385041603,22.11921618067195,22.182220448381422,0.06300426770947354,5.093612058513421,followup_needed,0,,,False,,,,0,False,,no_prior,,No reliable period. Methods disagree at Tier 2 and Tier 3 could not resolve ambiguity. More observations needed.,sparse,5,1,4.0,1.5141666666604578,low,mbls,,0
1998 DE2,2026-03-21T04:42:19.846142+00:00,True,2.1458229114557277,0.7446548103565067,34.76821472978759,25,,3,551.0272222221829,"Lg,Li,Lr,Ly,Lz",True,False,7.038120844350152,13.013467845960324,7.038120844350152,13.013467845960324,28.691531803361357,4.931107999706086e-08,0.41721857675745105,True,0.07550124999580285,False,,,,,,,,,confirmed,1,13.013467845960324,,False,42.3,13.013467845960324,0.9825330891501924,1,False,,no_prior,,"All 3 methods agree (spread=7.6%), p=4.93e-08, sparse regime. Moderate confidence.",sparse,5,1,4.0,1.9694444445194677,low,mbls,,0
1998 DR17,2026-03-21T04:42:20.822907+00:00,True,15.206603301650826,0.7748402834975867,42.11806733753821,26,,3,552.1144444444799,"Lg,Li,Lr,Ly,Lz",False,True,13.591024963965811,17.92527611755194,13.591024963965811,13.591024963965811,26.760794862245234,5.575791961476284e-08,0.47382825754730484,False,0.3189053927188942,True,False,True,17.92527611755194,14.327394878401417,17.89800315775803,17.952549077345854,0.05454591958782551,1.3780666277957536,followup_needed,0,,,False,,,,0,False,,no_prior,,No reliable period. Methods disagree at Tier 2 and Tier 3 could not resolve ambiguity. More observations needed.,sparse,5,1,5.0,2.0036111111403443,low,mbls,,0
1998 EM13,2026-03-21T04:42:21.758103+00:00,True,1.8754377188594298,0.7047333731460595,114.55687070276245,23,,2,552.1130555556156,"Lg,Li,Lr,Ly,Lz",False,True,3.7499318181931915,21.48268780522305,3.7499318181931915,3.7499318181931915,23.41915366682941,6.276639038516052e-07,0.5842400405840885,False,4.728820908420998,True,False,True,21.48268780522305,3.19057743996103,21.4485046124681,21.516870997978003,0.0683663855099077,1.243230175453075,followup_needed,0,,,False,,,,0,False,,no_prior,,No reliable period. Methods disagree at Tier 2 and Tier 3 could not resolve ambiguity. More observations needed.,sparse,6,1,3.0,1.259166666684905,low,mbls,,0
1998 FB32,2026-03-21T04:42:21.800311+00:00,False,,0.0,36.378711031396705,19,n_obs=19 < min_obs=20,2,553.0869444444543,"Lg,Li,Lr,Ly,Lz",,,,,,,,,,,,False,,,,,,,,,t1_rejected,0,,,False,,,,0,False,,no_prior,,Tier 1 failed: n_obs=19 < min_obs=20,sparse,3,1,8.0,3.4488888888736255,low,mbls,,0
1998 FB49,2026-03-21T04:42:23.342578+00:00,True,0.9467233616808404,0.6842401145382612,268.81034733687346,21,,2,478.5449999998673,"Lg,Li,Lr,Ly,Lz",False,True,1.6897655631819974,2.3699350037705638,1.6897655631819974,1.6897655631819974,24.795966624369555,1.0935380773124947e-06,0.618263798874809,False,0.4025229625980404,True,False,True,2.3699350037705638,2.6949093688360923,2.366544169864513,2.3733258376766146,0.00678166781210221,1.530163006603226,followup_needed,0,,,False,,,,0,False,,no_prior,,No reliable period. Methods disagree at Tier 2 and Tier 3 could not resolve ambiguity. More observations needed.,sparse,7,1,2.0,1.0097222223412246,low,mbls,,0
1998 FC71,2026-03-21T04:42:25.160793+00:00,True,5.29639819909955,0.669395530574767,57.848182309747656,20,,3,551.1425000000163,"Li,Lr,Ly,Lz",True,False,4.434043781436295,4.01461678842917,4.434043781436295,4.434043781436295,17.80389350012541,1.448205656739976e-05,0.1851141833911925,True,0.09459243383275025,False,,,,,,,,,confirmed,1,4.434043781436295,,False,124.3,4.434043781436295,0.41942699300703046,1,False,,no_prior,,"All 3 methods agree (spread=9.5%), p=1.45e-05, sparse regime. Moderate confidence.",sparse,7,1,2.0,0.628611111023929,low,mbls,,0
1998 FD68,2026-03-21T04:42:26.142319+00:00,True,12.302901450725363,0.7548646212697895,71.59340317326644,20,,1,381.6038888889598,"Lg,Li,Lr,Lu,Ly,Lz",False,True,13.180812313459164,6.143499517347871,13.180812313459164,13.180812313459164,133.7032897450439,1.5413670340080898e-11,0.25057691110643254,False,0.5339058495601847,True,False,True,6.143499517347871,4.9312370707809,6.117049726752302,6.1699493079434395,0.05289958119113791,1.5531307216094659,followup_needed,0,,,False,,,,0,False,,no_prior,,No reliable period. Methods disagree at Tier 2 and Tier 3 could not resolve ambiguity. More observations needed.,sparse,4,1,2.0,0.5376388889271766,low,mbls,,0
1998 FM133,2026-03-21T04:42:26.187695+00:00,False,,0.0,13.311635338371527,19,n_obs=19 < min_obs=20,2,335.28861111123115,"Lg,Li,Lr,Ly,Lz",,,,,,,,,,,,False,,,,,,,,,t1_rejected,0,,,False,,,,0,False,,no_prior,,Tier 1 failed: n_obs=19 < min_obs=20,sparse,6,1,3.0,0.9955555555934552,low,mbls,,0
1998 FM68,2026-03-21T04:42:27.260113+00:00,True,1.3934467233616807,0.5699840086195159,62.823408214945374,20,,2,51.21750000002794,"Lg,Li,Lr,Ly,Lz",False,True,0.7075156860105715,0.6216334683661543,0.7075156860105715,0.7075156860105715,10.331065093895454,0.00031882892524637274,0.25757597368127605,False,0.12138560224516713,True,False,True,0.6216334683661543,0.5039597081336314,0.6206550921129457,0.6226118446193629,0.0019567525064171365,2.488598385661425,followup_needed,0,,,False,,,,0,False,,no_prior,,No reliable period. Methods disagree at Tier 2 and Tier 3 could not resolve ambiguity. More observations needed.,sparse,3,1,4.0,1.8991666667279787,low,mbls,,0
1998 FO109,2026-03-21T04:42:27.299203+00:00,False,,0.0,34.162247515675034,19,n_obs=19 < min_obs=20,2,240.77972222218523,"Lg,Li,Lr,Ly,Lz",,,,,,,,,,,,False,,,,,,,,,t1_rejected,0,,,False,,,,0,False,,no_prior,,Tier 1 failed: n_obs=19 < min_obs=20,sparse,6,1,3.0,0.8372222222678829,low,mbls,,0
1998 FO98,2026-03-21T04:42:27.340600+00:00,False,,0.0,11.738133800228834,18,n_obs=18 < min_obs=20,1,359.63805555546423,"Lg,Li,Lr,Lz",,,,,,,,,,,,False,,,,,,,,,t1_rejected,0,,,False,,,,0,False,,no_prior,,Tier 1 failed: n_obs=18 < min_obs=20,sparse,5,1,3.0,0.9322222222108394,low,mbls,,0
1998 FT99,2026-03-21T04:42:28.132919+00:00,True,9.88119059529765,0.946093091208377,20.256763160303446,22,,2,242.0988888888387,"Lg,Li,Lr,Ly,Lz",True,False,19.7793474930196,19.79053681559019,19.7793474930196,19.7793474930196,77.82052686373675,1.0661893590224736e-10,0.3615832224114165,True,0.000565707365955266,False,,,,,,,,,confirmed,1,19.7793474930196,,False,12.2,19.7793474930196,0.011189322570590013,1,False,,no_prior,,"All 3 methods agree (spread=0.1%), p=1.07e-10, sparse regime. Moderate confidence.",sparse,6,1,3.5,1.179444444424007,low,mbls,,0
1998 FV83,2026-03-21T04:42:29.151195+00:00,True,1.6990995497748875,0.8102934420920597,154.5911771377626,27,,3,365.70999999996275,"Lg,Li,Lr,Ly,Lz",False,True,10.391315114042516,13.593358616620748,10.391315114042516,10.391315114042516,85.79797459595697,4.2998937743732313e-13,0.3710188251306302,False,0.3081461265909236,True,False,True,13.593358616620748,8.591080589268596,13.572506479268155,13.61421075397334,0.041704274705185895,1.4483400667865063,followup_needed,0,,,False,,,,0,False,,no_prior,,No reliable period. Methods disagree at Tier 2 and Tier 3 could not resolve ambiguity. More observations needed.,sparse,3,1,8.0,1.2788888888899237,medium,"mbls,mhaov,clean",,0
1998 FX31,2026-03-21T04:42:32.896356+00:00,True,0.10921746122287708,0.4264597481154255,24.920947355437058,30,,3,365.70999999996275,"Lg,Li,Lr,Lu,Lz",False,True,4.675728633178431,13.539633270320309,4.675728633178431,4.675728633178431,8.239378500293045,0.00022095222514706414,0.12086659467386973,False,1.8957269192747281,True,False,True,13.539633270320309,3.7468380619048562,13.512463437670839,13.566803102969779,0.054339665298940076,1.1653374743194458,followup_needed,0,,,False,,,,0,False,,no_prior,,No reliable period. Methods disagree at Tier 2 and Tier 3 could not resolve ambiguity. More observations needed.,sparse,5,1,2.0,0.5894444444566034,medium,"mbls,mhaov,clean",,0
1998 FX47,2026-03-21T04:42:33.869865+00:00,True,1.4169584792396197,0.5162863390623929,144.52782097047856,22,,3,552.0472222222597,"Lg,Li,Lr,Ly,Lz",False,True,11.656740757841408,36.187411311524386,11.656740757841408,11.656740757841408,10.513414167905768,0.00017848282904808777,0.30350842403800493,False,2.1044193281195915,True,False,True,36.187411311524386,11.165520244300264,36.162578891545024,36.21224373150375,0.0496648399587194,13.001942337214865,followup_needed,0,,,False,,,,0,False,,no_prior,,No reliable period. Methods disagree at Tier 2 and Tier 3 could not resolve ambiguity. More observations needed.,sparse,4,1,4.0,1.7644444444449618,low,mbls,,0
1998 FY59,2026-03-21T04:42:34.789335+00:00,True,1.0172586293146573,0.658343201929283,14.888119301463776,20,,3,242.01166666665813,"Li,Lr,Ly,Lz",False,True,0.9374667326994608,5.783381061988147,0.9374667326994608,0.9374667326994608,18.637732668849477,1.096783777709831e-05,0.21959975969659068,False,5.16915871278928,True,False,True,5.783381061988147,1.0910984046134191,5.771775615041015,5.7949865089352794,0.023210893894264117,1.3181062248492081,followup_needed,0,,,False,,,,0,False,,no_prior,,No reliable period. Methods disagree at Tier 2 and Tier 3 could not resolve ambiguity. More observations needed.,sparse,7,1,3.0,0.721111111168284,low,mbls,,0
1998 FZ76,2026-03-21T04:42:35.978234+00:00,True,2.498499249624812,0.5828588925139897,26.84442306715289,20,,2,242.26500000001397,"Li,Lr,Ly,Lz",False,True,5.642342824463249,18.394940175989962,5.642342824463249,5.642342824463249,66.46607246635489,2.3196158327465355e-09,0.44561742291473794,False,2.2601599633814518,True,False,True,18.394940175989962,5.087543897910676,18.358027252559882,18.431853099420042,0.07382584686016003,1.2575214277120679,followup_needed,0,,,False,,,,0,False,,no_prior,,No reliable period. Methods disagree at Tier 2 and Tier 3 could not resolve ambiguity. More observations needed.,sparse,5,1,3.0,0.689722222276032,low,mbls,,0
1998 HC22,2026-03-21T04:42:36.029404+00:00,False,,0.0,24.43646073788368,18,n_obs=18 < min_obs=20,2,407.7933333333931,"Lg,Li,Lr,Ly,Lz",,,,,,,,,,,,False,,,,,,,,,t1_rejected,0,,,False,,,,0,False,,no_prior,,Tier 1 failed: n_obs=18 < min_obs=20,sparse,5,1,4.0,0.7377777777146548,low,mbls,,0
1998 HC95,2026-03-21T04:42:37.542498+00:00,True,4.567533766883442,0.7752609048265653,97.15277462055828,23,,2,504.6961111110868,"Lg,Li,Lr,Ly,Lz",False,True,9.131125624499479,20.89738784030228,9.131125624499479,9.131125624499479,36.87311400387247,1.9218009184029938e-08,0.35946526609606566,False,1.2885883624502732,True,False,True,20.89738784030228,8.47759355639149,20.860855617587774,20.933920063016785,0.07306444542900792,1.9066457065571871,followup_needed,0,,,False,,,,0,False,,no_prior,,No reliable period. Methods disagree at Tier 2 and Tier 3 could not resolve ambiguity. More observations needed.,sparse,6,1,3.5,0.5486111110949423,low,mbls,,0
1998 HJ28,2026-03-21T04:42:38.652821+00:00,True,1.5227613806903453,0.5730718017413057,321.4831005809149,21,,2,915.4902777778334,"Lg,Li,Lr,Lz",False,True,5.967106183423465,15.997638179279214,5.967106183423465,5.967106183423465,8.811305200495084,0.0005872102699026049,1.0287459218589277,False,1.6809709241841115,True,False,True,15.997638179279214,4.773684946738772,15.965535895307418,16.02974046325101,0.06420456794359097,1.1045566373515516,followup_needed,0,,,False,,,,0,False,,no_prior,,No reliable period. Methods disagree at Tier 2 and Tier 3 could not resolve ambiguity. More observations needed.,sparse,6,1,3.0,0.8404166666732635,low,mbls,,0
1998 KE55,2026-03-21T04:42:39.614921+00:00,True,4.355927963981991,0.7324867861497536,77.5159682957265,24,,2,651.1733333333395,"Lg,Li,Lr,Lz",False,True,8.712644636787651,21.579784538950417,8.712644636787651,8.712644636787651,34.902976611554166,1.6456519480456677e-08,0.34107026050119654,False,1.4768351560939363,True,False,True,21.579784538950417,9.499405189273492,21.54599103208333,21.613578045817505,0.06758701373417253,1.1686891077840673,followup_needed,0,,,False,,,,0,False,,no_prior,,No reliable period. Methods disagree at Tier 2 and Tier 3 could not resolve ambiguity. More observations needed.,sparse,5,1,4.0,1.2022222221130505,low,mbls,,0
1998 KG62,2026-03-21T04:42:42.110662+00:00,True,4.743871935967984,0.4890197794243341,3.773433918883109,22,,2,1387.8124999998836,"Lg,Li,Lr,Lz",True,False,9.25922829054232,18.52422032368853,9.25922829054232,18.52422032368853,11.260902806554624,0.00011925320462935485,0.33074148299010453,True,0.0003112431416006868,False,,,,,,,,,confirmed,1,18.52422032368853,,False,74.9,18.52422032368853,0.00576553652924811,1,False,,no_prior,,"All 3 methods agree (spread=0.0%), p=1.19e-04, sparse regime. Moderate confidence.",sparse,11,1,2.0,0.5861111110425554,low,mbls,,0
1998 MJ14,2026-03-21T04:42:44.384591+00:00,True,8.211855927963981,0.6357789264887774,369.03908301114024,21,,1,332.91611111105885,"Lg,Li,Lr,Ly,Lz",False,True,6.1092762605405415,5.353037767789643,6.1092762605405415,6.1092762605405415,14.476522799034631,3.507011877801336e-05,0.4059429913122543,False,0.12378528331338934,True,False,True,5.353037767789643,5.050879905035525,5.344516864955731,5.361558670623555,0.01704180566782565,2.1538960260326654,followup_needed,0,,,False,,,,0,False,,no_prior,,No reliable period. Methods disagree at Tier 2 and Tier 3 could not resolve ambiguity. More observations needed.,sparse,5,1,3.0,0.4108333333279006,low,mbls,,0
1998 MV1,2026-03-21T04:42:45.789459+00:00,True,8.493996998499249,0.82464774921388,77.84980051069931,20,,2,747.5427777777077,"Lg,Li,Lr,Lz",False,True,6.780795532811421,19.97358507529857,6.780795532811421,6.780795532811421,62.41737664251609,3.6103102729612147e-09,0.6189059140600596,False,1.9456108768723293,True,False,True,19.97358507529857,6.331766263414544,19.93350430257222,20.013665848024917,0.08016154545269671,3.990004099422278,followup_needed,0,,,False,,,,0,False,,no_prior,,No reliable period. Methods disagree at Tier 2 and Tier 3 could not resolve ambiguity. More observations needed.,sparse,6,1,2.5,0.6500000000232831,low,mbls,,0
1998 QK112,2026-03-21T04:42:49.952132+00:00,True,0.6025242372178601,0.5632427397482048,16.112741109355536,20,,2,332.56555555562954,"Lg,Li,Lr,Lz",True,False,12.317784895908854,11.835795618793181,12.317784895908854,12.317784895908854,11.387041651737514,0.00018933208073579344,0.17240632987010424,True,0.03912954164962879,False,,,,,,,,,confirmed,-1,12.317784895908854,,False,27.0,12.317784895908854,0.481989277115634,-1,True,"0.5-day alias (12.0hr, Δ=2.6%)",no_prior,,"Period 12.318hr is close to known alias: 0.5-day alias (12.0hr, Δ=2.6%). Independent confirmation required.",sparse,3,1,2.0,0.5688888888107613,low,mbls,,0
1998 QN111,2026-03-21T04:42:50.909302+00:00,True,2.298649324662331,0.7854236363962711,24.727592726321806,23,,2,551.0738888887572,"Lg,Li,Lr,Ly,Lz",False,True,3.459200444670485,25.42525172222657,3.459200444670485,3.459200444670485,27.30612075173623,1.9822770735977713e-07,0.46240598398221777,False,6.350037133983476,True,False,True,25.42525172222657,2.859914213787772,25.40689152846962,25.443611915983517,0.036720387513899055,2.5521016036425976,followup_needed,0,,,False,,,,0,False,,no_prior,,No reliable period. Methods disagree at Tier 2 and Tier 3 could not resolve ambiguity. More observations needed.,sparse,6,1,3.0,0.7681944444193505,low,mbls,,0
1998 QX22,2026-03-21T04:42:51.650861+00:00,True,4.779139569784893,0.49955053025049106,89.04037169304301,23,,2,747.5874999999069,"Lg,Li,Lr,Lz",True,False,10.621278211629988,21.786765006377813,10.621278211629988,21.786765006377813,17.35294716636712,5.42380877499582e-06,0.4184897469573022,True,0.025618789578542345,False,,,,,,,,,confirmed,1,21.786765006377813,,False,34.3,21.786765006377813,0.558150548295543,1,False,,no_prior,,"All 3 methods agree (spread=2.6%), p=5.42e-06, sparse regime. Moderate confidence.",sparse,6,1,4.0,0.8987500000221189,low,mbls,,0
1998 RA39,2026-03-21T04:42:52.626214+00:00,True,2.698349174587294,0.8442796746639815,59.883420186767935,20,,3,407.86388888885267,"Lg,Li,Lr,Lz",True,False,4.40574111092349,4.8468124228876945,4.40574111092349,4.8468124228876945,47.279451285394465,2.4939167064808032e-08,0.3383413240552388,two_of_three,0.0910023482405219,False,,,,,,,,,tentative_2of3,1,4.8468124228876945,,False,84.2,4.8468124228876945,0.4410713119641137,1,False,,no_prior,,"MHAOV+MBLS agree (Greenstreet-equivalent, spread=9.1%), CE disagrees. p=2.49e-08. Publish as tentative (R=1).",sparse,5,1,3.0,0.8538888889015652,low,mbls,,0
1998 SA43,2026-03-21T04:42:53.541000+00:00,True,17.1815907953977,0.7894599638193073,386.18307873953785,21,,3,359.83333333331393,"Li,Lr,Ly,Lz",False,True,6.95484229277026,37.31043985647375,6.95484229277026,6.95484229277026,67.39460650674262,8.302589726838505e-10,0.7723661574790757,False,4.364670870431463,True,False,True,37.31043985647375,7.13627296127731,37.28110029852135,37.33977941442615,0.05867911590479835,5.808323758501441,followup_needed,0,,,False,,,,0,False,,no_prior,,No reliable period. Methods disagree at Tier 2 and Tier 3 could not resolve ambiguity. More observations needed.,sparse,7,1,2.0,0.5644444443751127,low,mbls,,0
1998 SC97,2026-03-21T04:42:54.686473+00:00,True,3.8269134567283642,0.8357601588720299,12.982455518313689,20,,2,483.53166666661855,"Lg,Li,Lr,Lz",False,True,17.21377192762309,7.0672929089966,17.21377192762309,17.21377192762309,37.01188333272755,1.321233825679613e-07,0.2090175338448504,False,0.5894396104054196,True,False,True,7.0672929089966,5.928016928348988,7.032750222854214,7.1018355951389855,0.0690853722847713,1.6383748627555919,followup_needed,0,,,False,,,,0,False,,no_prior,,No reliable period. Methods disagree at Tier 2 and Tier 3 could not resolve ambiguity. More observations needed.,sparse,5,1,5.0,0.9927777777775191,low,mbls,,0
1998 SE71,2026-03-21T04:42:55.456714+00:00,True,2.298649324662331,0.5677677085503035,28.674942916024715,20,,1,551.4130555554293,"Lg,Li,Lr,Ly,Lz",False,False,6.313579388894181,18.93638516490656,6.313579388894181,6.313579388894181,6.826209543362427,0.002450339521585576,0.3842442350747312,False,1.9993105334533947,False,,,,,,,,,t2_rejected,0,,,False,,,,0,False,,no_prior,,No reliable period. Methods disagree at Tier 2 and Tier 3 could not resolve ambiguity. More observations needed.,sparse,5,1,4.0,0.9558333334280178,low,mbls,,0
1998 SM14,2026-03-21T04:42:56.425609+00:00,True,22.342421210605302,0.9460777289750851,213.35453008681748,23,,2,381.759166666714,"Lg,Li,Lr,Ly,Lz",False,True,13.816348195771777,7.7152729832738975,13.816348195771777,13.816348195771777,351.21226117486424,1.1102230246251565e-16,0.42670906017363497,False,0.44158377641094426,True,False,True,7.7152729832738975,11.237912646192964,7.687547869837572,7.742998096710223,0.05545022687265089,3.011062457989116,followup_needed,0,,,False,,,,0,False,,no_prior,,No reliable period. Methods disagree at Tier 2 and Tier 3 could not resolve ambiguity. More observations needed.,sparse,5,1,4.0,0.6577777778729796,medium,"mbls,mhaov,clean",,0
1998 SN133,2026-03-21T04:42:57.873406+00:00,True,2.2633816908454225,0.7782993374405427,27.48499930725807,23,,3,479.7608333333046,"Lg,Li,Lr,Ly,Lz",False,True,4.526712654677133,6.316719961430897,4.526712654677133,4.526712654677133,31.246064474257533,7.041020710918389e-08,0.36005349092508077,False,0.3954320592679723,True,False,True,6.316719961430897,3.8757138448071773,6.307636257107129,6.325803665754664,0.018167408647534522,1.2856195517352778,followup_needed,0,,,False,,,,0,False,,no_prior,,No reliable period. Methods disagree at Tier 2 and Tier 3 could not resolve ambiguity. More observations needed.,sparse,7,1,3.0,1.0763888888759539,low,mbls,,0
1998 SO43,2026-03-21T04:42:59.066783+00:00,True,11.715107553776889,0.5083772821199858,64.2198868199891,47,,3,365.6991666665417,"Lg,Li,Lr,Ly,Lz",False,True,22.55951983994665,18.734244748249417,22.55951983994665,22.55951983994665,20.193251267734954,2.4423379985094584e-09,0.14770573968597492,False,0.16956367506207126,True,False,True,18.734244748249417,15.56383409854567,18.709040360164646,18.759449136334187,0.050408776169540204,1.2867795148035475,followup_needed,0,,,False,,,,0,False,,no_prior,,No reliable period. Methods disagree at Tier 2 and Tier 3 could not resolve ambiguity. More observations needed.,sparse,3,1,5.0,1.2669444444472902,medium,"mbls,mhaov,clean",,0
1998 SO9,2026-03-21T04:42:59.110370+00:00,False,,0.0,56.06187644753146,16,n_obs=16 < min_obs=20,2,551.0969444444636,"Li,Lr,Ly,Lz",,,,,,,,,,,,False,,,,,,,,,t1_rejected,0,,,False,,,,0,False,,no_prior,,Tier 1 failed: n_obs=16 < min_obs=20,sparse,5,1,4.0,0.6297222222201526,low,mbls,,0
1998 ST,2026-03-21T04:42:59.152800+00:00,False,,0.0,113.8968267142851,19,n_obs=19 < min_obs=20,1,408.07472222222714,"Lg,Li,Lr,Ly,Lz",,,,,,,,,,,,False,,,,,,,,,t1_rejected,0,,,False,,,,0,False,,no_prior,,Tier 1 failed: n_obs=19 < min_obs=20,sparse,4,1,5.5,1.4675000000861473,low,mbls,,0
1998 SU90,2026-03-21T04:43:00.312623+00:00,True,7.318409204602301,0.6507609380566577,7.070939178934844,22,,3,289.81583333329763,"Lg,Li,Lr,Lu,Lz",False,True,6.8190100593811405,21.85148697222903,6.8190100593811405,6.8190100593811405,30.926293365017514,1.3372697249547372e-07,0.1534393801828861,False,2.2044954886325474,True,False,True,21.85148697222903,6.330960509980618,21.818783909910216,21.884190034547842,0.06540612463762585,1.896142471962462,followup_needed,0,,,False,,,,0,False,,no_prior,,No reliable period. Methods disagree at Tier 2 and Tier 3 could not resolve ambiguity. More observations needed.,sparse,6,1,3.5,0.7972222222597338,low,mbls,,0
1998 SW52,2026-03-21T04:43:02.292576+00:00,True,13.466733366683343,0.48584437481935744,21.86613984484285,24,,3,191.89916666649515,"Lg,Li,Lr,Ly,Lz",False,True,0.7099746206656731,2.141959939812679,0.7099746206656731,0.7099746206656731,11.875644212039107,5.27834821794082e-05,0.22740785438636563,False,2.01695282826076,True,False,True,2.141959939812679,0.6667587741903712,2.137661692441818,2.1462581871835402,0.008596494741722083,1.4743073686490782,followup_needed,0,,,False,,,,0,False,,no_prior,,No reliable period. Methods disagree at Tier 2 and Tier 3 could not resolve ambiguity. More observations needed.,sparse,6,1,2.5,0.38652777776587754,low,mbls,,0
1998 SX144,2026-03-21T04:43:02.330960+00:00,False,,0.0,37.675124249894836,19,n_obs=19 < min_obs=20,3,311.68138888897374,"Lg,Li,Lr,Ly,Lz",,,,,,,,,,,,False,,,,,,,,,t1_rejected,0,,,False,,,,0,False,,no_prior,,Tier 1 failed: n_obs=19 < min_obs=20,sparse,7,1,2.0,1.0683333333581686,low,mbls,,0
1998 SY146,2026-03-21T04:43:03.937450+00:00,True,1.0055027513756878,0.5795595576788649,75.19940482716743,28,,2,598.5977777777589,"Lg,Li,Lr,Lu,Ly,Lz",False,True,2.0011248357645504,3.116745505519355,2.0011248357645504,2.0011248357645504,19.606529337992125,3.840960786094527e-07,0.26695788713644436,False,0.55749678871384,True,False,True,3.116745505519355,1.6357020396684152,3.110491166712294,3.1229998443264164,0.012508677614122554,2.3807967909166914,followup_needed,0,,,False,,,,0,False,,no_prior,,No reliable period. Methods disagree at Tier 2 and Tier 3 could not resolve ambiguity. More observations needed.,sparse,5,1,2.0,1.2322222221409902,low,mbls,,0
1998 SY31,2026-03-21T04:43:05.207903+00:00,True,0.6961571327296476,0.48168574494994215,12.657513614562271,20,,2,51.22861111111706,"Lg,Li,Lr,Ly,Lz",False,False,0.33293198552864456,1.6358521447677523,0.33293198552864456,0.33293198552864456,4.94309987662377,0.009611608795132232,0.14682715792892234,False,3.913472468457359,False,,,,,,,,,t2_rejected,0,,,False,,,,0,False,,no_prior,,No reliable period. Methods disagree at Tier 2 and Tier 3 could not resolve ambiguity. More observations needed.,sparse,3,1,6.0,1.9102777778171003,low,mbls,,0
1998 SZ26,2026-03-21T04:43:06.159969+00:00,True,3.168584292146073,0.5043980713899914,63.459119755586684,24,,2,552.0463888889062,"Lg,Li,Lr,Ly,Lz",False,True,4.986933425865984,27.374493640618244,4.986933425865984,4.986933425865984,11.65690304088509,5.9582350727116484e-05,0.37440880655796144,False,4.48924385046511,True,False,True,27.374493640618244,4.002889706380723,27.363956491349825,27.385030789886663,0.02107429853684195,1.2751982649602924,followup_needed,0,,,False,,,,0,False,,no_prior,,No reliable period. Methods disagree at Tier 2 and Tier 3 could not resolve ambiguity. More observations needed.,sparse,5,1,4.0,0.9497222222853452,low,mbls,,0
1998 UQ22,2026-03-21T04:43:06.953212+00:00,True,21.4959979989995,0.8248325972818907,29.12059540300752,20,,1,408.12111111095874,"Lg,Li,Lr,Ly,Lz",True,False,15.42818149655021,16.815408162567447,15.42818149655021,15.42818149655021,27.603807247469742,9.205369188025614e-07,0.29994213265097747,True,0.08991511192212356,False,,,,,,,,,confirmed,1,15.42818149655021,,False,26.5,15.42818149655021,1.387226666017148,1,False,,no_prior,,"All 3 methods agree (spread=9.0%), p=9.21e-07, sparse regime. Moderate confidence.",sparse,4,1,5.5,1.179583333345363,low,mbls,,0
1998 VV15,2026-03-21T04:43:07.757523+00:00,True,2.4279639819909953,0.6811590183835866,178.0884695378278,20,,1,551.5866666666116,"Lg,Li,Lr,Ly,Lz",False,False,6.412592320668503,23.618420038628848,6.412592320668503,6.412592320668503,8.221414831319048,0.001018743093172625,0.49864771470591784,False,2.683131385493095,False,,,,,,,,,t2_rejected,0,,,False,,,,0,False,,no_prior,,No reliable period. Methods disagree at Tier 2 and Tier 3 could not resolve ambiguity. More observations needed.,sparse,6,1,3.0,1.7394444444507826,low,mbls,,0
1998 VX42,2026-03-21T04:43:07.796294+00:00,False,,0.0,8.748651663850277,19,n_obs=19 < min_obs=20,1,407.44944444444263,"Lg,Li,Lr,Ly,Lz",,,,,,,,,,,,False,,,,,,,,,t1_rejected,0,,,False,,,,0,False,,no_prior,,Tier 1 failed: n_obs=19 < min_obs=20,sparse,7,1,4.0,0.6216666665277444,low,mbls,,0
1998 WE20,2026-03-21T04:43:09.192594+00:00,True,9.152326163081542,0.5718960711909823,18.003331356672476,23,,2,504.77388888888527,"Lg,Li,Lr,Lz",False,True,3.5097110609936797,1.5832988925391562,3.5097110609936797,3.5097110609936797,21.705288233473368,1.0977428560599023e-06,0.15842931593871779,False,0.5488805588197232,True,False,True,1.5832988925391562,3.5073634281769612,1.5762559940890022,1.5903417909893103,0.01408579690030809,2.9582648466549566,followup_needed,0,,,False,,,,0,False,,no_prior,,No reliable period. Methods disagree at Tier 2 and Tier 3 could not resolve ambiguity. More observations needed.,sparse,5,1,4.0,0.8133333332953043,low,mbls,,0
1998 WH46,2026-03-21T04:43:11.247560+00:00,True,4.685092546273137,0.1550828855780284,4.906554062622827,97,,3,289.0527777778334,"Lg,Li,Lr",False,True,7.328523748040029,2.9987956923125596,7.328523748040029,7.328523748040029,6.877846351039289,6.87803910868201e-05,0.6084127037652305,False,0.5908049430671272,True,False,True,2.9987956923125596,2.4511895224120055,2.984089624590741,3.0135017600343783,0.02941213544363741,2.2376390310473844,followup_needed,0,,,False,,,,0,False,,no_prior,,No reliable period. Methods disagree at Tier 2 and Tier 3 could not resolve ambiguity. More observations needed.,sparse,7,1,14.0,1.9058333333814517,medium,"mbls,mhaov,clean",,0
1998 WL9,2026-03-21T04:43:12.251213+00:00,True,4.132566283141571,0.8434378456087047,13.452272805393452,21,,3,242.01305555569706,"Lg,Li,Lr,Ly,Lz",False,True,4.137243388283005,9.25224778944991,4.137243388283005,4.137243388283005,28.048968330336642,4.7112963608153535e-07,0.3578304566234658,False,1.236331518627055,True,False,True,9.25224778944991,3.4703031497704937,9.233681405925932,9.270814172973889,0.03713276704795554,3.0278274744328466,followup_needed,0,,,False,,,,0,False,,no_prior,,No reliable period. Methods disagree at Tier 2 and Tier 3 could not resolve ambiguity. More observations needed.,sparse,6,1,3.0,0.9030555556237232,low,mbls,,0
1998 XH18,2026-03-21T04:43:14.277406+00:00,True,2.4397198599299648,0.6988404490375836,12.491478631301039,24,,2,549.7869444443495,"Lg,Li,Lr,Ly,Lz",True,False,4.469081545085582,4.114773476249313,4.469081545085582,4.469081545085582,15.650115932043509,8.04505730001015e-06,0.24733127689976053,True,0.0792798397750884,False,,,,,,,,,confirmed,1,4.469081545085582,,False,123.0,4.469081545085582,0.3543080688361895,1,False,,no_prior,,"All 3 methods agree (spread=7.9%), p=8.05e-06, sparse regime. Moderate confidence.",sparse,5,1,3.0,0.9558333334280178,low,mbls,,0
1998 XH23,2026-03-21T04:43:15.438313+00:00,True,1.3346673336668333,0.7210011365570306,71.57596805152293,23,,2,672.5697222221643,"Lg,Li,Lr,Lu,Lz",False,True,14.668644989507472,18.988824284968857,14.668644989507472,14.668644989507472,26.2099998649139,2.703800360270847e-07,0.5010317763606605,False,0.2945179529909769,True,False,True,18.988824284968857,11.911528439640183,18.959388876963153,19.01825969297456,0.05887081601140309,1.0751250410345208,followup_needed,0,,,False,,,,0,False,,no_prior,,No reliable period. Methods disagree at Tier 2 and Tier 3 could not resolve ambiguity. More observations needed.,sparse,7,1,2.0,0.5736111112637445,low,mbls,,0
1998 XH45,2026-03-21T04:43:16.678254+00:00,True,1.663831915957979,0.6830555789674411,40.284733739070475,21,,3,264.8411111111054,"Lg,Li,Lr,Lz",False,True,4.996518771870984,3.111350840267622,4.996518771870984,4.996518771870984,30.682285356487412,2.528637482734908e-07,0.19739519532144534,False,0.3772962772032315,True,False,True,3.111350840267622,2.971912374516498,3.101324381193634,3.12137729934161,0.02005291814797605,1.956055010256679,followup_needed,0,,,False,,,,0,False,,no_prior,,No reliable period. Methods disagree at Tier 2 and Tier 3 could not resolve ambiguity. More observations needed.,sparse,6,1,3.5,0.8001388888224028,low,mbls,,0
1998 XK17,2026-03-21T04:43:17.788345+00:00,True,1.0055027513756878,0.8957213464005482,156.07348315302005,20,,2,915.4133333332138,"Lg,Li,Lr,Lu,Lz",False,True,5.6037219911262675,18.397612171713007,5.6037219911262675,5.6037219911262675,34.21477713686067,2.2371444219349002e-07,0.4370057528284561,False,2.2831058001885403,True,False,True,18.397612171713007,4.94776791189744,18.360693886418602,18.434530457007412,0.07383657058880644,1.0721535220243696,followup_needed,0,,,False,,,,0,False,,no_prior,,No reliable period. Methods disagree at Tier 2 and Tier 3 could not resolve ambiguity. More observations needed.,sparse,7,1,2.0,0.5752777777961455,low,mbls,,0
1998 XW26,2026-03-21T04:43:19.176266+00:00,True,3.967983991995998,0.5796567502268641,244.39174049427652,24,,1,239.5894444445148,"Lg,Li,Lr",False,True,0.9021078235079534,2.0820311080655967,0.9021078235079534,0.9021078235079534,13.936413280069965,1.8062610636748744e-05,1.258617463545524,False,1.3079625891814834,True,False,True,2.0820311080655967,0.9196069050341946,2.0778531192199803,2.086209096911213,0.008355977691232752,3.3945916880201326,followup_needed,0,,,False,,,,0,False,,no_prior,,No reliable period. Methods disagree at Tier 2 and Tier 3 could not resolve ambiguity. More observations needed.,sparse,5,1,6.0,0.22777777776354924,low,mbls,,0
1998 YV3,2026-03-21T04:43:23.427291+00:00,True,0.6059005619482066,0.5656656835166974,46.289220293582,30,,3,533.4825000000419,"Lg,Li,Lr,Ly,Lz",False,True,1.1636444968220145,4.467940309178958,1.1636444968220145,1.1636444968220145,13.580539560607903,5.155766672038098e-06,0.1643267320422161,False,2.839609366415895,True,False,True,4.467940309178958,1.393259966094586,4.458974542672245,4.47690607568567,0.017931533013424428,1.0594357018217844,followup_needed,0,,,False,,,,0,False,,no_prior,,No reliable period. Methods disagree at Tier 2 and Tier 3 could not resolve ambiguity. More observations needed.,sparse,4,1,4.5,0.8777777778741438,medium,"mbls,mhaov,clean",,0
1999 AD6,2026-03-21T04:43:24.259944+00:00,True,4.273636818409205,0.6876716352832054,19.557389449707728,28,,3,550.2377777777729,"Lg,Li,Lr,Ly,Lz",True,False,4.335296367960794,8.843382788728524,4.335296367960794,8.843382788728524,25.956848353466416,3.0942670092848346e-08,0.1799279829373111,True,0.019928286112558487,False,,,,,,,,,confirmed,1,8.843382788728524,,False,62.2,8.843382788728524,0.17623346241665738,1,False,,no_prior,,"All 3 methods agree (spread=2.0%), p=3.09e-08, sparse regime. Moderate confidence.",sparse,6,1,3.0,0.5547222222376149,low,mbls,,0
1999 AR23,2026-03-21T04:43:24.300579+00:00,False,,0.0,131.9498911179117,18,n_obs=18 < min_obs=20,2,483.6861111111939,"Lg,Li,Lr,Lu,Lz",,,,,,,,,,,,False,,,,,,,,,t1_rejected,0,,,False,,,,0,False,,no_prior,,Tier 1 failed: n_obs=18 < min_obs=20,sparse,6,1,3.0,0.8343055556179024,low,mbls,,0
1999 AY27,2026-03-21T04:43:25.626345+00:00,True,8.44697348674337,0.49630105345592807,38.746847961690655,26,,3,270.58388888882473,"Lg,Li,Lr,Lz",True,False,6.535794559329526,7.110110723377883,6.535794559329526,6.535794559329526,18.4876124545455,1.2087023960605237e-06,0.20342095179887593,True,0.08787243216334895,False,,,,,,,,,confirmed,1,6.535794559329526,,False,41.4,6.535794559329526,0.5743161640482689,1,False,,no_prior,,"All 3 methods agree (spread=8.8%), p=1.21e-06, sparse regime. Moderate confidence.",sparse,4,1,2.5,0.6309722222504206,low,mbls,,0
1999 BG24,2026-03-21T04:43:25.667526+00:00,False,,0.0,30.42481738147379,16,n_obs=16 < min_obs=20,1,651.7261111111147,"Lg,Li,Lr,Lz",,,,,,,,,,,,False,,,,,,,,,t1_rejected,0,,,False,,,,0,False,,no_prior,,Tier 1 failed: n_obs=16 < min_obs=20,sparse,6,1,2.5,0.6509722222981509,low,mbls,,0
1999 BL24,2026-03-21T04:43:27.479368+00:00,True,0.9232116058029014,0.7479013218535834,106.74250967443375,21,,2,145.38138888875255,"Lg,Li,Lr,Lu,Ly,Lz",False,True,2.9366117743014524,8.820793323148667,2.9366117743014524,2.9366117743014524,16.278118630456316,1.7012821601936068e-05,0.24550777225119763,False,2.0037315113758654,True,False,True,8.820793323148667,2.3807180404370305,8.803092734540343,8.838493911756991,0.03540117721664693,1.6730432825467214,followup_needed,0,,,False,,,,0,False,,no_prior,,No reliable period. Methods disagree at Tier 2 and Tier 3 could not resolve ambiguity. More observations needed.,sparse,4,1,5.5,1.1554166666173842,low,mbls,,0
1999 BP24,2026-03-21T04:43:28.425906+00:00,True,8.588044022011006,0.6164466484922652,80.47582533863914,24,,3,915.2055555555853,"Lg,Li,Lr,Lz",False,True,6.344170209479532,37.8319902698932,6.344170209479532,6.344170209479532,16.9260937696522,4.591869380399238e-06,0.1971657720796659,False,4.963268484404665,True,False,True,37.8319902698932,6.3059778804592534,37.80055753302406,37.86342300676233,0.06286547373826679,1.4660346138398699,followup_needed,0,,,False,,,,0,False,,no_prior,,No reliable period. Methods disagree at Tier 2 and Tier 3 could not resolve ambiguity. More observations needed.,sparse,7,1,4.0,0.8141666666488163,low,mbls,,0
1999 CB97,2026-03-21T04:43:28.466751+00:00,False,,0.0,26.595737593023408,19,n_obs=19 < min_obs=20,1,550.4911111111287,"Lg,Li,Lr,Ly,Lz",,,,,,,,,,,,False,,,,,,,,,t1_rejected,0,,,False,,,,0,False,,no_prior,,Tier 1 failed: n_obs=19 < min_obs=20,sparse,4,1,4.5,1.462916666729143,low,mbls,,0
1999 CJ31,2026-03-21T04:43:29.802996+00:00,True,1.6285642821410706,0.5921955040551938,40.652135338400356,20,,1,341.4269444445963,"Lg,Li,Lr,Ly,Lz",True,False,7.056468867637969,6.770250499046248,7.056468867637969,7.056468867637969,34.43182750717757,2.144671333859094e-07,0.2967605879703226,True,0.04056113248147689,False,,,,,,,,,confirmed,1,7.056468867637969,,False,48.4,7.056468867637969,0.2862183685916809,1,False,,no_prior,,"All 3 methods agree (spread=4.1%), p=2.14e-07, sparse regime. Moderate confidence.",sparse,5,1,4.0,0.5216666665510274,low,mbls,,0
1999 CJ54,2026-03-21T04:43:30.934934+00:00,True,1.5227613806903453,0.8872267352643628,47.46781743983956,20,,3,266.1080555555527,"Lg,Li,Lr,Ly,Lz",False,True,1.7420725718462677,8.960221705680425,1.7420725718462677,1.7420725718462677,39.03908728845167,9.219402685722855e-08,0.3631288034147726,False,4.143426198473546,True,False,True,8.960221705680425,1.6267112443460803,8.942241327675717,8.978202083685133,0.03596075600941617,3.059402698770594,followup_needed,0,,,False,,,,0,False,,no_prior,,No reliable period. Methods disagree at Tier 2 and Tier 3 could not resolve ambiguity. More observations needed.,sparse,7,1,3.0,0.6883333334117197,low,mbls,,0
1999 CL111,2026-03-21T04:43:32.646822+00:00,True,1.0995497748874437,0.6645095991577824,28.116531147995456,36,,3,365.6991666665417,"Lg,Li,Lr,Lu,Ly,Lz",False,True,0.914021964413886,20.28349057795556,0.914021964413886,0.914021964413886,32.040417771553436,1.3101875140364427e-10,0.1194952573789807,False,21.191469535353125,True,False,True,20.28349057795556,1.096826357296663,20.244494553519264,20.32248660239186,0.07799204887259492,11.959119706853446,followup_needed,0,,,False,,,,0,False,,no_prior,,No reliable period. Methods disagree at Tier 2 and Tier 3 could not resolve ambiguity. More observations needed.,sparse,3,1,5.0,1.2905555554898456,medium,"mbls,mhaov,clean",,0
1999 CR11,2026-03-21T04:43:33.992735+00:00,True,1.1700850425212606,0.32210783629720163,7.7272166587682,62,,2,193.37750000000233,"Lg,Li,Lr,Lu",False,True,1.7485945463506662,6.334393140368084,1.7485945463506662,1.7485945463506662,11.205101456772322,8.931696505731779e-07,0.3013614496919598,False,2.622562562364958,True,False,True,6.334393140368084,1.4058934078351177,6.321681983564671,6.347104297171496,0.025422313606824787,1.5878628282198095,followup_needed,0,,,False,,,,0,False,,no_prior,,No reliable period. Methods disagree at Tier 2 and Tier 3 could not resolve ambiguity. More observations needed.,dense,3,1,28.0,0.9352777777821757,high,"gls,mbls,mhaov,ce,clean",,0
1999 FA63,2026-03-21T04:43:34.039264+00:00,False,,0.0,41.20823357799525,18,n_obs=18 < min_obs=20,2,336.88944444438675,"Lg,Li,Lr,Lu,Ly,Lz",,,,,,,,,,,,False,,,,,,,,,t1_rejected,0,,,False,,,,0,False,,no_prior,,Tier 1 failed: n_obs=18 < min_obs=20,sparse,5,1,5.0,1.4988888888037764,low,mbls,,0
1999 FE2,2026-03-21T04:43:34.100144+00:00,False,,0.0,54.46484716194704,17,n_obs=17 < min_obs=20,2,405.26333333342336,"Lg,Li,Lr,Lu,Ly",,,,,,,,,,,,False,,,,,,,,,t1_rejected,0,,,False,,,,0,False,,no_prior,,Tier 1 failed: n_obs=17 < min_obs=20,sparse,5,1,2.0,0.5241666666115634,low,mbls,,0
1999 FK6,2026-03-21T04:43:35.076894+00:00,True,2.5925462731365685,0.6685548713107313,87.63583688453495,21,,2,747.2988888889086,"Lg,Li,Lr,Lu,Lz",False,True,2.60166512065636,8.657121575125675,2.60166512065636,2.60166512065636,39.12753399419984,4.5218751631992404e-08,0.4381791844226748,False,2.3275310901424886,True,False,True,8.657121575125675,2.331927265337473,8.6397494248077,8.67449372544365,0.0347443006359498,2.5017597622437595,followup_needed,0,,,False,,,,0,False,,no_prior,,No reliable period. Methods disagree at Tier 2 and Tier 3 could not resolve ambiguity. More observations needed.,sparse,5,1,4.0,1.6119444444193505,low,mbls,,0
1999 FS23,2026-03-21T04:43:39.560716+00:00,True,1.5137812001946305,0.6846362382451336,139.82799505570043,22,,1,551.0738888887572,"Lg,Li,Lr,Ly,Lz",False,True,4.259241191472295,23.650482315713038,4.259241191472295,4.259241191472295,15.394429820872652,1.7102493071408098e-05,0.4124925854143162,False,4.55274548975077,True,False,True,23.650482315713038,3.492862676083635,23.624999301595505,23.67596532983057,0.050966028235066574,1.327255816681285,followup_needed,0,,,False,,,,0,False,,no_prior,,No reliable period. Methods disagree at Tier 2 and Tier 3 could not resolve ambiguity. More observations needed.,sparse,6,1,2.5,0.7681944444193505,low,mbls,,0
1999 FY10,2026-03-21T04:43:48.551508+00:00,True,0.06241200940147108,0.20680225983213546,15.932457742623273,48,,3,365.6991666665417,"Lg,Li,Lr,Ly,Lz",False,True,0.08229497914509873,0.08229497914509873,0.08229497914509873,0.08229497914509873,3.984021897929511,0.0077579159514379326,0.15135834855492108,False,0.0,True,False,True,0.08229497914509873,0.0680378556677873,0.0821298387187206,0.08246011957147686,0.00033028085275625674,3.3241531556340185,followup_needed,0,,,False,,,,0,False,,no_prior,,No reliable period. Methods disagree at Tier 2 and Tier 3 could not resolve ambiguity. More observations needed.,sparse,3,1,6.0,1.2669444444472902,medium,"mbls,mhaov,clean",,0
1999 GG18,2026-03-21T04:43:49.921754+00:00,True,4.344172086043022,0.7632912276032563,142.18405252666975,20,,2,484.23722222226206,"Lg,Li,Lr,Lz",False,True,18.174746611620563,10.608329424682323,18.174746611620563,18.174746611620563,23.362647104746625,2.687440295967569e-06,0.3767877391956748,False,0.41631486527025424,True,False,True,10.608329424682323,11.651422685838376,10.571858361247635,10.64480048811701,0.07294212686937485,1.9643968410982227,followup_needed,0,,,False,,,,0,False,,no_prior,,No reliable period. Methods disagree at Tier 2 and Tier 3 could not resolve ambiguity. More observations needed.,sparse,5,1,3.0,1.0491666667512618,low,mbls,,0
1999 GN6,2026-03-21T04:43:58.801949+00:00,True,0.07053352666909708,0.37640041767990934,18.622172068096248,24,,3,381.759166666714,"Lg,Li,Lr,Ly,Lz",True,False,0.06310750658733735,0.1262150131746747,0.06310750658733735,0.1262150131746747,12.072775402640028,4.7384516680515354e-05,0.05400429899747912,True,0.0,False,,,,,,,,,confirmed,1,0.1262150131746747,,False,3024.7,0.1262150131746747,0.0,1,False,,no_prior,,"All 3 methods agree (spread=0.0%), p=4.74e-05, sparse regime. Moderate confidence.",sparse,4,1,2.0,0.5906944444868714,low,mbls,,0
1999 GP34,2026-03-21T04:43:58.839000+00:00,False,,0.0,184.1229457301683,18,n_obs=18 < min_obs=20,2,914.8497222221922,"Lg,Li,Lr,Lu,Lz",,,,,,,,,,,,False,,,,,,,,,t1_rejected,0,,,False,,,,0,False,,no_prior,,Tier 1 failed: n_obs=18 < min_obs=20,sparse,8,1,2.0,0.5694444444088731,low,mbls,,0
1999 GT52,2026-03-21T04:44:03.492755+00:00,True,1.4955477771001433,0.8578888709768897,32.889293116380806,24,,3,479.77194444439374,"Lg,Li,Lr,Ly,Lz",True,False,2.1755025872047664,4.310730932388872,2.1755025872047664,4.310730932388872,104.37723635549207,1.180278097479004e-12,0.38973812342911257,True,0.009256307544179566,False,,,,,,,,,confirmed,1,4.310730932388872,,False,111.3,4.310730932388872,0.03990145125039933,1,False,,no_prior,,"All 3 methods agree (spread=0.9%), p=1.18e-12, sparse regime. Moderate confidence.",sparse,6,1,4.0,0.7822222221584525,low,mbls,,0
1999 JB66,2026-03-21T04:44:04.650492+00:00,True,3.6975987993997,0.5979970615571162,359.4581025528161,21,,2,747.5980555554852,"Lg,Li,Lr,Lu,Lz",False,True,3.698986808138158,17.508025081997552,3.698986808138158,3.698986808138158,17.81194758012252,9.635791304973829e-06,0.8626994461267586,False,3.7331947882253407,True,False,True,17.508025081997552,2.9641379238458283,17.472891921297894,17.54315824269721,0.07026632139931266,1.4132770854883387,followup_needed,0,,,False,,,,0,False,,no_prior,,No reliable period. Methods disagree at Tier 2 and Tier 3 could not resolve ambiguity. More observations needed.,sparse,6,1,3.0,0.9888888889399823,low,mbls,,0
1999 JH37,2026-03-21T04:44:04.706023+00:00,False,,0.0,120.03040843703864,19,n_obs=19 < min_obs=20,1,526.1841666667024,"Lg,Li,Lr,Ly,Lz",,,,,,,,,,,,False,,,,,,,,,t1_rejected,0,,,False,,,,0,False,,no_prior,,Tier 1 failed: n_obs=19 < min_obs=20,sparse,7,1,3.0,0.7025000000721775,low,mbls,,0
1999 JJ113,2026-03-21T04:44:08.976421+00:00,True,0.2984845912432735,0.7320743313150214,68.09536349216658,27,,2,365.67694444436347,"Lg,Lr,Lu,Ly,Lz",False,True,0.5896835841911453,6.75450901975708,0.5896835841911453,0.5896835841911453,19.847004601880307,4.826822495029859e-07,0.14300026333354982,False,10.454463378036243,True,False,True,6.75450901975708,0.47411349043328205,6.740954821055228,6.768063218458932,0.027108397403704743,2.1264097372557385,followup_needed,0,,,False,,,,0,False,,no_prior,,No reliable period. Methods disagree at Tier 2 and Tier 3 could not resolve ambiguity. More observations needed.,sparse,3,1,3.0,0.6186111111310311,medium,"mbls,mhaov,clean",,0
1999 JJ118,2026-03-21T04:44:09.935855+00:00,True,1.9224612306153077,0.6578174246391714,55.20217925429642,22,,2,313.7861111111124,"Lg,Li,Lr,Ly,Lz",False,True,3.3845154279373766,11.810953930616527,3.3845154279373766,3.3845154279373766,33.96969984900034,6.669208563181428e-08,0.4581780878106603,False,2.489703085150946,True,False,True,11.810953930616527,2.8298623979409503,11.78725301971897,11.834654841514086,0.047401821795116206,2.2988296906373193,followup_needed,0,,,False,,,,0,False,,no_prior,,No reliable period. Methods disagree at Tier 2 and Tier 3 could not resolve ambiguity. More observations needed.,sparse,6,1,3.0,0.8263888889341615,low,mbls,,0
1999 JO51,2026-03-21T04:44:14.222353+00:00,True,0.46859694119035994,0.7899141752438356,95.54211331222548,25,,2,552.0897222222411,"Lg,Li,Lr,Ly,Lz",False,True,4.365250690136797,3.686467827134941,4.365250690136797,4.365250690136797,48.96138287682544,4.699437505806259e-10,0.42038529857379214,False,0.1554968800612982,True,False,True,3.686467827134941,3.057672311469784,3.6795938005949105,3.6933418536749714,0.013748053080060885,2.1409580880111005,followup_needed,0,,,False,,,,0,False,,no_prior,,No reliable period. Methods disagree at Tier 2 and Tier 3 could not resolve ambiguity. More observations needed.,sparse,5,1,2.0,0.5936111112241633,low,mbls,,0
1999 JP84,2026-03-21T04:44:16.079579+00:00,True,1.7696348174087044,0.7092839287133029,47.31831025055677,21,,2,455.1849999999977,"Lg,Li,Lr,Ly,Lz",False,True,16.83317841087705,6.150301987496977,16.83317841087705,16.83317841087705,48.196684811509265,9.975617887292287e-09,0.27917803047828493,False,0.6346321629001753,True,False,True,6.150301987496977,4.920241589997582,6.116523034164114,6.1840809408298405,0.06755790666572636,1.363612909166137,followup_needed,0,,,False,,,,0,False,,no_prior,,No reliable period. Methods disagree at Tier 2 and Tier 3 could not resolve ambiguity. More observations needed.,sparse,7,1,3.0,0.6144444445380941,low,mbls,,0
1999 JQ95,2026-03-21T04:44:17.511655+00:00,True,2.4044522261130563,0.5563759430639714,118.41784200594451,23,,2,552.1041666667443,"Lg,Li,Lr,Ly,Lz",False,True,4.391957110280558,6.3703317335847895,4.391957110280558,4.391957110280558,17.894315699191406,4.375585524463155e-06,0.3078863892154557,False,0.45045399434180794,True,False,True,6.3703317335847895,3.678080469612882,6.361518441724694,6.379145025444885,0.017626583720191213,1.851119556622934,followup_needed,0,,,False,,,,0,False,,no_prior,,No reliable period. Methods disagree at Tier 2 and Tier 3 could not resolve ambiguity. More observations needed.,sparse,5,1,4.0,1.9694444445194677,low,mbls,,0
1999 JW84,2026-03-21T04:44:18.551872+00:00,True,2.874687343671836,0.5531411895944579,181.74599500949645,20,,1,552.0919444444589,"Lg,Li,Lr,Ly,Lz",False,True,16.26097055221371,18.631933226952945,16.26097055221371,16.26097055221371,25.21437852590456,1.6519200501941e-06,0.9541664737998564,False,0.14580695950010902,True,False,True,18.631933226952945,13.030530248529784,18.60554463582501,18.658321818080882,0.052777182255873356,1.3297697805423474,followup_needed,0,,,False,,,,0,False,,no_prior,,No reliable period. Methods disagree at Tier 2 and Tier 3 could not resolve ambiguity. More observations needed.,sparse,5,1,5.0,1.6005555554875173,low,mbls,,0
1999 JY43,2026-03-21T04:44:19.570029+00:00,True,1.3934467233616807,0.7676589368208224,48.896754788831004,21,,2,242.01305555569706,"Lg,Li,Lr,Ly,Lz",False,True,5.2361884133405505,17.25665201338286,5.2361884133405505,5.2361884133405505,60.86931133595417,1.777979652395345e-09,0.3031598796907522,False,2.2956514646063457,True,False,True,17.25665201338286,4.371079023310373,17.222023280245637,17.29128074652008,0.0692574662744434,1.6157423265102318,followup_needed,0,,,False,,,,0,False,,no_prior,,No reliable period. Methods disagree at Tier 2 and Tier 3 could not resolve ambiguity. More observations needed.,sparse,5,1,4.0,0.9644444444566034,low,mbls,,0
1999 NH54,2026-03-21T04:44:20.530890+00:00,True,9.740120060030016,0.6135229630545826,23.234889078090323,22,,2,528.8936111111543,"Lg,Li,Lr,Ly,Lz",False,True,4.4969233533071975,9.906342300860334,4.4969233533071975,4.4969233533071975,10.343967989705567,0.00019609094681838357,0.15683550127710968,False,1.2029155319210978,True,False,True,9.906342300860334,3.7599693589525067,9.886463353099412,9.926221248621257,0.039757895521844944,1.341169025126423,followup_needed,0,,,False,,,,0,False,,no_prior,,No reliable period. Methods disagree at Tier 2 and Tier 3 could not resolve ambiguity. More observations needed.,sparse,5,1,4.0,2.003055555629544,low,mbls,,0
1999 OE4,2026-03-21T04:44:21.931187+00:00,True,11.021510755377689,0.6914038287701005,5.092551716571599,20,,2,3260.808611111075,"Lg,Li,Lr,Lz",False,True,5.861644192517562,10.523371152384545,5.861644192517562,5.861644192517562,34.81949878725666,1.9900780023895948e-07,0.5886989784356769,False,0.7952934034817264,True,False,True,10.523371152384545,4.861831972389148,10.502254019637288,10.544488285131802,0.04223426549451581,1.0410269253563473,followup_needed,0,,,False,,,,0,False,,no_prior,,No reliable period. Methods disagree at Tier 2 and Tier 3 could not resolve ambiguity. More observations needed.,sparse,9,2,2.0,0.20777777780313045,low,mbls,,0
1999 OF4,2026-03-21T04:44:23.479307+00:00,True,7.212606303151576,0.5238200144579858,4.381784935638383,23,,3,3066.9338888887432,"Lg,Li,Lr,Lz",False,True,10.099224996740963,3.8900427436094125,10.099224996740963,10.099224996740963,12.612090669425779,4.590865729314775e-05,0.536768654615702,False,0.6148176969158178,True,False,True,3.8900427436094125,10.362683040134206,3.8697767402714716,3.9103087469473534,0.04053200667588186,1.0049911124806552,followup_needed,0,,,False,,,,0,False,,no_prior,,No reliable period. Methods disagree at Tier 2 and Tier 3 could not resolve ambiguity. More observations needed.,sparse,15,2,1.0,0.0,low,mbls,,0
1999 RA73,2026-03-21T04:44:24.399971+00:00,True,0.9584792396198099,0.3927078595772832,122.6823692636697,20,,3,332.84583333326736,"Lg,Li,Lr,Ly,Lz",False,True,5.4536599743686445,7.07445419942382,5.4536599743686445,5.4536599743686445,67.37663209897711,2.10728412497474e-09,0.4109859370332935,False,0.2971938537921982,True,False,True,7.07445419942382,4.362927979494915,7.063510400144151,7.085397998703489,0.021887598559338528,3.452054148895141,followup_needed,0,,,False,,,,0,False,,no_prior,,No reliable period. Methods disagree at Tier 2 and Tier 3 could not resolve ambiguity. More observations needed.,sparse,3,1,9.0,0.4108333333279006,low,mbls,,0
1999 RC231,2026-03-21T04:44:24.437195+00:00,False,,0.0,102.71085073952469,18,n_obs=18 < min_obs=20,3,190.884166666714,"Lg,Li,Lr,Lz",,,,,,,,,,,,False,,,,,,,,,t1_rejected,0,,,False,,,,0,False,,no_prior,,Tier 1 failed: n_obs=18 < min_obs=20,sparse,5,1,3.0,0.49166666669771075,low,mbls,,0
1999 RD123,2026-03-21T04:44:25.471556+00:00,True,2.851175587793897,0.57573841682316,18.32468961108569,20,,2,454.56583333335584,"Lg,Li,Lr,Ly,Lz",False,True,1.3141200229744503,3.3638303940329957,1.3141200229744503,1.3141200229744503,11.515291144060368,0.00017814065549892621,0.2308910890996797,False,1.5597588768319353,True,False,True,3.3638303940329957,2.857568294596592,3.3570802327071774,3.370580555358814,0.013500322651636587,2.7539150337001725,followup_needed,0,,,False,,,,0,False,,no_prior,,No reliable period. Methods disagree at Tier 2 and Tier 3 could not resolve ambiguity. More observations needed.,sparse,7,1,3.0,0.6352777778520249,low,mbls,,0
1999 RD179,2026-03-21T04:44:26.615935+00:00,True,3.650575287643822,0.7346992297044103,54.5553376510684,22,,2,389.109444444417,"Lg,Li,Lr,Ly,Lz",False,True,3.763236820143984,14.262739134655693,3.763236820143984,3.763236820143984,41.05569137190168,1.598300314320511e-08,0.35460969473194465,False,2.790019022535818,True,False,True,14.262739134655693,3.6348588416641556,14.23411825344903,14.291360015862356,0.05724176241332657,1.1565846702859703,followup_needed,0,,,False,,,,0,False,,no_prior,,No reliable period. Methods disagree at Tier 2 and Tier 3 could not resolve ambiguity. More observations needed.,sparse,6,1,2.0,0.6301388888969086,low,mbls,,0
1999 RE239,2026-03-21T04:44:28.080952+00:00,True,9.998749374687344,0.5934934550110168,17.453457349281727,23,,3,265.8552777778823,"Lg,Li,Lr,Ly,Lz",False,True,17.100676171697053,15.821138770452247,17.100676171697053,17.100676171697053,7.271064904008023,0.0011440164879084058,0.18849733937224267,False,0.07482378991320032,True,False,True,15.821138770452247,12.656911016361798,15.80075261724512,15.841524923659374,0.04077230641425622,4.101657416107661,followup_needed,0,,,False,,,,0,False,,no_prior,,No reliable period. Methods disagree at Tier 2 and Tier 3 could not resolve ambiguity. More observations needed.,sparse,6,1,3.5,0.7176388888328802,low,mbls,,0
1999 RG50,2026-03-21T04:44:29.543064+00:00,True,1.1113056528264131,0.5913426982799243,70.1843268335072,28,,3,365.6991666665417,"Lg,Li,Lr,Ly,Lz",True,False,1.4172260113271613,2.8405300132312767,1.4172260113271613,2.8405300132312767,22.081307287328066,1.3470981696794837e-07,0.1403686536670144,True,0.0021443264971055145,False,,,,,,,,,confirmed,2,2.8405300132312767,,False,128.7,2.8405300132312767,0.006091023773195305,2,False,,no_prior,,"All 3 methods agree (spread=0.2%), p=1.35e-07, sparse regime. Moderate confidence.",sparse,3,1,5.0,1.2430555553874,medium,"mbls,mhaov,clean",,0
1999 RJ227,2026-03-21T04:44:30.573072+00:00,True,2.4867433716858427,0.7681173755732696,36.6690066337343,30,,3,765.4655555555946,"Lg,Li,Lr,Lz",False,True,5.529110691557849,16.50605954861392,5.529110691557849,5.529110691557849,39.297592224079274,1.945374972223135e-10,0.49319813922372635,False,1.9853009768486447,True,False,True,16.50605954861392,4.438082160447772,16.472937021091617,16.53918207613622,0.06624505504460387,1.9185650338566549,followup_needed,0,,,False,,,,0,False,,no_prior,,No reliable period. Methods disagree at Tier 2 and Tier 3 could not resolve ambiguity. More observations needed.,sparse,7,1,3.0,0.7761111111030914,medium,"mbls,mhaov,clean",,0
1999 RK192,2026-03-21T04:44:31.526241+00:00,True,1.205352676338169,0.4949566068868516,20.518583878391247,22,,2,552.0472222222597,"Lg,Li,Lr,Ly,Lz",False,True,5.243491202086538,6.3414011106920585,5.243491202086538,5.243491202086538,16.82484254974268,9.56348601610646e-06,0.20928955555959072,False,0.20938528668998632,True,False,True,6.3414011106920585,4.201807665618511,6.33087905476814,6.351923166615977,0.0210441118478375,1.7341441670148772,followup_needed,0,,,False,,,,0,False,,no_prior,,No reliable period. Methods disagree at Tier 2 and Tier 3 could not resolve ambiguity. More observations needed.,sparse,5,1,2.0,0.9508333333069459,low,mbls,,0
1999 RL38,2026-03-21T04:44:32.708583+00:00,True,3.674087043521761,0.8023726998759925,240.24112704763957,20,,1,289.76222222222714,"Li,Lr,Lu,Ly,Lz",False,True,3.08915771495486,20.062830106248438,3.08915771495486,3.08915771495486,54.39656087219485,9.446668558510396e-09,0.9369403954857942,False,5.494595600968243,True,False,True,20.062830106248438,2.5043873916557127,20.02294848794576,20.102711724551114,0.079763236605352,1.5703126181561693,followup_needed,0,,,False,,,,0,False,,no_prior,,No reliable period. Methods disagree at Tier 2 and Tier 3 could not resolve ambiguity. More observations needed.,sparse,7,1,2.0,0.8213888888130896,low,mbls,,0
1999 RL84,2026-03-21T04:44:33.766581+00:00,True,6.307403701850926,0.3729534080064907,32.844005678208944,45,,2,283.643888888997,"Lg,Li,Lr",False,True,14.76749657756521,20.353196146255858,14.76749657756521,14.76749657756521,14.042609947535702,3.044641789795577e-07,0.39084366757068645,False,0.3782428212765641,True,False,True,20.353196146255858,12.940080613117342,20.323562373859406,20.38282991865231,0.0592675447929043,2.311393319638885,followup_needed,0,,,False,,,,0,False,,no_prior,,No reliable period. Methods disagree at Tier 2 and Tier 3 could not resolve ambiguity. More observations needed.,sparse,5,1,11.0,0.35944444447522983,medium,"mbls,mhaov,clean",,0
1999 RO92,2026-03-21T04:44:33.808240+00:00,False,,0.0,110.68294330857907,19,n_obs=19 < min_obs=20,1,747.0280555556528,"Lg,Li,Lr,Lu,Lz",,,,,,,,,,,,False,,,,,,,,,t1_rejected,0,,,False,,,,0,False,,no_prior,,Tier 1 failed: n_obs=19 < min_obs=20,sparse,6,1,4.0,0.9313888889446389,low,mbls,,0
1999 RQ204,2026-03-21T04:44:33.850023+00:00,False,,0.0,154.33341157692058,18,n_obs=18 < min_obs=20,1,745.8122222222155,"Lg,Li,Lr,Lu,Lz",,,,,,,,,,,,False,,,,,,,,,t1_rejected,0,,,False,,,,0,False,,no_prior,,Tier 1 failed: n_obs=18 < min_obs=20,sparse,6,1,3.5,0.7734722222085111,low,mbls,,0
1999 RR198,2026-03-21T04:44:34.755130+00:00,True,2.1105552776388192,0.6257590270599318,300.08445027356174,20,,2,552.5955555554247,"Lg,Li,Lr,Lz",False,True,10.429928201846838,6.961740706965688,10.429928201846838,10.429928201846838,23.375100811979717,2.678371059383622e-06,0.9602702408753975,False,0.33252266245387024,True,False,True,6.961740706965688,6.780130079827452,6.9477706587242825,6.975710755207093,0.02794009648281026,1.9711015475249927,followup_needed,0,,,False,,,,0,False,,no_prior,,No reliable period. Methods disagree at Tier 2 and Tier 3 could not resolve ambiguity. More observations needed.,sparse,5,1,4.0,0.9558333334280178,low,mbls,,0
1999 RR248,2026-03-21T04:44:35.675315+00:00,True,16.664332166083042,0.9708041899370147,148.1684527610693,22,,2,407.866944444424,"Lg,Li,Lr,Lz",False,True,9.829662997554129,33.35334914873242,9.829662997554129,9.829662997554129,225.1571330017546,1.765254609153999e-14,0.9630949429469504,False,2.3931325170587425,True,False,True,33.35334914873242,9.507486752149346,33.33362407248315,33.37307422498169,0.03945015249854045,4.208749925105653,followup_needed,0,,,False,,,,0,False,,no_prior,,No reliable period. Methods disagree at Tier 2 and Tier 3 could not resolve ambiguity. More observations needed.,sparse,6,1,3.5,0.8208333333022892,low,mbls,,0
1999 RT234,2026-03-21T04:44:35.718525+00:00,False,,0.0,36.008709641702346,17,n_obs=17 < min_obs=20,2,478.7708333332557,"Li,Lr,Ly,Lz",,,,,,,,,,,,False,,,,,,,,,t1_rejected,0,,,False,,,,0,False,,no_prior,,Tier 1 failed: n_obs=17 < min_obs=20,sparse,6,1,3.5,0.8270833333663177,low,mbls,,0
1999 RT24,2026-03-21T04:44:35.780770+00:00,False,,0.0,101.61803605305052,18,n_obs=18 < min_obs=20,1,504.77388888888527,"Lg,Li,Lr,Lu,Lz",,,,,,,,,,,,False,,,,,,,,,t1_rejected,0,,,False,,,,0,False,,no_prior,,Tier 1 failed: n_obs=18 < min_obs=20,sparse,5,1,4.0,0.5377777777612209,low,mbls,,0
1999 RV27,2026-03-21T04:44:36.767314+00:00,True,12.890695347673837,0.5725271424849091,50.97841049678322,26,,3,551.9477777777938,"Lg,Li,Lr,Ly,Lz",False,True,3.24451607681133,13.494052211167272,3.24451607681133,3.24451607681133,36.91009034930806,3.224679967495092e-09,0.4791970586697623,False,3.159033856422095,True,False,True,13.494052211167272,2.595612861449064,13.466973845526137,13.521130576808407,0.05415673128226928,2.864159375214802,followup_needed,0,,,False,,,,0,False,,no_prior,,No reliable period. Methods disagree at Tier 2 and Tier 3 could not resolve ambiguity. More observations needed.,sparse,5,1,4.0,1.8991666667279787,low,mbls,,0
1999 RW142,2026-03-21T04:44:36.805827+00:00,False,,0.0,78.84368965601402,19,n_obs=19 < min_obs=20,1,407.866944444424,"Lg,Li,Lr,Lu,Ly,Lz",,,,,,,,,,,,False,,,,,,,,,t1_rejected,0,,,False,,,,0,False,,no_prior,,Tier 1 failed: n_obs=19 < min_obs=20,sparse,8,1,2.0,0.9490277777658775,low,mbls,,0
1999 SF2,2026-03-21T04:44:37.843448+00:00,True,1.1230615307653826,0.8514593309788294,338.45243543046155,20,,2,651.446111111145,"Lg,Li,Lr,Ly,Lz",False,True,2.172474645072087,14.522789043995953,2.172474645072087,2.172474645072087,46.28417608449592,2.8869457491254025e-08,0.8799763321192,False,5.684906117055452,True,False,True,14.522789043995953,1.758323960225569,14.493646323506331,14.551931764485575,0.05828544097924393,3.3144477575061684,followup_needed,0,,,False,,,,0,False,,no_prior,,No reliable period. Methods disagree at Tier 2 and Tier 3 could not resolve ambiguity. More observations needed.,sparse,6,1,3.0,0.619444444484543,low,mbls,,0
1999 SL29,2026-03-21T04:44:42.624696+00:00,True,0.5475362656160631,0.5739497040216448,8.989647060033874,23,,3,533.4386111111962,"Li,Lr,Ly,Lz",False,True,1.087212195725213,3.807936863393879,1.087212195725213,1.087212195725213,8.687440262939731,0.0004346424310217589,0.13933952943052505,False,2.502478061195159,True,False,True,3.807936863393879,0.8697697565801704,3.800295518517504,3.815578208270254,0.015282689752750045,9.583730488468255,followup_needed,0,,,False,,,,0,False,,no_prior,,No reliable period. Methods disagree at Tier 2 and Tier 3 could not resolve ambiguity. More observations needed.,sparse,3,1,2.0,0.5908333333209157,low,mbls,,0
1999 SP24,2026-03-21T04:44:43.622074+00:00,True,2.32216108054027,0.645095423350189,71.45834992777799,26,,2,552.1130555556156,"Lg,Li,Lr,Ly,Lz",False,True,4.803768840071919,15.361695978032362,4.803768840071919,4.803768840071919,22.610772775021516,2.3331672205362253e-07,0.711010581781391,False,2.1978424627526785,True,False,True,15.361695978032362,3.8622944118839113,15.330869832257047,15.392522123807677,0.06165229155062946,2.7551653705980166,followup_needed,0,,,False,,,,0,False,,no_prior,,No reliable period. Methods disagree at Tier 2 and Tier 3 could not resolve ambiguity. More observations needed.,sparse,5,1,3.0,1.6216666666441597,low,mbls,,0
1999 SR20,2026-03-21T04:44:45.235674+00:00,True,1.1465732866433216,0.5148122163281261,75.51365650237778,22,,1,552.1130555556156,"Lg,Li,Lr,Ly,Lz",False,True,0.8995499437429679,4.34860607575947,0.8995499437429679,0.8995499437429679,28.744381167816528,2.2861765014425828e-07,0.6758472256962811,False,3.834201931758645,True,False,True,4.34860607575947,0.756945705169668,4.339879775941894,4.357332375577046,0.017452599635153554,1.1029657642604158,followup_needed,0,,,False,,,,0,False,,no_prior,,No reliable period. Methods disagree at Tier 2 and Tier 3 could not resolve ambiguity. More observations needed.,sparse,7,1,2.0,1.3891666666022502,low,mbls,,0
1999 TD124,2026-03-21T04:44:47.514380+00:00,True,16.217608804402204,0.7725454764481849,26.199426973722375,20,,2,145.42166666669073,"Li,Lr,Lu,Ly,Lz",False,True,4.974181155265862,18.877100395813112,4.974181155265862,4.974181155265862,25.897537385652022,1.3910562186580933e-06,0.40478114674401067,False,2.7950166683869733,True,False,True,18.877100395813112,3.9793449242126897,18.83921992679142,18.914980864834806,0.07576093804338768,3.102335356004803,followup_needed,0,,,False,,,,0,False,,no_prior,,No reliable period. Methods disagree at Tier 2 and Tier 3 could not resolve ambiguity. More observations needed.,sparse,3,1,3.0,1.3249999999534339,low,mbls,,0
1999 TD89,2026-03-21T04:44:48.734250+00:00,True,3.3214107053526765,0.841565259339479,110.90527061651916,22,,2,385.35194444441004,"Lg,Li,Lr,Ly,Lz",False,True,1.8792386552714588,7.392920960599319,1.8792386552714588,1.8792386552714588,47.48091341822428,5.235943789649866e-09,0.27171791301047193,False,2.9339979197737747,True,False,True,7.392920960599319,1.8528413229900538,7.3780856677017965,7.407756253496842,0.029670585795045668,3.8537085792309167,followup_needed,0,,,False,,,,0,False,,no_prior,,No reliable period. Methods disagree at Tier 2 and Tier 3 could not resolve ambiguity. More observations needed.,sparse,4,1,5.0,0.7440277777786832,low,mbls,,0
1999 TF142,2026-03-21T04:44:48.790912+00:00,False,,0.0,13.95085946954052,18,n_obs=18 < min_obs=20,2,334.6455555555294,"Lg,Li,Lr,Ly,Lz",,,,,,,,,,,,False,,,,,,,,,t1_rejected,0,,,False,,,,0,False,,no_prior,,Tier 1 failed: n_obs=18 < min_obs=20,sparse,6,1,3.0,0.8070833334058989,low,mbls,,0
1999 TJ156,2026-03-21T04:44:49.997495+00:00,True,4.685092546273137,0.7441784596233488,16.570546524116597,21,,2,676.5491666666348,"Lg,Li,Lr,Lz",False,True,9.370996075135693,5.49347884164183,9.370996075135693,9.370996075135693,19.68648301977327,5.059190033795957e-06,0.10936560705916953,False,0.41377855698624894,True,False,True,5.49347884164183,4.754890716444501,5.474674167243566,5.512283516040093,0.03760934879652744,1.2503240938105518,followup_needed,0,,,False,,,,0,False,,no_prior,,No reliable period. Methods disagree at Tier 2 and Tier 3 could not resolve ambiguity. More observations needed.,sparse,6,1,2.5,0.5908333333209157,low,mbls,,0
1999 TJ164,2026-03-21T04:44:51.860773+00:00,True,12.279389694847424,0.7516851763441047,66.50475926267184,20,,2,551.0974999999744,"Lg,Li,Lr,Ly,Lz",False,True,3.0661069142522255,1.7983665854680058,3.0661069142522255,3.0661069142522255,48.66975435732692,2.04232218914413e-08,0.45555760094930214,False,0.4134690551366464,True,False,True,1.7983665854680058,1.5253035654671783,1.7922138625631518,1.8045193083728597,0.012305445809707827,2.699619631511154,followup_needed,0,,,False,,,,0,False,,no_prior,,No reliable period. Methods disagree at Tier 2 and Tier 3 could not resolve ambiguity. More observations needed.,sparse,5,1,3.0,1.6105555555550382,low,mbls,,0
1999 TM14,2026-03-21T04:44:53.729430+00:00,True,1.0877938969484742,0.17012900674089468,29.881986275142143,38,,3,381.78111111104954,"Lg,Li,Lr,Ly,Lz",False,False,4.006426172205993,2.701735853549978,4.006426172205993,4.006426172205993,2.665605240635317,0.04956904240903581,0.125504342355597,False,0.32564940986727553,False,,,,,,,,,t2_rejected,0,,,False,,,,0,False,,no_prior,,No reliable period. Methods disagree at Tier 2 and Tier 3 could not resolve ambiguity. More observations needed.,sparse,4,1,6.0,0.7823611110798083,medium,"mbls,mhaov,clean",,0
1999 TM190,2026-03-21T04:44:55.003307+00:00,True,1.781390695347674,0.763037024674218,16.063365550823463,21,,2,242.24194444448221,"Lg,Li,Lr,Ly,Lz",True,False,3.3219309992538464,3.3219309992538464,3.3219309992538464,3.3219309992538464,42.46989188697448,2.504839380357282e-08,0.1558146458429876,True,0.0,False,,,,,,,,,confirmed,1,3.3219309992538464,,False,72.9,3.3219309992538464,0.0,1,False,,no_prior,,"All 3 methods agree (spread=0.0%), p=2.50e-08, sparse regime. Moderate confidence.",sparse,6,1,3.0,1.015138888877118,low,mbls,,0
1999 TN84,2026-03-21T04:44:55.971428+00:00,True,9.070035017508754,0.795554859365122,38.660326178695705,23,,3,552.0794444445055,"Lg,Li,Lr,Ly,Lz",False,True,18.07296933728618,9.42632032088068,18.07296933728618,18.07296933728618,36.74461633260536,1.9756955738081672e-08,0.6069671210055225,False,0.4784299057358659,True,False,True,9.42632032088068,15.47384665667312,9.390053492779108,9.462587148982253,0.07253365620314511,1.8323158180169534,followup_needed,0,,,False,,,,0,False,,no_prior,,No reliable period. Methods disagree at Tier 2 and Tier 3 could not resolve ambiguity. More observations needed.,sparse,6,1,3.5,1.790000000037253,low,mbls,,0
1999 TP1,2026-03-21T04:44:57.737072+00:00,True,1.0055027513756878,0.4336917599707608,69.41117985079016,48,,3,533.4611111110426,"Lg,Li,Lr,Ly,Lz",False,True,4.225096452464262,5.915512622544552,4.225096452464262,4.225096452464262,19.71387113775914,2.8020235021131157e-09,0.2498802474628446,False,0.4000893681596225,True,False,True,5.915512622544552,3.4083386767036123,5.90703416812489,5.923991076964213,0.016956908839322438,6.39058643971163,followup_needed,0,,,False,,,,0,False,,no_prior,,No reliable period. Methods disagree at Tier 2 and Tier 3 could not resolve ambiguity. More observations needed.,sparse,4,1,4.0,0.9123611110844649,medium,"mbls,mhaov,clean",,0
1999 TQ13,2026-03-21T04:44:58.927287+00:00,True,21.331415707853928,0.35584180033051926,91.66201157005538,47,,3,533.4716666666209,"Lg,Li,Lr,Ly,Lz",False,True,18.98779587359535,8.690492878983674,18.98779587359535,18.98779587359535,10.195110360980145,7.354767354028624e-06,0.30248463818118276,False,0.5423116544522518,True,False,True,8.690492878983674,7.161663696928352,8.652390278568435,8.728595479398914,0.07620520083047921,3.190601189886079,followup_needed,0,,,False,,,,0,False,,no_prior,,No reliable period. Methods disagree at Tier 2 and Tier 3 could not resolve ambiguity. More observations needed.,sparse,4,1,3.5,0.8945833333418705,medium,"mbls,mhaov,clean",,0
1999 TQ340,2026-03-21T04:44:58.984199+00:00,False,,0.0,19.516723967702426,19,n_obs=19 < min_obs=20,1,432.52138888905756,"Lg,Li,Lr,Lu,Lz",,,,,,,,,,,,False,,,,,,,,,t1_rejected,0,,,False,,,,0,False,,no_prior,,Tier 1 failed: n_obs=19 < min_obs=20,sparse,6,1,2.0,0.5427777778822929,low,mbls,,0
1999 TS233,2026-03-21T04:44:59.946473+00:00,True,4.320660330165083,0.7118158619437785,70.97844206313712,21,,3,746.39805555559,"Lg,Li,Lr,Lu,Lz",True,False,5.763813580052999,5.595874701862805,5.763813580052999,5.763813580052999,25.562317189055058,8.895338211578618e-07,0.4542620292040776,True,0.029136764376168692,False,,,,,,,,,confirmed,1,5.763813580052999,,False,129.5,5.763813580052999,0.16793887819016556,1,False,,no_prior,,"All 3 methods agree (spread=2.9%), p=8.90e-07, sparse regime. Moderate confidence.",sparse,7,1,2.0,0.7033333332510665,low,mbls,,0
1999 TT340,2026-03-21T04:45:01.395046+00:00,True,1.5932966483241622,0.660589042709108,16.410305108725176,21,,2,670.5922222223016,"Lg,Li,Lr,Lu,Lz",False,True,8.770983167855961,4.111293535879078,8.770983167855961,8.770983167855961,38.816122052291895,4.78864932151879e-08,0.41025762771812946,False,0.5312619512317909,True,False,True,4.111293535879078,3.349535469365028,4.093692900759635,4.128894170998521,0.035201270238886195,4.630150909271009,followup_needed,0,,,False,,,,0,False,,no_prior,,No reliable period. Methods disagree at Tier 2 and Tier 3 could not resolve ambiguity. More observations needed.,sparse,5,1,5.0,1.1758333333418705,low,mbls,,0
1999 TU169,2026-03-21T04:45:02.526453+00:00,True,21.401950975487743,0.5738513926130686,47.89605784778894,38,,3,670.2650000000722,"Lg,Li,Lr,Ly,Lz",False,True,10.772689946173486,45.98000600833928,10.772689946173486,10.772689946173486,14.957505201545628,4.5119692015926915e-07,0.27300752973239695,False,3.2682010006858446,True,False,True,45.98000600833928,12.50929080037269,45.91587220496133,46.04413981171723,0.1282676067558981,3.372686722056426,followup_needed,0,,,False,,,,0,False,,no_prior,,No reliable period. Methods disagree at Tier 2 and Tier 3 could not resolve ambiguity. More observations needed.,sparse,6,1,2.5,0.6158333334024064,medium,"mbls,mhaov,clean",,0
1999 TU30,2026-03-21T04:45:04.151508+00:00,True,1.9459729864932467,0.9016943312701381,49.98663364502791,20,,3,314.21027777774725,"Lg,Li,Lr,Lu,Lz",False,True,1.1815652926052025,1.4083000241821828,1.1815652926052025,1.1815652926052025,53.635167492769554,1.0419903606617709e-08,0.2699278216831507,False,0.19189352716756508,True,False,True,1.4083000241821828,1.6748879217364019,1.4060222245669756,1.41057782379739,0.0045555992304144866,5.022776260218062,followup_needed,0,,,False,,,,0,False,,no_prior,,No reliable period. Methods disagree at Tier 2 and Tier 3 could not resolve ambiguity. More observations needed.,sparse,5,1,4.0,1.3188888889853843,low,mbls,,0
1999 TV337,2026-03-21T04:45:05.747164+00:00,True,3.791645822911456,0.6358999090472041,26.175250297873884,24,,3,915.2816666666768,"Lg,Li,Lr,Lu,Lz",False,True,4.992014179814149,18.132203272359753,4.992014179814149,4.992014179814149,16.153598640887402,6.422764229241373e-06,0.5797817940979066,False,2.632241940673369,True,False,True,18.132203272359753,4.501160611631754,18.09581758017442,18.168588964545087,0.07277138437066455,1.175610946522371,followup_needed,0,,,False,,,,0,False,,no_prior,,No reliable period. Methods disagree at Tier 2 and Tier 3 could not resolve ambiguity. More observations needed.,sparse,8,1,3.0,0.6619444444659166,low,mbls,,0
1999 TW215,2026-03-21T04:45:06.797013+00:00,True,4.520510255127564,0.739417520508317,50.004677740758346,20,,2,534.5452777777682,"Lg,Li,Lr,Lu,Lz",False,True,5.164895024482685,1.3317466153027253,5.164895024482685,5.164895024482685,18.30224042454833,1.2250507751443429e-05,0.22002058205933672,False,0.7421541756433172,True,False,True,1.3317466153027253,4.1664638123920525,1.3213822774609556,1.342110953144495,0.02072867568353942,2.2277750124859956,followup_needed,0,,,False,,,,0,False,,no_prior,,No reliable period. Methods disagree at Tier 2 and Tier 3 could not resolve ambiguity. More observations needed.,sparse,6,1,3.5,0.7223611111112405,low,mbls,,0
1999 TX214,2026-03-21T04:45:08.122837+00:00,True,1.710855427713857,0.5759074483190337,27.897454789226035,20,,1,479.1422222221736,"Lg,Li,Lr,Ly,Lz",True,False,0.8147569612409655,0.8742902595815972,0.8147569612409655,0.8147569612409655,12.864886800842594,9.648842796350365e-05,0.26502582049764734,True,0.07306878145586236,False,,,,,,,,,confirmed,1,0.8147569612409655,,False,588.1,0.8147569612409655,0.05953329834055863,1,False,,no_prior,,"All 3 methods agree (spread=7.3%), p=9.65e-05, sparse regime. Moderate confidence.",sparse,6,1,4.0,0.6138888889399823,low,mbls,,0
1999 TX95,2026-03-21T04:45:09.132503+00:00,True,1.0055027513756878,0.5777607640206676,18.463205100327823,21,,3,265.8336111110402,"Lg,Li,Lr,Ly,Lz",False,True,0.7422378034510818,4.962396266534555,0.7422378034510818,0.7422378034510818,15.578474766913667,2.235910326675583e-05,0.186478371513311,False,5.685722882148946,True,False,True,4.962396266534555,0.8678472778812649,4.952438280715423,4.972354252353687,0.019915971638265084,2.5554417475266495,followup_needed,0,,,False,,,,0,False,,no_prior,,No reliable period. Methods disagree at Tier 2 and Tier 3 could not resolve ambiguity. More observations needed.,sparse,6,1,3.0,0.8072222222399432,low,mbls,,0
1999 TZ179,2026-03-21T04:45:09.913451+00:00,True,1.1700850425212606,0.42418535521532863,16.00322211126711,26,,2,163.33361111098202,"Lg,Lr,Ly,Lz",True,False,0.8059737813221383,1.7206574277468845,0.8059737813221383,1.7206574277468845,6.963500776163769,0.000986538093090461,0.11602336030668653,True,0.06744007536089468,False,,,,,,,,,confirmed,1,1.7206574277468845,,False,94.9,1.7206574277468845,0.11604126659753308,1,False,,no_prior,,"All 3 methods agree (spread=6.7%), p=9.87e-04, sparse regime. Moderate confidence.",sparse,4,1,2.0,0.543472222139826,low,mbls,,0
1999 UD26,2026-03-21T04:45:09.950479+00:00,False,,0.0,44.40255305171161,19,n_obs=19 < min_obs=20,2,213.67444444441935,"Lg,Li,Lr",,,,,,,,,,,,False,,,,,,,,,t1_rejected,0,,,False,,,,0,False,,no_prior,,Tier 1 failed: n_obs=19 < min_obs=20,sparse,3,1,8.0,0.39138888887828216,low,mbls,,0
1999 UZ7,2026-03-21T04:45:09.991421+00:00,False,,0.0,71.82699667758459,19,n_obs=19 < min_obs=20,2,327.6961111110868,"Lg,Li,Lr,Ly,Lz",,,,,,,,,,,,False,,,,,,,,,t1_rejected,0,,,False,,,,0,False,,no_prior,,Tier 1 failed: n_obs=19 < min_obs=20,sparse,4,1,3.5,1.1048611111182254,low,mbls,,0
1999 VC232,2026-03-21T04:45:13.627718+00:00,True,0.338783278095923,0.4934273548817699,14.729572471078757,22,,2,627.6252777777845,"Lg,Li,Lr,Lz",True,False,1.1205313458757702,2.1636364018898675,1.1205313458757702,2.1636364018898675,10.445111564295368,0.0001853590733017496,0.42494816579062217,True,0.03454891741610517,False,,,,,,,,,confirmed,1,2.1636364018898675,,False,290.1,2.1636364018898675,0.07475129536737196,1,False,,no_prior,,"All 3 methods agree (spread=3.5%), p=1.85e-04, sparse regime. Moderate confidence.",sparse,3,1,6.0,1.3666666667559184,low,mbls,,0
1999 VD96,2026-03-21T04:45:14.397698+00:00,True,1.4287143571785892,0.7253177760562911,88.73811514278897,20,,1,479.7016666667769,"Lg,Li,Lr,Lz",True,False,3.4926899094762454,3.862631173873032,3.4926899094762454,3.862631173873032,54.86649849510376,8.89753948296601e-09,1.1979645544276512,two_of_three,0.09577442104723485,False,,,,,,,,,tentative_2of3,1,3.862631173873032,,False,124.2,3.862631173873032,0.3699412643966908,1,False,,no_prior,,"MHAOV+MBLS agree (Greenstreet-equivalent, spread=9.6%), CE disagrees. p=8.90e-09. Publish as tentative (R=1).",sparse,6,1,3.5,1.1781944444810506,low,mbls,,0
1999 VE32,2026-03-21T04:45:15.180719+00:00,True,7.482991495747874,0.535567939862023,46.96657744496183,22,,1,552.0055555556319,"Lg,Li,Lr,Ly,Lz",True,False,7.1925061814001365,7.1925061814001365,7.1925061814001365,7.1925061814001365,16.266923984400492,1.194128701986763e-05,0.6457904398682252,True,0.0,False,,,,,,,,,confirmed,1,7.1925061814001365,,False,76.7,7.1925061814001365,0.0,1,False,,no_prior,,"All 3 methods agree (spread=0.0%), p=1.19e-05, sparse regime. Moderate confidence.",sparse,5,1,4.0,1.9694444445194677,low,mbls,,0
1999 VJ132,2026-03-21T04:45:16.686586+00:00,True,0.9937468734367183,0.20396073542120874,12.859419871307963,24,,1,385.6527777778683,"Lg,Li,Lr,Lz",False,False,4.243009612914565,2.5860126684964104,4.243009612914565,4.243009612914565,2.7609925989014337,0.05779866372120834,0.15109818348786858,False,0.39052396661424404,False,,,,,,,,,t2_rejected,0,,,False,,,,0,False,,no_prior,,No reliable period. Methods disagree at Tier 2 and Tier 3 could not resolve ambiguity. More observations needed.,sparse,3,1,7.0,0.4636111112195067,low,mbls,,0
1999 VJ16,2026-03-21T04:45:17.960594+00:00,True,1.7226113056528265,0.6554394201445194,141.726932479162,22,,2,552.0919444444589,"Lg,Li,Lr,Ly,Lz",False,False,6.213654343010118,45.21258762091949,6.213654343010118,6.213654343010118,7.5125360796091565,0.0011224788499762939,0.4889579170531089,False,6.276328087315299,False,,,,,,,,,t2_rejected,0,,,False,,,,0,False,,no_prior,,No reliable period. Methods disagree at Tier 2 and Tier 3 could not resolve ambiguity. More observations needed.,sparse,5,1,4.0,1.6113888889085501,low,mbls,,0
1999 VL108,2026-03-21T04:45:19.355668+00:00,True,1.4874937468734366,0.4731276547667023,9.339404968024718,20,,2,552.0777777777985,"Li,Lr,Ly,Lz",False,True,2.2856492238493296,4.85204964965293,2.2856492238493296,4.85204964965293,6.711663423989874,0.002645608740659111,0.33902040033929726,False,0.06141607360935896,True,False,True,4.85204964965293,1.8682698003638,4.842313095172021,4.861786204133838,0.019473108961816976,2.251846251507121,followup_needed,0,,,False,,,,0,False,,no_prior,,No reliable period. Methods disagree at Tier 2 and Tier 3 could not resolve ambiguity. More observations needed.,sparse,4,1,4.0,1.0843055555596948,low,mbls,,0
1999 VL158,2026-03-21T04:45:19.408562+00:00,False,,0.0,14.804332461048263,19,n_obs=19 < min_obs=20,2,652.689166666707,"Lg,Li,Lr,Ly,Lz",,,,,,,,,,,,False,,,,,,,,,t1_rejected,0,,,False,,,,0,False,,no_prior,,Tier 1 failed: n_obs=19 < min_obs=20,sparse,4,1,2.5,0.8483333333570044,low,mbls,,0
1999 VL186,2026-03-21T04:45:23.460999+00:00,True,0.2001964657203858,0.36575337132901387,15.11506986556597,37,,3,365.67694444436347,"Lg,Li,Lr,Ly,Lz",True,False,1.0010020626993372,0.9741897594045567,1.0010020626993372,1.0010020626993372,11.418760312217175,7.166073386022376e-06,0.14208165673632012,True,0.026785462581816053,False,,,,,,,,,confirmed,2,1.0010020626993372,,False,365.3,1.0010020626993372,0.026812303294753783,2,False,,no_prior,,"All 3 methods agree (spread=2.7%), p=7.17e-06, sparse regime. Moderate confidence.",sparse,4,1,5.5,0.8129166667058598,medium,"mbls,mhaov,clean",,0
1999 VO123,2026-03-21T04:45:24.560497+00:00,True,3.3214107053526765,0.7900837639712104,17.344249959544626,25,,2,550.2474999999977,"Lg,Li,Lr,Lz",True,False,3.1560114602329308,6.644499636075073,3.1560114602329308,6.644499636075073,67.118633767437,2.644506835736138e-11,0.38157349910998173,True,0.052673559617654304,False,,,,,,,,,confirmed,1,6.644499636075073,,False,82.8,6.644499636075073,0.3499894477102827,1,False,,no_prior,,"All 3 methods agree (spread=5.3%), p=2.64e-11, sparse regime. Moderate confidence.",sparse,7,1,2.0,0.7002777778543532,low,mbls,,0
1999 VP202,2026-03-21T04:45:25.473241+00:00,True,8.917208604302152,0.622389738818387,10.119758607684792,20,,2,270.02166666666744,"Lg,Li,Lr,Lz",False,True,1.1559440940877241,7.082758868597352,1.1559440940877241,1.1559440940877241,10.457283622310115,0.0002990023786060281,0.6593022732906643,False,5.127250361689825,True,False,True,7.082758868597352,8.499310642316823,7.068545974546656,7.096971762648049,0.028425788101392513,2.8982242535313105,followup_needed,0,,,False,,,,0,False,,no_prior,,No reliable period. Methods disagree at Tier 2 and Tier 3 could not resolve ambiguity. More observations needed.,sparse,4,1,4.0,3.082777777744923,low,mbls,,0
1999 VQ94,2026-03-21T04:45:26.252493+00:00,True,2.3809404702351173,0.36326907064911207,24.24320263086384,21,,3,51.21750000002794,"Lg,Li,Lr,Ly,Lz",False,False,1.0178245383111697,10.589310618964035,1.0178245383111697,1.0178245383111697,4.4884675027926715,0.012716341729989367,0.26667522893950224,False,9.403866501907093,False,,,,,,,,,t2_rejected,0,,,False,,,,0,False,,no_prior,,No reliable period. Methods disagree at Tier 2 and Tier 3 could not resolve ambiguity. More observations needed.,sparse,3,1,6.0,1.9602777778054588,low,mbls,,0
1999 VS19,2026-03-21T04:45:27.073530+00:00,True,13.77238619309655,0.5784133725290682,94.9285626896852,20,,2,647.6283333332394,"Lg,Li,Lr,Lu,Ly,Lz",False,False,13.757043910418028,42.49053119424,13.757043910418028,13.757043910418028,6.185303192626754,0.0038009901278972524,0.4176856758346148,False,2.0886381893467965,False,,,,,,,,,t2_rejected,0,,,False,,,,0,False,,no_prior,,No reliable period. Methods disagree at Tier 2 and Tier 3 could not resolve ambiguity. More observations needed.,sparse,5,1,3.0,0.8063888887991197,low,mbls,,0
1999 VT209,2026-03-21T04:45:36.611729+00:00,True,0.22052658179733808,0.5088185382422579,16.00329537952304,34,,3,532.8936111110961,"Lg,Li,Lr,Ly,Lz",True,False,0.4392398958225206,0.8669808950003994,0.4392398958225206,0.8669808950003994,8.102252057278486,0.00016313452497729308,0.1744359196368011,True,0.01308954031042176,False,,,,,,,,,confirmed,2,0.8669808950003994,,False,614.7,0.8669808950003994,0.011348381373473264,2,False,,no_prior,,"All 3 methods agree (spread=1.3%), p=1.63e-04, sparse regime. Moderate confidence.",sparse,4,1,3.0,0.7881944444670808,medium,"mbls,mhaov,clean",,0
1999 VV185,2026-03-21T04:45:42.350572+00:00,True,0.59436421855364,0.5420440259612761,48.41413231505963,67,,3,381.79222222213866,"Lg,Li,Lr,Lu,Ly,Lz",False,True,0.8240583982013987,3.632691137606235,0.8240583982013987,0.8240583982013987,41.437549571524876,1.1102230246251565e-16,0.19849794249174452,False,3.4082933267006186,True,False,True,3.632691137606235,0.659246718561119,3.625401456393648,3.6399808188188225,0.014579362425174658,6.356538757153113,followup_needed,0,,,False,,,,0,False,,no_prior,,No reliable period. Methods disagree at Tier 2 and Tier 3 could not resolve ambiguity. More observations needed.,sparse,6,1,2.0,0.5899999999674037,medium,"mbls,mhaov,clean",,0
1999 VW189,2026-03-21T04:45:45.994797+00:00,True,0.4254612734088558,0.44544434507785197,65.7733406997043,30,,3,381.78111111104954,"Lg,Li,Lr,Ly,Lz",False,False,14.730359929730895,11.028371399618825,14.730359929730895,14.730359929730895,3.630651358608777,0.01825305830959567,0.18416535395917205,False,0.2513169092793138,False,,,,,,,,,t2_rejected,0,,,False,,,,0,False,,no_prior,,No reliable period. Methods disagree at Tier 2 and Tier 3 could not resolve ambiguity. More observations needed.,sparse,3,1,2.0,1.1058333332184702,medium,"mbls,mhaov,clean",,0
1999 VW202,2026-03-21T04:45:47.995034+00:00,True,7.917958979489745,0.3659418012447697,174.04404628047672,137,,4,648.5586111112498,"Lg,Li,Lr,Lu,Lz",False,True,4.8880317534559214,24.837008951291253,4.8880317534559214,4.8880317534559214,34.595919721601824,1.1102230246251565e-16,0.74838939900605,False,4.081188135434469,True,False,True,24.837008951291253,4.917458031570372,24.816287916982056,24.85772998560045,0.04144206861839095,1.2979663620457533,followup_needed,0,,,False,,,,0,False,,no_prior,,No reliable period. Methods disagree at Tier 2 and Tier 3 could not resolve ambiguity. More observations needed.,sparse,9,1,11.0,0.42444444447755814,medium,"mbls,mhaov,clean",,0
1999 VW64,2026-03-21T04:45:48.931847+00:00,True,1.3464232116058028,0.7778063311005254,74.8306804063734,21,,2,51.20583333342802,"Lg,Li,Lr,Ly,Lz",False,True,2.6957607263118053,3.738073396484838,2.6957607263118053,2.6957607263118053,23.6519306225647,1.5036440056404032e-06,0.1646274968940215,False,0.38664880751441244,True,False,True,3.738073396484838,2.210704114018912,3.7326638431878907,3.743482949781785,0.010819106593893846,1.0364881710395006,followup_needed,0,,,False,,,,0,False,,no_prior,,No reliable period. Methods disagree at Tier 2 and Tier 3 could not resolve ambiguity. More observations needed.,sparse,3,1,8.0,1.9486111112055369,low,mbls,,0
1999 WA9,2026-03-21T04:45:48.990329+00:00,False,,0.0,33.08205390799815,18,n_obs=18 < min_obs=20,2,381.78111111104954,"Lg,Li,Lr,Ly,Lz",,,,,,,,,,,,False,,,,,,,,,t1_rejected,0,,,False,,,,0,False,,no_prior,,Tier 1 failed: n_obs=18 < min_obs=20,sparse,3,1,2.0,1.0766666665440425,low,mbls,,0
1999 WE10,2026-03-21T04:45:49.041060+00:00,False,,0.0,209.1643693379031,18,n_obs=18 < min_obs=20,1,914.4580555556458,"Lg,Li,Lr,Lu,Lz",,,,,,,,,,,,False,,,,,,,,,t1_rejected,0,,,False,,,,0,False,,no_prior,,Tier 1 failed: n_obs=18 < min_obs=20,sparse,6,1,3.0,0.30194444447988644,low,mbls,,0
1999 XC148,2026-03-21T04:45:50.022653+00:00,True,2.7453726863431718,0.8314305192771293,53.37063610501259,24,,2,479.77194444439374,"Lg,Li,Lr,Ly,Lz",False,True,4.403040153788131,21.33395211276862,4.403040153788131,4.403040153788131,41.55242023250022,3.839182527443086e-09,0.4723301295293615,False,3.845277664436066,True,False,True,21.33395211276862,3.5636646060760127,21.2991719874687,21.368732238068542,0.06956025059984228,4.344701366278889,followup_needed,0,,,False,,,,0,False,,no_prior,,No reliable period. Methods disagree at Tier 2 and Tier 3 could not resolve ambiguity. More observations needed.,sparse,6,1,3.5,0.9509722221409902,low,mbls,,0
1999 XC15,2026-03-21T04:45:54.909331+00:00,True,0.21280597347331306,0.7967879688398534,29.715056767813856,21,,2,260.70083333324874,"Lg,Li,Lr,Ly,Lz",False,True,2.4599068558111448,0.9243047471621466,2.4599068558111448,2.4599068558111448,53.145027589472726,4.864026070805494e-09,0.3506376698602035,False,0.6242521358159372,True,False,True,0.9243047471621466,0.7678839437962449,0.9193684792240644,0.9292410151002288,0.009872535876164434,1.2069710873170671,followup_needed,0,,,False,,,,0,False,,no_prior,,No reliable period. Methods disagree at Tier 2 and Tier 3 could not resolve ambiguity. More observations needed.,sparse,5,1,4.0,0.11138888890855014,low,mbls,,0
1999 XC215,2026-03-21T04:45:56.400898+00:00,True,1.18184092046023,0.823697121204019,45.87703586207038,23,,2,652.2522222221014,"Lg,Li,Lr,Lu,Lz",False,True,2.3640850386955505,3.903829701202317,2.3640850386955505,2.3640850386955505,34.70652566203701,3.0998093869527565e-08,0.24773599365518006,False,0.6513068004337577,True,False,True,3.903829701202317,1.9513584867895046,3.8959959292266606,3.9116634731779736,0.01566754395131298,7.254483114570994,followup_needed,0,,,False,,,,0,False,,no_prior,,No reliable period. Methods disagree at Tier 2 and Tier 3 could not resolve ambiguity. More observations needed.,sparse,7,1,2.0,0.8013888890272938,low,mbls,,0
1999 XD80,2026-03-21T04:45:57.696406+00:00,True,5.284642321160581,0.6718221942137124,17.589702338416544,21,,2,240.64722222229466,"Lg,Li,Lr,Ly,Lz",False,True,2.1462625988084296,28.315579974102576,2.1462625988084296,2.1462625988084296,26.027160112291117,7.868181489678605e-07,0.2357020113347817,False,12.192970883344254,True,False,True,28.315579974102576,1.7313663506106798,28.308819759951817,28.322340188253335,0.013520428301514897,1.0954155911477315,followup_needed,0,,,False,,,,0,False,,no_prior,,No reliable period. Methods disagree at Tier 2 and Tier 3 could not resolve ambiguity. More observations needed.,sparse,6,1,3.0,0.7345833333092742,low,mbls,,0
1999 XF12,2026-03-21T04:45:58.745563+00:00,True,5.637318659329665,0.7596838564149307,59.369776074311794,23,,2,551.5750000000116,"Lg,Li,Lr,Ly,Lz",False,True,7.32451976470861,37.368525478955696,7.32451976470861,7.32451976470861,27.412698783731614,1.9244227111858692e-07,0.2493530595121095,False,4.101839667223318,True,False,True,37.368525478955696,5.859615811766888,37.33895280144819,37.398098156463206,0.05914535501501916,1.4628792952536458,followup_needed,0,,,False,,,,0,False,,no_prior,,No reliable period. Methods disagree at Tier 2 and Tier 3 could not resolve ambiguity. More observations needed.,sparse,4,1,4.0,1.5343055555422325,low,mbls,,0
1999 XJ140,2026-03-21T04:46:02.374432+00:00,True,0.5044141095080993,0.5035355762320666,17.523779690208023,44,,3,533.4611111110426,"Lg,Li,Lr,Ly,Lz",True,False,3.4857713042250285,3.349962821570072,3.4857713042250285,3.4857713042250285,9.526739664480413,1.7957978793781137e-05,0.2935233098109844,True,0.03896081262999293,False,,,,,,,,,confirmed,2,3.4857713042250285,,False,153.0,3.4857713042250285,0.1358084826549174,2,False,,no_prior,,"All 3 methods agree (spread=3.9%), p=1.80e-05, sparse regime. Moderate confidence.",sparse,5,1,3.0,1.3144444443751127,medium,"mbls,mhaov,clean",,0
1999 XK39,2026-03-21T04:46:03.378886+00:00,True,4.61455727863932,0.5966368297961696,189.85088853766598,25,,2,552.1130555556156,"Lg,Li,Lr,Ly,Lz",False,True,4.867187219818646,29.125649186714067,4.867187219818646,4.867187219818646,11.865342323812381,4.2145645780644614e-05,1.2720009532023622,False,4.9840823603646625,True,False,True,29.125649186714067,4.609991373420203,29.11588225583818,29.135416117589955,0.019533861751778403,1.750845095537164,followup_needed,0,,,False,,,,0,False,,no_prior,,No reliable period. Methods disagree at Tier 2 and Tier 3 could not resolve ambiguity. More observations needed.,sparse,6,1,4.0,1.259166666684905,low,mbls,,0
1999 XL97,2026-03-21T04:46:12.895698+00:00,True,0.2983860303256059,0.3302839238111554,33.25001948720986,22,,2,218.36861111107282,"Lg,Li,Lr,Lz",False,True,1.5030566522045865,2.960968936487175,1.5030566522045865,2.960968936487175,1.6773488136881765,0.20144479009016214,0.05320003117953578,False,0.01501752041606947,True,False,True,2.960968936487175,1.218531546803986,2.9550271928019174,2.966910680172433,0.011883487370515589,1.1075311743885417,followup_needed,0,,,False,,,,0,False,,no_prior,,No reliable period. Methods disagree at Tier 2 and Tier 3 could not resolve ambiguity. More observations needed.,sparse,3,1,2.0,0.44499999994877726,low,mbls,,0
1999 XN173,2026-03-21T04:46:15.565750+00:00,True,1.3464232116058028,0.5834649981555424,46.64764364495134,23,,2,265.8494444444077,"Lg,Li,Lr,Ly,Lz",False,True,3.9361433064530287,5.113992735369167,3.9361433064530287,3.9361433064530287,27.76790730522919,1.7447347844257166e-07,0.5364479019169404,False,0.2992394679799483,True,False,True,5.113992735369167,3.248963772684306,5.106094120038492,5.121891350699842,0.015797230661350525,1.0660073187425347,followup_needed,0,,,False,,,,0,False,,no_prior,,No reliable period. Methods disagree at Tier 2 and Tier 3 could not resolve ambiguity. More observations needed.,sparse,6,1,3.5,0.8566666667175014,low,mbls,,0
1999 XO21,2026-03-21T04:46:16.811364+00:00,True,1.757878939469735,0.5745311262332923,74.06941957189437,22,,3,551.5866666666116,"Lg,Li,Lr,Ly,Lz",False,True,3.6428630495641285,8.152031104748772,3.6428630495641285,3.6428630495641285,25.342126581998507,5.679350559839591e-07,0.5962588275537497,False,1.2378088316339344,True,False,True,8.152031104748772,6.554342065490317,8.135672513903124,8.16838969559442,0.03271718169129478,1.3953715727089815,followup_needed,0,,,False,,,,0,False,,no_prior,,No reliable period. Methods disagree at Tier 2 and Tier 3 could not resolve ambiguity. More observations needed.,sparse,4,1,5.0,1.7394444444507826,low,mbls,,0
1999 XQ177,2026-03-21T04:46:18.168820+00:00,True,2.1105552776388192,0.7707074724298223,49.313270472461035,21,,2,312.44166666653473,"Lg,Li,Lr,Ly,Lz",False,True,5.473432853820885,8.51125256434886,5.473432853820885,5.473432853820885,102.72409248989483,3.3877234351109564e-11,0.33039891216548894,False,0.5550117799301737,True,False,True,8.51125256434886,4.378746283056708,8.494173127764883,8.528332000932837,0.03415887316795363,5.545871528848144,followup_needed,0,,,False,,,,0,False,,no_prior,,No reliable period. Methods disagree at Tier 2 and Tier 3 could not resolve ambiguity. More observations needed.,sparse,3,1,5.0,0.6813888889155351,low,mbls,,0
1999 XR137,2026-03-21T04:46:20.030490+00:00,True,13.842921460730366,0.33078321260498217,20.5238876913096,25,,2,333.0111111110891,"Lg,Li,Lr,Ly",False,False,19.570481358944257,1.449894093189863,19.570481358944257,19.570481358944257,2.6418654589817563,0.06408524624672518,0.07799077322697648,False,0.9259142344739444,False,,,,,,,,,t2_rejected,0,,,False,,,,0,False,,no_prior,,No reliable period. Methods disagree at Tier 2 and Tier 3 could not resolve ambiguity. More observations needed.,sparse,3,1,3.0,0.7349999999860302,low,mbls,,0
1999 XR226,2026-03-21T04:46:21.226584+00:00,True,3.580040020010005,0.7688983914270744,55.90622550857216,24,,2,504.6161111110705,"Lg,Li,Lr,Ly,Lz",False,True,4.8936140085714745,23.4853993769142,4.8936140085714745,4.8936140085714745,39.70695293904944,5.6259816805237506e-09,0.3550045319794332,False,3.7991932620297053,True,False,True,23.4853993769142,4.242223247564302,23.459253822574055,23.511544931254342,0.05229110868028641,7.173211517649092,followup_needed,0,,,False,,,,0,False,,no_prior,,No reliable period. Methods disagree at Tier 2 and Tier 3 could not resolve ambiguity. More observations needed.,sparse,4,1,6.0,1.9070833333244082,low,mbls,,0
1999 XS58,2026-03-21T04:46:22.229054+00:00,True,2.3104052026013004,0.7522216105170034,97.92076199246142,24,,3,915.3030555555015,"Lg,Li,Lr,Lu,Lz",False,True,10.02238306549073,11.31425372155901,10.02238306549073,10.02238306549073,39.29117594096495,6.1450695643117115e-09,0.9645195056257452,False,0.12889855113564216,True,False,True,11.31425372155901,8.473774043331295,11.298997319003181,11.32951012411484,0.03051280511165899,1.6514568174807829,followup_needed,0,,,False,,,,0,False,,no_prior,,No reliable period. Methods disagree at Tier 2 and Tier 3 could not resolve ambiguity. More observations needed.,sparse,7,1,2.0,0.5855555555317551,low,mbls,,0
1999 XU110,2026-03-21T04:46:23.095566+00:00,True,21.131565782891446,0.8382222146194845,81.1952059120741,22,,2,527.7966666666325,"Lg,Li,Lr,Lu,Ly,Lz",True,False,21.599324003448878,19.82755749331819,21.599324003448878,21.599324003448878,34.59188738596019,5.8241331979402844e-08,0.33290034423950376,True,0.08202879450522155,False,,,,,,,,,confirmed,1,21.599324003448878,,False,24.4,21.599324003448878,1.7717665101306073,1,False,,no_prior,,"All 3 methods agree (spread=8.2%), p=5.82e-08, sparse regime. Moderate confidence.",sparse,7,1,3.0,0.9886111111845821,low,mbls,,0
1999 XV232,2026-03-21T04:46:23.844671+00:00,True,16.629064532266135,0.5617055310100718,42.9613671578652,21,,2,270.02166666666744,"Lg,Li,Lr,Lz",True,False,18.17439734372021,16.38139149184462,18.17439734372021,18.17439734372021,15.412065487424083,2.3893749933834307e-05,0.850635069725731,True,0.09865558774607873,False,,,,,,,,,confirmed,1,18.17439734372021,,False,14.9,18.17439734372021,1.7930058518754892,1,False,,no_prior,,"All 3 methods agree (spread=9.9%), p=2.39e-05, sparse regime. Moderate confidence.",sparse,5,1,4.0,0.5861111110425554,low,mbls,,0
1999 XV241,2026-03-21T04:46:25.507489+00:00,True,1.0290145072536268,0.34054504546902753,23.163230454724793,38,,3,381.78111111104954,"Lg,Li,Lr,Ly,Lz",False,True,0.38407370956387055,1.4075357468708098,0.38407370956387055,0.38407370956387055,8.353468791496965,9.052287414679228e-05,0.1366630596828763,False,2.6647542172736904,True,False,True,1.4075357468708098,1.278550865719438,1.40471126042224,1.4103602333193797,0.005648972897139615,2.110316879326925,followup_needed,0,,,False,,,,0,False,,no_prior,,No reliable period. Methods disagree at Tier 2 and Tier 3 could not resolve ambiguity. More observations needed.,sparse,5,1,2.0,0.6702777778264135,medium,"mbls,mhaov,clean",,0
1999 XX92,2026-03-21T04:46:25.553128+00:00,False,,0.0,7.869855423314176,18,n_obs=18 < min_obs=20,1,313.9291666667559,"Lg,Li,Lr,Ly,Lz",,,,,,,,,,,,False,,,,,,,,,t1_rejected,0,,,False,,,,0,False,,no_prior,,Tier 1 failed: n_obs=18 < min_obs=20,sparse,7,1,2.0,0.566666666592937,low,mbls,,0
1999 XY163,2026-03-21T04:46:25.606876+00:00,False,,0.0,39.33807637038371,19,n_obs=19 < min_obs=20,2,478.1724999999278,"Lg,Li,Lr,Ly,Lz",,,,,,,,,,,,False,,,,,,,,,t1_rejected,0,,,False,,,,0,False,,no_prior,,Tier 1 failed: n_obs=19 < min_obs=20,sparse,7,1,3.0,0.8574999999837019,low,mbls,,0
1999 YE13,2026-03-21T04:46:26.554329+00:00,True,11.726863431715858,0.38296341682544044,78.25340908062512,24,,2,598.1663888887851,"Lg,Li,Lr,Lz",False,True,14.88182341420794,36.017575393231795,14.88182341420794,14.88182341420794,37.16926310400585,9.76951819442462e-09,0.2543235795120316,False,1.420239401499937,True,False,True,36.017575393231795,11.905458731366352,35.987712202434054,36.047438584029535,0.05972638159547827,2.4163887192267883,followup_needed,0,,,False,,,,0,False,,no_prior,,No reliable period. Methods disagree at Tier 2 and Tier 3 could not resolve ambiguity. More observations needed.,sparse,5,1,2.0,0.5902777778101154,low,mbls,,0
1999 YE15,2026-03-21T04:46:27.909856+00:00,True,1.2993996998499249,0.5829326333302339,21.376290463601023,20,,2,265.85527777770767,"Lg,Li,Lr,Ly,Lz",True,False,1.372606285327937,1.372606285327937,1.372606285327937,1.372606285327937,10.771284000052773,0.00025545340463339894,0.4553149868747018,True,0.0,False,,,,,,,,,confirmed,1,1.372606285327937,,False,193.7,1.372606285327937,0.0,1,False,,no_prior,,"All 3 methods agree (spread=0.0%), p=2.55e-04, sparse regime. Moderate confidence.",sparse,7,1,3.0,0.6694444444729015,low,mbls,,0
2000 AA69,2026-03-21T04:46:28.856340+00:00,True,14.007503751875939,0.8423997644233315,8.211625993106031,20,,2,504.7297222223715,"Lg,Li,Lr,Lz",False,True,7.105425753890616,8.441832453405762,7.105425753890616,7.105425753890616,28.601131686753572,7.305063649543087e-07,0.15027275567384035,False,0.18808256476161211,True,False,True,8.441832453405762,9.79139630381645,8.428324100870624,8.455340805940901,0.027016705070277425,1.2481900858479351,followup_needed,0,,,False,,,,0,False,,no_prior,,No reliable period. Methods disagree at Tier 2 and Tier 3 could not resolve ambiguity. More observations needed.,sparse,5,1,4.0,0.6319444444379769,low,mbls,,0
2000 AE108,2026-03-21T04:46:29.960134+00:00,True,0.9702351175587793,0.7995136236374464,163.28175604702886,32,,4,651.2411111110705,"Lg,Li,Lr,Ly,Lz",False,True,4.192855159657188,12.368861406361734,4.192855159657188,4.192855159657188,80.40679719287577,1.354472090042691e-14,0.7347679022116298,False,1.9499853764018584,True,False,True,12.368861406361734,3.415985006329401,12.344040948690106,12.393681864033363,0.04964091534325732,7.5235326850173845,followup_needed,0,,,False,,,,0,False,,no_prior,,No reliable period. Methods disagree at Tier 2 and Tier 3 could not resolve ambiguity. More observations needed.,sparse,7,1,2.0,0.590555555478204,medium,"mbls,mhaov,clean",,0
2000 AE50,2026-03-21T04:46:31.380487+00:00,True,15.829664832416208,0.8899722280802379,22.227493590300053,20,,1,502.7233333333279,"Lg,Li,Lr,Ly,Lz",False,True,6.756301159429272,8.5019846206289,6.756301159429272,6.756301159429272,41.182067487991446,6.415934727943551e-08,0.4801138615504812,False,0.25837857431252115,True,False,True,8.5019846206289,9.64506081377031,8.488426825660145,8.515542415597654,0.027115589937507956,1.3440178585286278,followup_needed,0,,,False,,,,0,False,,no_prior,,No reliable period. Methods disagree at Tier 2 and Tier 3 could not resolve ambiguity. More observations needed.,sparse,8,1,2.0,0.5655555554840248,low,mbls,,0
2000 AE85,2026-03-21T04:46:33.526627+00:00,True,1.1113056528264131,0.503745215178918,35.66997929013683,29,,2,914.1774999999907,"Li,Lr,Ly,Lz",False,True,2.036763099639581,1.103915940968359,2.036763099639581,2.036763099639581,21.599175103970797,1.1580534065025461e-07,0.2710918426050399,False,0.4580047423462442,True,False,True,1.103915940968359,2.3977946858633192,1.0998287909356377,1.1080030910010803,0.008174300065442619,1.216513162860338,followup_needed,0,,,False,,,,0,False,,no_prior,,No reliable period. Methods disagree at Tier 2 and Tier 3 could not resolve ambiguity. More observations needed.,sparse,4,1,2.5,0.6877777778136078,low,mbls,,0
2000 AG125,2026-03-21T04:46:33.570946+00:00,False,,0.0,17.41226788084029,17,n_obs=17 < min_obs=20,2,530.792499999865,"Lg,Li,Lr,Ly,Lz",,,,,,,,,,,,False,,,,,,,,,t1_rejected,0,,,False,,,,0,False,,no_prior,,Tier 1 failed: n_obs=17 < min_obs=20,sparse,5,1,4.0,0.9558333334280178,low,mbls,,0
2000 AG129,2026-03-21T04:46:34.591466+00:00,True,1.8284142071035518,0.6805256633435146,55.430650909918405,20,,2,915.0494444443029,"Lg,Li,Lr,Lu,Lz",True,False,7.102440955716354,7.111779203323032,7.102440955716354,7.102440955716354,15.49570166751159,3.3129876394699664e-05,0.5071904558257534,True,0.0013147941200638568,False,,,,,,,,,confirmed,1,7.102440955716354,,False,128.8,7.102440955716354,0.009338247606676581,1,False,,no_prior,,"All 3 methods agree (spread=0.1%), p=3.31e-05, sparse regime. Moderate confidence.",sparse,7,1,2.0,0.7488888889783993,low,mbls,,0
2000 AH88,2026-03-21T04:46:35.878786+00:00,True,1.5110055027513758,0.7203819079560251,8.696166534025412,20,,2,241.45305555540835,"Li,Lr,Ly,Lz",False,True,0.7570593424693268,10.051982290827448,0.7570593424693268,0.7570593424693268,19.976851436885347,7.163516794528313e-06,0.24479708793281535,False,12.277667584192633,True,False,True,10.051982290827448,0.7565529482603173,10.031811088906057,10.07215349274884,0.04034240384278398,1.8011662473238943,followup_needed,0,,,False,,,,0,False,,no_prior,,No reliable period. Methods disagree at Tier 2 and Tier 3 could not resolve ambiguity. More observations needed.,sparse,6,1,2.0,0.8205555555468891,low,mbls,,0
2000 AJ45,2026-03-21T04:46:35.924696+00:00,False,,0.0,104.13332087297398,19,n_obs=19 < min_obs=20,2,479.7608333333046,"Lg,Li,Lr,Lz",,,,,,,,,,,,False,,,,,,,,,t1_rejected,0,,,False,,,,0,False,,no_prior,,Tier 1 failed: n_obs=19 < min_obs=20,sparse,6,1,3.5,1.3141666666197125,low,mbls,,0
2000 AN41,2026-03-21T04:46:39.582098+00:00,True,0.6175629725534835,0.6024315747414136,32.4341432630095,20,,1,241.3674999999348,"Li,Lr,Ly,Lz",False,True,3.835242263718696,15.366205617207546,3.835242263718696,3.835242263718696,9.637797234163267,0.0004581863786847773,0.3048809466722893,False,3.0065801742352742,True,False,True,15.366205617207546,3.329862513917637,15.335370421989074,15.397040812426019,0.061670390436944444,3.187849843438164,followup_needed,0,,,False,,,,0,False,,no_prior,,No reliable period. Methods disagree at Tier 2 and Tier 3 could not resolve ambiguity. More observations needed.,sparse,5,1,3.0,0.9763888888992369,low,mbls,,0
2000 AP148,2026-03-21T04:46:39.633361+00:00,False,,0.0,130.4829264383368,19,n_obs=19 < min_obs=20,2,552.1130555556156,"Lg,Li,Lr,Ly,Lz",,,,,,,,,,,,False,,,,,,,,,t1_rejected,0,,,False,,,,0,False,,no_prior,,Tier 1 failed: n_obs=19 < min_obs=20,sparse,6,1,2.0,1.1605555555725005,low,mbls,,0
2000 AP57,2026-03-21T04:46:40.542006+00:00,True,6.21335667833917,0.6521118459749204,83.60125541631382,20,,2,269.9888888889109,"Lg,Li,Lr,Lz",False,True,8.243964096086057,32.8991957632701,8.243964096086057,8.243964096086057,8.38858441423769,0.0009229411554395606,1.5173627858060958,False,2.9907010001276557,True,False,True,32.8991957632701,26.319356610616083,32.882652691505385,32.915738835034816,0.03308614352943806,6.896148056563718,followup_needed,0,,,False,,,,0,False,,no_prior,,No reliable period. Methods disagree at Tier 2 and Tier 3 could not resolve ambiguity. More observations needed.,sparse,4,1,5.5,2.831666666606907,low,mbls,,0
2000 AQ75,2026-03-21T04:46:41.602442+00:00,True,0.9702351175587793,0.3873545118156473,130.76075867343232,29,,3,533.3947222221759,"Lg,Li,Lr,Ly,Lz",False,True,4.711371128211655,6.715820230889037,4.711371128211655,4.711371128211655,32.16699386826317,2.5317014040737718e-09,0.2484454414795214,False,0.4254492053649371,True,False,True,6.715820230889037,3.7690969025693244,6.706365974444465,6.725274487333609,0.01890851288914419,1.5112497077335816,followup_needed,0,,,False,,,,0,False,,no_prior,,No reliable period. Methods disagree at Tier 2 and Tier 3 could not resolve ambiguity. More observations needed.,sparse,5,1,2.0,0.5222222222364508,low,mbls,,0
2000 AR45,2026-03-21T04:46:41.659454+00:00,False,,0.0,148.05017971151858,19,n_obs=19 < min_obs=20,1,552.0919444444589,"Lg,Li,Lr,Ly,Lz",,,,,,,,,,,,False,,,,,,,,,t1_rejected,0,,,False,,,,0,False,,no_prior,,Tier 1 failed: n_obs=19 < min_obs=20,sparse,6,1,3.0,1.1144444445089903,low,mbls,,0
2000 AS187,2026-03-21T04:46:46.432030+00:00,True,0.615473829239946,0.5941052884929575,116.98091908741189,30,,3,533.428333333286,"Li,Lr,Ly,Lz",True,False,1.554361054405609,1.6763805713466553,1.554361054405609,1.554361054405609,25.007935511497582,2.00869650912594e-08,0.17547137863111784,True,0.07850139875489116,False,,,,,,,,,confirmed,2,1.554361054405609,,False,343.2,1.554361054405609,0.12201951694096778,2,False,,no_prior,,"All 3 methods agree (spread=7.9%), p=2.01e-08, sparse regime. Moderate confidence.",sparse,3,1,4.0,1.220833333209157,medium,"mbls,mhaov,clean",,0
2000 AU54,2026-03-21T04:46:46.478821+00:00,False,,0.0,71.97168339848149,19,n_obs=19 < min_obs=20,2,915.3469444443472,"Lg,Li,Lr,Lz",,,,,,,,,,,,False,,,,,,,,,t1_rejected,0,,,False,,,,0,False,,no_prior,,Tier 1 failed: n_obs=19 < min_obs=20,sparse,5,1,4.0,0.8122222220990807,low,mbls,,0
2000 AU81,2026-03-21T04:46:51.045668+00:00,True,0.5296779842428716,0.42692133931595094,34.68423235859911,44,,3,533.4611111110426,"Lg,Li,Lr,Ly,Lz",False,True,0.5012754141474793,2.141307799643693,0.5012754141474793,0.5012754141474793,11.455518670472289,3.0326545970016383e-06,0.10405269707579734,False,3.271719177135687,True,False,True,2.141307799643693,0.6008598944162428,2.1370108609153116,2.145604738372074,0.008593877456762655,2.01134896495963,followup_needed,0,,,False,,,,0,False,,no_prior,,No reliable period. Methods disagree at Tier 2 and Tier 3 could not resolve ambiguity. More observations needed.,sparse,3,1,4.0,1.1163888887967914,medium,"mbls,mhaov,clean",,0
2000 AW84,2026-03-21T04:46:51.843779+00:00,True,18.96848424212106,0.8910024397533838,16.97572101933327,21,,2,242.24277777783573,"Li,Lr,Ly,Lz",True,False,12.080127259361593,22.861541307499365,12.080127259361593,22.861541307499365,63.44390349277186,1.3051481007053667e-09,0.49399348166259816,True,0.05375411961067372,False,,,,,,,,,confirmed,-1,22.861541307499365,,False,10.6,22.861541307499365,1.228902025927679,-1,True,"1-day alias (24.0hr, Δ=4.7%)",no_prior,,"Period 22.862hr is close to known alias: 1-day alias (24.0hr, Δ=4.7%). Independent confirmation required.",sparse,4,1,3.5,0.831805555644678,low,mbls,,0
2000 AX112,2026-03-21T04:46:52.841055+00:00,True,1.7226113056528265,0.7349189224532263,57.47560576295967,20,,2,501.1258333332371,"Lg,Li,Lr,Lu,Lz",False,True,4.824873715617395,8.458354343894188,4.824873715617395,4.824873715617395,13.365393800405158,7.779481004321909e-05,0.1178249918140673,False,0.7530726900716606,True,False,True,8.458354343894188,4.22781576418648,8.441381057585373,8.475327630203003,0.03394657261763001,3.167723928245238,followup_needed,0,,,False,,,,0,False,,no_prior,,No reliable period. Methods disagree at Tier 2 and Tier 3 could not resolve ambiguity. More observations needed.,sparse,7,1,2.0,0.6716666666907258,low,mbls,,0
2000 AX4,2026-03-21T04:46:52.881462+00:00,False,,0.0,12.346481504822876,19,n_obs=19 < min_obs=20,2,365.6877777777845,"Lg,Li,Lr,Lz",,,,,,,,,,,,False,,,,,,,,,t1_rejected,0,,,False,,,,0,False,,no_prior,,Tier 1 failed: n_obs=19 < min_obs=20,sparse,3,1,2.0,0.590555555652827,low,mbls,,0
2000 AY122,2026-03-21T04:46:53.830547+00:00,True,0.7821410705352676,0.6826280403504528,21.020216264124425,21,,3,289.69861111126374,"Li,Lr,Lu,Ly,Lz",False,True,5.298548803411376,29.7905196346089,5.298548803411376,5.298548803411376,22.335058522520544,2.2052513354298142e-06,0.3573436764901152,False,4.622392232270124,True,False,True,29.7905196346089,5.046912037496856,29.77988709520406,29.801152174013737,0.021265078809674876,1.0485212105609474,followup_needed,0,,,False,,,,0,False,,no_prior,,No reliable period. Methods disagree at Tier 2 and Tier 3 could not resolve ambiguity. More observations needed.,sparse,7,1,3.0,0.9533333333674818,low,mbls,,0
2000 AY45,2026-03-21T04:46:54.675601+00:00,True,5.801900950475238,0.6767330508777866,92.82998862382505,25,,2,385.1952777777915,"Lg,Li,Lr,Ly,Lz",True,False,5.253127918577495,9.805438189251344,5.253127918577495,9.805438189251344,47.32771084540298,6.372506966556557e-10,0.2413579704219451,True,0.06670479557761799,False,,,,,,,,,confirmed,1,9.805438189251344,,False,39.3,9.805438189251344,0.6540697499629796,1,False,,no_prior,,"All 3 methods agree (spread=6.7%), p=6.37e-10, sparse regime. Moderate confidence.",sparse,3,1,9.0,0.4636111112195067,low,mbls,,0
2000 AZ176,2026-03-21T04:46:54.756018+00:00,False,,0.0,6.27211565584515,16,n_obs=16 < min_obs=20,0,526.7355555556132,"Lg,Li,Lr,Ly,Lz",,,,,,,,,,,,False,,,,,,,,,t1_rejected,0,,,False,,,,0,False,,no_prior,,Tier 1 failed: n_obs=16 < min_obs=20,sparse,4,1,5.0,1.9133333333884366,low,mbls,,0
2000 AZ78,2026-03-21T04:46:55.613681+00:00,True,7.388944472236118,0.7217467845396689,11.56237145539243,22,,2,529.5466666665743,"Lg,Li,Lr,Ly,Lz",True,False,21.350452235120564,19.85288175931914,21.350452235120564,21.350452235120564,11.70479201108366,9.467103132232424e-05,0.230669310535079,True,0.07014233044384495,False,,,,,,,,,confirmed,1,21.350452235120564,,False,24.8,21.350452235120564,1.4975704758013546,1,False,,no_prior,,"All 3 methods agree (spread=7.0%), p=9.47e-05, sparse regime. Moderate confidence.",sparse,5,1,3.0,1.8991666667279787,low,mbls,,0
2000 BJ11,2026-03-21T04:46:57.129305+00:00,True,6.906953476738369,0.8813205769209508,22.796304092577444,21,,2,747.3758333333535,"Lg,Li,Lr,Lz",True,False,17.272079048714154,17.284837432313306,17.272079048714154,17.272079048714154,113.22242311290086,1.6042056572018737e-11,0.36702049589049685,True,0.0007386709824085333,False,,,,,,,,,confirmed,1,17.272079048714154,,False,43.3,17.272079048714154,0.01275838359915153,1,False,,no_prior,,"All 3 methods agree (spread=0.1%), p=1.60e-11, sparse regime. Moderate confidence.",sparse,5,1,4.0,0.8130555556272157,low,mbls,,0
2000 BK6,2026-03-21T04:46:58.524186+00:00,True,4.826163081540771,0.7627299976257093,14.011700369534898,22,,1,261.1316666667117,"Lg,Li,Lr,Ly,Lz",False,True,5.756883777000205,3.2141319075676553,5.756883777000205,5.756883777000205,23.75613817052247,8.995020223112604e-07,0.2669228920396398,False,0.44168893587722974,True,False,True,3.2141319075676553,2.6573023663903825,3.2025796324298628,3.225684182705448,0.023104550275585112,2.5112550406507124,followup_needed,0,,,False,,,,0,False,,no_prior,,No reliable period. Methods disagree at Tier 2 and Tier 3 could not resolve ambiguity. More observations needed.,sparse,5,1,4.0,0.17027777776820585,low,mbls,,0
2000 BP12,2026-03-21T04:47:00.064067+00:00,True,3.286143071535768,0.6778444524841378,17.159455717175135,27,,4,3213.086944444338,"Lg,Li,Lr,Ly,Lz",False,True,7.176181672846675,11.542623707465685,7.176181672846675,7.176181672846675,26.325743182098762,4.146721421793842e-08,0.440998011931401,False,0.6084631401041865,True,False,True,11.542623707465685,5.750545581317938,11.51946125186542,11.56578616306595,0.04632491120052862,1.5904491352616659,followup_needed,0,,,False,,,,0,False,,no_prior,,No reliable period. Methods disagree at Tier 2 and Tier 3 could not resolve ambiguity. More observations needed.,sparse,10,2,2.5,0.8937500001629815,low,mbls,,0
2000 BY19,2026-03-21T04:47:09.393218+00:00,True,0.08570326311591364,0.1884913188051986,5.000039605855631,38,,2,550.8519444444682,"Lg,Li,Lr,Ly,Lz",False,True,0.05288132446838152,0.10576264893676304,0.05288132446838152,0.10576264893676304,4.269519860388532,0.006801569590599188,0.08200064953603234,False,0.0,True,False,True,0.10576264893676304,0.12691517872411565,0.10555041619642175,0.10597488167710434,0.0004244654806826037,2.033343163166429,followup_needed,0,,,False,,,,0,False,,no_prior,,No reliable period. Methods disagree at Tier 2 and Tier 3 could not resolve ambiguity. More observations needed.,sparse,4,1,2.0,0.5184722223202698,medium,"mbls,mhaov,clean",,0
2000 CA64,2026-03-21T04:47:09.438071+00:00,False,,0.0,37.475569391143935,19,n_obs=19 < min_obs=20,2,289.76222222222714,"Li,Lr,Lu,Ly,Lz",,,,,,,,,,,,False,,,,,,,,,t1_rejected,0,,,False,,,,0,False,,no_prior,,Tier 1 failed: n_obs=19 < min_obs=20,sparse,8,1,2.5,0.6288888888666406,low,mbls,,0
2000 CB84,2026-03-21T04:47:11.061211+00:00,True,4.508754377188595,0.7897890977908225,93.60668443585433,20,,2,581.1408333333093,"Lg,Li,Lr,Ly,Lz",False,True,7.944329453000115,9.024641392357417,7.944329453000115,7.944329453000115,36.1286128372983,1.5541234921201408e-07,0.280820053307563,False,0.13598528934990148,True,False,True,9.024641392357417,10.105183739669776,9.012254568614257,9.037028216100577,0.024773647486319383,1.6979202902835309,followup_needed,0,,,False,,,,0,False,,no_prior,,No reliable period. Methods disagree at Tier 2 and Tier 3 could not resolve ambiguity. More observations needed.,sparse,6,1,2.0,0.7695833333709743,low,mbls,,0
2000 CF35,2026-03-21T04:47:11.991879+00:00,True,1.7696348174087044,0.6690212891311936,192.02965930290512,20,,1,551.0969444444636,"Lg,Li,Lr,Ly,Lz",False,True,4.947424028786651,37.47535188067525,4.947424028786651,4.947424028786651,10.20070402333714,0.0003408825342281485,0.44166821639668175,False,6.5747200285679686,True,False,True,37.47535188067525,4.043981380051697,37.44535046844512,37.505353292905376,0.06000282446025906,1.2341128571316806,followup_needed,0,,,False,,,,0,False,,no_prior,,No reliable period. Methods disagree at Tier 2 and Tier 3 could not resolve ambiguity. More observations needed.,sparse,6,1,2.0,1.0036111111112405,low,mbls,,0
2000 CH8,2026-03-21T04:47:13.269536+00:00,True,1.781390695347674,0.42074978643788563,32.23438372031,22,,2,333.21833333338145,"Lg,Li,Lr,Ly",True,False,0.7351361328870462,0.7638372567956687,0.7351361328870462,0.7351361328870462,12.223042547339789,7.285660348110845e-05,0.1369961308113175,True,0.03904191703360805,False,,,,,,,,,confirmed,1,0.7351361328870462,,False,453.3,0.7351361328870462,0.02870112390858352,1,False,,no_prior,,"All 3 methods agree (spread=3.9%), p=7.29e-05, sparse regime. Moderate confidence.",sparse,3,1,4.0,0.7349999999860302,low,mbls,,0
2000 CK115,2026-03-21T04:47:14.219713+00:00,True,1.0055027513756878,0.8739233588482115,21.666844070491646,23,,1,365.6991666665417,"Lg,Li,Lr,Lz",False,True,6.51622159862859,11.563008830190354,6.51622159862859,6.51622159862859,37.606911251609105,1.643661229344673e-08,0.19283491222737564,False,0.7744959490977318,True,False,True,11.563008830190354,5.230411985521277,11.539805467989305,11.586212192391402,0.0464067244020967,5.386246019689393,followup_needed,0,,,False,,,,0,False,,no_prior,,No reliable period. Methods disagree at Tier 2 and Tier 3 could not resolve ambiguity. More observations needed.,sparse,3,1,2.0,0.6702777778264135,low,mbls,,0
2000 CK91,2026-03-21T04:47:14.279224+00:00,False,,0.0,20.61253707472788,19,n_obs=19 < min_obs=20,3,240.86861111107282,"Li,Lr,Ly,Lz",,,,,,,,,,,,False,,,,,,,,,t1_rejected,0,,,False,,,,0,False,,no_prior,,Tier 1 failed: n_obs=19 < min_obs=20,sparse,6,1,3.5,0.8390277778962627,low,mbls,,0
2000 CL61,2026-03-21T04:47:18.440109+00:00,True,0.9491243676708031,0.7819842974036669,8.212220262709645,20,,2,478.6169444443658,"Lg,Li,Lr,Ly,Lz",False,True,1.89790865406522,3.2139337167331106,1.89790865406522,1.89790865406522,18.49629985309917,1.1489056090607797e-05,0.2217299470931604,False,0.6934080098366912,True,False,True,3.2139337167331106,2.7431300485293972,3.2074843514152525,3.2203830820509687,0.012898730635716227,1.825752215071732,followup_needed,0,,,False,,,,0,False,,no_prior,,No reliable period. Methods disagree at Tier 2 and Tier 3 could not resolve ambiguity. More observations needed.,sparse,7,1,3.0,0.6197222223272547,low,mbls,,0
2000 CL77,2026-03-21T04:47:19.278035+00:00,True,5.131815907953977,0.6720052949864015,59.47950907539944,26,,3,915.2055555555853,"Lg,Li,Lr,Lz",True,False,6.511591741185698,13.009303793277098,6.511591741185698,13.009303793277098,20.466893654172754,5.314840678671828e-07,0.30037152083076724,True,0.0010657677604776366,False,,,,,,,,,confirmed,1,13.009303793277098,,False,70.4,13.009303793277098,0.013864896569134156,1,False,,no_prior,,"All 3 methods agree (spread=0.1%), p=5.31e-07, sparse regime. Moderate confidence.",sparse,7,1,4.0,0.7488888888037764,low,mbls,,0
2000 CO20,2026-03-21T04:47:20.277688+00:00,True,2.4514757378689342,0.6087660246197637,98.6412362765915,22,,2,652.3288888888783,"Lg,Li,Lr,Lu,Lz",False,True,7.916803558498156,32.14313425468987,7.916803558498156,7.916803558498156,18.54492229099705,4.990508021274209e-06,0.31071989427126323,False,3.0601151736527954,True,False,True,32.14313425468987,6.735902425692077,32.127247692365124,32.159020817014614,0.031773124649490114,1.2065692118359486,followup_needed,0,,,False,,,,0,False,,no_prior,,No reliable period. Methods disagree at Tier 2 and Tier 3 could not resolve ambiguity. More observations needed.,sparse,6,1,3.0,0.9406944444926921,low,mbls,,0
2000 CT83,2026-03-21T04:47:21.657259+00:00,True,1.4639819909954976,0.5390301558839754,49.89404806041218,21,,2,264.50388888880843,"Lg,Li,Lr,Ly,Lz",False,True,1.712064810331141,9.749091201152428,1.712064810331141,1.712064810331141,17.83939457367136,9.541671832535847e-06,0.4490464325437096,False,4.69434704943331,True,False,True,9.749091201152428,1.3788133990894273,9.729527807437742,9.768654594867114,0.039126787429371035,1.4065495620500423,followup_needed,0,,,False,,,,0,False,,no_prior,,No reliable period. Methods disagree at Tier 2 and Tier 3 could not resolve ambiguity. More observations needed.,sparse,7,1,3.0,0.9450000000069849,low,mbls,,0
2000 CT86,2026-03-21T04:47:23.149569+00:00,True,2.157578789394697,0.5796740084183881,20.567096983544328,21,,2,265.85527777770767,"Lg,Li,Lr,Ly,Lz",False,True,1.5758299289691529,23.767275101371958,1.5758299289691529,1.5758299289691529,13.6241228604621,5.0583014487237676e-05,0.27765580927784844,False,14.082385899921007,True,False,True,23.767275101371958,1.2817452800177191,23.742260820842354,23.79228938190156,0.05002856105921083,2.6736858966837644,followup_needed,0,,,False,,,,0,False,,no_prior,,No reliable period. Methods disagree at Tier 2 and Tier 3 could not resolve ambiguity. More observations needed.,sparse,6,1,3.0,0.8170833333861083,low,mbls,,0
2000 CU128,2026-03-21T04:47:24.078892+00:00,True,2.392696348174087,0.18440779561688572,4.823456136291218,22,,2,263.91472222219454,"Lg,Li,Lr,Lz",False,False,2.735704557914449,0.7740017340804695,2.735704557914449,2.735704557914449,1.3328500130702365,0.29810631818508826,0.16423868144071593,False,0.7170740781046755,False,,,,,,,,,t2_rejected,0,,,False,,,,0,False,,no_prior,,No reliable period. Methods disagree at Tier 2 and Tier 3 could not resolve ambiguity. More observations needed.,sparse,3,1,2.0,0.42277777777053416,low,mbls,,0
2000 CY62,2026-03-21T04:47:25.722857+00:00,True,8.552776388194097,0.5802415848255683,135.01862204829425,93,,3,332.8205555555178,"Lg,Li,Lr",False,True,1.4073739876438762,6.962368169458511,1.4073739876438762,1.4073739876438762,47.354615055891415,1.1102230246251565e-16,0.4860670393738593,False,3.947063275704319,True,False,True,6.962368169458511,1.4158464731882205,6.948396862095051,6.976339476821971,0.0279426147269195,1.1368901495749535,followup_needed,0,,,False,,,,0,False,,no_prior,,No reliable period. Methods disagree at Tier 2 and Tier 3 could not resolve ambiguity. More observations needed.,sparse,7,1,12.0,0.44583333330228925,medium,"mbls,mhaov,clean",,0
2000 DB72,2026-03-21T04:47:25.769934+00:00,False,,0.0,30.41356974776868,19,n_obs=19 < min_obs=20,2,484.64694444456836,"Lg,Li,Lr,Ly,Lz",,,,,,,,,,,,False,,,,,,,,,t1_rejected,0,,,False,,,,0,False,,no_prior,,Tier 1 failed: n_obs=19 < min_obs=20,sparse,5,1,3.0,1.6002777776448056,low,mbls,,0
2000 DE15,2026-03-21T04:47:26.765929+00:00,True,1.3816908454227113,0.6888946749154893,12.215199284202034,21,,2,455.6227777777822,"Li,Lr,Ly,Lz",False,True,8.474505045152632,9.87515325581866,8.474505045152632,8.474505045152632,18.47461849623879,7.627656143593953e-06,0.15146847112410522,False,0.1652778779649231,True,False,True,9.87515325581866,7.3464605608814795,9.860392636448621,9.889913875188698,0.029521238740077393,1.1042710630493868,followup_needed,0,,,False,,,,0,False,,no_prior,,No reliable period. Methods disagree at Tier 2 and Tier 3 could not resolve ambiguity. More observations needed.,sparse,7,1,2.0,0.5797222222317941,low,mbls,,0
2000 DG104,2026-03-21T04:47:27.686860+00:00,True,1.4287143571785892,0.6871156472852489,17.45279195584545,20,,3,242.24833333329298,"Li,Lr,Ly,Lz",False,True,8.332477592580886,19.610270748912303,8.332477592580886,8.332477592580886,64.20475694881569,2.9602323925459473e-09,0.2216504578392372,False,1.3534741655197058,True,False,True,19.610270748912303,7.981343085335003,19.57091903503489,19.649622462789715,0.07870342775482797,1.1069444522469767,followup_needed,0,,,False,,,,0,False,,no_prior,,No reliable period. Methods disagree at Tier 2 and Tier 3 could not resolve ambiguity. More observations needed.,sparse,6,1,3.5,0.8311111110378988,low,mbls,,0
2000 DG56,2026-03-21T04:47:27.743209+00:00,False,,0.0,93.09580667361092,18,n_obs=18 < min_obs=20,1,551.6327777778497,"Lg,Li,Lr,Ly,Lz",,,,,,,,,,,,False,,,,,,,,,t1_rejected,0,,,False,,,,0,False,,no_prior,,Tier 1 failed: n_obs=18 < min_obs=20,sparse,5,1,4.0,1.9694444445194677,low,mbls,,0
2000 DK35,2026-03-21T04:47:29.215637+00:00,True,0.7821410705352676,0.5889816760402588,47.21240557627535,21,,2,915.060277777724,"Lg,Li,Lr,Lu,Lz",False,True,4.041697081507375,1.0345577761377251,4.041697081507375,4.041697081507375,27.03203804727281,6.072826626013494e-07,0.31632311736104485,False,0.7440288682513968,True,False,True,1.0345577761377251,0.8317982922525389,1.026447347211624,1.0426682050638263,0.016220857852202286,1.6977449017324666,followup_needed,0,,,False,,,,0,False,,no_prior,,No reliable period. Methods disagree at Tier 2 and Tier 3 could not resolve ambiguity. More observations needed.,sparse,7,1,3.0,0.7488888889783993,low,mbls,,0
2000 DL47,2026-03-21T04:47:30.508869+00:00,True,4.203101550775388,0.6958044098798238,14.701645463510546,20,,2,504.6963888889295,"Lg,Li,Lr,Lz",False,True,1.4832243284032551,5.338139495312259,1.4832243284032551,1.4832243284032551,25.774138216638093,1.434504964925587e-06,0.4366388702662632,False,2.599010205729541,True,False,True,5.338139495312259,4.563305869571282,5.327427509702937,5.348851480921581,0.0214239712186437,1.8439748961950293,followup_needed,0,,,False,,,,0,False,,no_prior,,No reliable period. Methods disagree at Tier 2 and Tier 3 could not resolve ambiguity. More observations needed.,sparse,7,1,2.0,0.5736111112637445,low,mbls,,0
2000 DM94,2026-03-21T04:47:35.331446+00:00,True,0.5407982351113357,0.5243103626973067,11.30961494290075,21,,3,502.756944444438,"Lg,Li,Lr,Ly,Lz",False,True,1.0128392789122715,7.5868856260227355,1.0128392789122715,1.0128392789122715,10.428223172498104,0.0002366698253459809,0.17869191609783186,False,6.49071030713195,True,False,True,7.5868856260227355,6.93223128103482,7.571661106371857,7.602110145673614,0.030449039301757352,1.091767789338271,followup_needed,0,,,False,,,,0,False,,no_prior,,No reliable period. Methods disagree at Tier 2 and Tier 3 could not resolve ambiguity. More observations needed.,sparse,7,1,2.0,0.6127777778310701,low,mbls,,0
2000 DN35,2026-03-21T04:47:36.658453+00:00,True,3.6623311655827915,0.8570160351940923,14.388234755561646,25,,3,502.6775000001071,"Lg,Li,Lr,Ly,Lz",False,True,2.188089972245073,20.339902026216745,2.188089972245073,2.188089972245073,49.95734607438879,3.9205094726213474e-10,0.4172588079112878,False,8.2957338519946,True,False,True,20.339902026216745,1.8851236683957553,20.301132402241695,20.378671650191794,0.07753924795009937,2.194211704002004,followup_needed,0,,,False,,,,0,False,,no_prior,,No reliable period. Methods disagree at Tier 2 and Tier 3 could not resolve ambiguity. More observations needed.,sparse,8,1,2.0,0.3466666665917728,low,mbls,,0
2000 DV73,2026-03-21T04:47:40.360013+00:00,True,9.969884093909826,0.6927523940962764,34.90575305584728,21,,2,313.5552777777775,"Lg,Li,Lr,Ly,Lz",False,True,7.316895343529,10.587955579266835,7.316895343529,7.316895343529,28.792276382865268,3.932846622811681e-07,0.1745287652792364,False,0.4470557637031512,True,False,True,10.587955579266835,6.274421291240253,10.573272846136007,10.602638312397662,0.029365466261657147,1.462770531966372,followup_needed,0,,,False,,,,0,False,,no_prior,,No reliable period. Methods disagree at Tier 2 and Tier 3 could not resolve ambiguity. More observations needed.,sparse,7,1,3.0,0.9533333333674818,low,mbls,,0
2000 DW108,2026-03-21T04:47:40.406739+00:00,False,,0.0,11.417933847308142,19,n_obs=19 < min_obs=20,2,242.26500000001397,"Li,Lr,Ly,Lz",,,,,,,,,,,,False,,,,,,,,,t1_rejected,0,,,False,,,,0,False,,no_prior,,Tier 1 failed: n_obs=19 < min_obs=20,sparse,5,1,3.0,0.722777777700685,low,mbls,,0
2000 DW72,2026-03-21T04:47:41.391349+00:00,True,2.827663831915958,0.6706970565864547,24.45902143998723,23,,3,408.07527777773794,"Lg,Li,Lr,Ly,Lz",False,True,2.2916709063101073,2.759490302837314,2.2916709063101073,2.2916709063101073,19.43629142904966,2.4372371270064974e-06,0.24948201868786976,False,0.204138995367469,True,False,True,2.759490302837314,3.064049433250797,2.7548916321223107,2.764088973552317,0.009197341430006833,1.3797195924783079,followup_needed,0,,,False,,,,0,False,,no_prior,,No reliable period. Methods disagree at Tier 2 and Tier 3 could not resolve ambiguity. More observations needed.,sparse,7,1,2.0,0.5900000001420267,low,mbls,,0
2000 DX14,2026-03-21T04:47:45.581459+00:00,True,1.0383141656313715,0.5450444448982069,185.4888511021105,22,,3,551.4986111110775,"Lg,Li,Lr,Ly,Lz",False,True,0.9604842134657945,2.4650572973531037,0.9604842134657945,0.9604842134657945,17.95683354296757,6.199025854303208e-06,0.48227101286548724,False,1.5664735169947952,True,False,True,2.4650572973531037,0.9945348243779597,2.4601106940808237,2.4700039006253838,0.009893206544560051,2.308743611810072,followup_needed,0,,,False,,,,0,False,,no_prior,,No reliable period. Methods disagree at Tier 2 and Tier 3 could not resolve ambiguity. More observations needed.,sparse,6,1,4.5,1.5031944444926921,low,mbls,,0
2000 DY1,2026-03-21T04:47:47.789922+00:00,True,24.0,0.22858959249210334,58.92194278309835,35,,3,533.5047222222202,"Lg,Li,Lr,Lu,Ly,Lz",False,False,3.825390622239486,0.47434373987844025,3.825390622239486,3.825390622239486,6.054533105302675,0.0010743657591825162,0.24747215968901307,False,0.8760012279212358,False,,,,,,,,,t2_rejected,0,,,False,,,,0,False,,no_prior,,No reliable period. Methods disagree at Tier 2 and Tier 3 could not resolve ambiguity. More observations needed.,sparse,6,1,3.0,0.9626388889155351,medium,"mbls,mhaov,clean",,0
2000 DY64,2026-03-21T04:47:51.999752+00:00,True,0.7627547337784881,0.699168272583029,100.28595688251205,20,,3,526.3097222222714,"Lg,Li,Lr,Ly,Lz",False,True,1.4336234140305986,4.362912682401626,1.4336234140305986,1.4336234140305986,53.84356153998929,1.0142680029190387e-08,0.5565870606979418,False,2.043276665057636,True,False,True,4.362912682401626,1.156488185498931,4.3541576736744005,4.371667691128852,0.017510017454452687,2.8113028318566373,followup_needed,0,,,False,,,,0,False,,no_prior,,No reliable period. Methods disagree at Tier 2 and Tier 3 could not resolve ambiguity. More observations needed.,sparse,7,1,3.0,0.7694444444496185,low,mbls,,0
2000 EE4,2026-03-21T04:47:52.042695+00:00,False,,0.0,45.84335947638472,18,n_obs=18 < min_obs=20,1,455.092777777696,"Lg,Li,Lr,Ly,Lz",,,,,,,,,,,,False,,,,,,,,,t1_rejected,0,,,False,,,,0,False,,no_prior,,Tier 1 failed: n_obs=18 < min_obs=20,sparse,6,1,3.0,1.0418055555783212,low,mbls,,0
2000 EH2,2026-03-21T04:47:53.299115+00:00,True,1.0172586293146573,0.27943435538778266,13.196698644139333,31,,3,669.8916666666046,"Lg,Li,Lr,Lz",False,False,0.6314011800249418,1.773461615168129,0.6314011800249418,0.6314011800249418,4.555249816609085,0.006378306037120085,0.26261430301837274,False,1.8087714614284762,False,,,,,,,,,t2_rejected,0,,,False,,,,0,False,,no_prior,,No reliable period. Methods disagree at Tier 2 and Tier 3 could not resolve ambiguity. More observations needed.,sparse,5,1,2.0,0.6300000000628643,medium,"mbls,mhaov,clean",,0
2000 EJ55,2026-03-21T04:47:55.122077+00:00,True,17.1815907953977,0.37251705718380473,47.33189491476578,30,,3,670.2433333332301,"Lg,Li,Lr,Ly,Lz",False,True,1.1853129887233904,2.1511684395767077,1.1853129887233904,2.1511684395767077,6.101470183487638,0.0014382334382735396,0.1301627110156059,False,0.09257366617839118,True,False,True,2.1511684395767077,1.2923479408823588,2.146851713611002,2.155485165542413,0.00863345193141063,5.41914362582159,followup_needed,0,,,False,,,,0,False,,no_prior,,No reliable period. Methods disagree at Tier 2 and Tier 3 could not resolve ambiguity. More observations needed.,sparse,6,1,3.0,0.5977777777297888,medium,"mbls,mhaov,clean",,0
2000 EK45,2026-03-21T04:47:55.189892+00:00,False,,0.0,161.34922836013175,19,n_obs=19 < min_obs=20,2,551.4422222222784,"Lg,Li,Lr,Ly,Lz",,,,,,,,,,,,False,,,,,,,,,t1_rejected,0,,,False,,,,0,False,,no_prior,,Tier 1 failed: n_obs=19 < min_obs=20,sparse,6,1,4.0,1.7219444444635883,low,mbls,,0
2000 EL94,2026-03-21T04:47:56.064850+00:00,True,3.262631315657829,0.5094298348597119,157.51974847081271,112,,3,331.59249999996973,"Lg,Li,Lr",True,False,2.669861802302303,2.8463262341343416,2.669861802302303,2.669861802302303,49.04305803196579,1.1102230246251565e-16,0.2835355472474629,True,0.06609496854099414,False,,,,,,,,,confirmed,2,2.669861802302303,,False,124.2,2.669861802302303,0.17646443183197263,2,False,,no_prior,,"All 3 methods agree (spread=6.6%), p=1.11e-16, sparse regime. Moderate confidence.",sparse,8,1,14.0,0.4268055555294268,medium,"mbls,mhaov,clean",,0
2000 EP52,2026-03-21T04:48:05.389677+00:00,True,0.3398901720403664,0.506200469469814,18.64429391007886,23,,2,365.56666666665114,"Lg,Li,Lr,Ly,Lz",False,True,1.0520348182355266,0.9346600485166897,1.0520348182355266,1.0520348182355266,16.24470612896522,8.558911447575923e-06,0.19576508605582804,False,0.11156928238894823,True,False,True,0.9346600485166897,0.7477280388133518,0.9332540659676305,0.9360660310657489,0.0028119650981183186,1.556711470692504,followup_needed,0,,,False,,,,0,False,,no_prior,,No reliable period. Methods disagree at Tier 2 and Tier 3 could not resolve ambiguity. More observations needed.,sparse,3,1,5.0,1.1344444445567206,low,mbls,,0
2000 ES111,2026-03-21T04:48:06.367450+00:00,True,2.6395697848924464,0.5643717469241623,45.563099426442115,23,,3,359.8444444445777,"Lg,Li,Lr,Ly,Lz",False,True,3.648799120300397,14.220487348542562,3.648799120300397,3.648799120300397,12.262651834007237,5.491886211261843e-05,0.4419620644364885,False,2.8973061765507455,True,False,True,14.220487348542562,2.962971325782396,14.19195125352877,14.249023443556354,0.05707219002758279,1.6447492717767642,followup_needed,0,,,False,,,,0,False,,no_prior,,No reliable period. Methods disagree at Tier 2 and Tier 3 could not resolve ambiguity. More observations needed.,sparse,7,1,3.0,0.5644444443751127,low,mbls,,0
2000 ET122,2026-03-21T04:48:07.632802+00:00,True,15.077288644322161,0.5508925505132474,35.658315208249036,31,,3,381.79222222213866,"Lg,Li,Lr,Lu,Ly,Lz",False,True,1.9032166053821302,3.417157848784205,1.9032166053821302,1.9032166053821302,23.764920792551123,2.3183941988413892e-08,0.25673986949939304,False,0.7954644989540265,True,False,True,3.417157848784205,1.5276655026478638,3.4103006758435015,3.424015021724909,0.013714345881407297,3.2283460322376625,followup_needed,0,,,False,,,,0,False,,no_prior,,No reliable period. Methods disagree at Tier 2 and Tier 3 could not resolve ambiguity. More observations needed.,sparse,4,1,4.0,0.8002777777437586,medium,"mbls,mhaov,clean",,0
2000 ET36,2026-03-21T04:48:08.650651+00:00,True,4.790895447723862,0.6475888411920562,76.85048855767343,23,,3,598.6413888887619,"Lg,Li,Lr,Lu,Ly,Lz",False,True,7.626980983823022,10.492457090499233,7.626980983823022,7.626980983823022,20.502799754340803,1.6606123360851655e-06,0.3227720519422284,False,0.37570253718392205,True,False,True,10.492457090499233,6.203617977477455,10.477152111936377,10.507762069062089,0.03060995712571124,1.926890111426483,followup_needed,0,,,False,,,,0,False,,no_prior,,No reliable period. Methods disagree at Tier 2 and Tier 3 could not resolve ambiguity. More observations needed.,sparse,5,1,2.0,0.6711111111799255,low,mbls,,0
2000 EW58,2026-03-21T04:48:09.733369+00:00,True,13.2903951975988,0.6546192915158222,55.626675810635106,21,,3,360.0161111112102,"Lg,Li,Lr,Lu,Ly,Lz",False,True,1.361592229225993,10.046966469009323,1.361592229225993,1.361592229225993,9.12999509679343,0.0004869167627749027,0.17244269501296883,False,6.378836521940357,True,True,False,10.046966469009323,10.981099137365373,10.026805332282215,10.067127605736431,0.04032227345421724,3.654277322406679,tentative,1,10.046966469009323,0.02016113672710862,False,35.8,10.046966469009323,0.02016113672710862,1,False,,no_prior,,"Tier 3 tentative: CI=0.040hr, CLEAN ratio=3.7. Both criteria met. Moderate confidence.",sparse,7,1,3.0,0.9858333332813345,low,mbls,,0
2000 EX60,2026-03-21T04:48:10.552850+00:00,True,0.8761880940470235,0.5182852396166138,124.07241679938456,21,,2,51.274722222355194,"Lg,Li,Lr,Ly,Lz",False,False,1.6894568074300573,8.751971767811215,1.6894568074300573,1.6894568074300573,6.772204515644645,0.0021792984473334442,0.4218462171179075,False,4.180346564242876,False,,,,,,,,,t2_rejected,0,,,False,,,,0,False,,no_prior,,No reliable period. Methods disagree at Tier 2 and Tier 3 could not resolve ambiguity. More observations needed.,sparse,3,1,5.0,2.003055555629544,low,mbls,,0
2000 FL29,2026-03-21T04:48:10.625132+00:00,False,,0.0,76.80896939358179,17,n_obs=17 < min_obs=20,1,503.2569444444962,"Li,Lr,Lu,Ly,Lz",,,,,,,,,,,,False,,,,,,,,,t1_rejected,0,,,False,,,,0,False,,no_prior,,Tier 1 failed: n_obs=17 < min_obs=20,sparse,8,1,2.0,0.8072222222399432,low,mbls,,0
2000 FO35,2026-03-21T04:48:13.488552+00:00,True,2.651325662831416,0.6176900462651106,24.74949080381645,21,,3,747.5980555554852,"Lg,Li,Lr,Lz",False,True,1.8005391463077456,4.180928115639268,1.8005391463077456,1.8005391463077456,21.520294419423234,2.82148249963754e-06,0.3860920565395366,False,1.3220423306049838,True,False,True,4.180928115639268,1.7752472920786735,4.172538293333639,4.189317937944897,0.01677964461125825,1.032491899206166,followup_needed,0,,,False,,,,0,False,,no_prior,,No reliable period. Methods disagree at Tier 2 and Tier 3 could not resolve ambiguity. More observations needed.,sparse,6,1,3.5,1.1904166666790843,low,mbls,,0
2000 FT18,2026-03-21T04:48:14.459198+00:00,True,0.7703851925962981,0.6611987825020295,59.37468106572319,21,,2,551.9819444444147,"Lg,Li,Lr,Ly,Lz",False,True,6.5291965964642875,43.006567388395766,6.5291965964642875,6.5291965964642875,17.918296231593004,9.276813184966315e-06,0.4749974485257855,False,5.586808461500338,True,False,True,43.006567388395766,6.000746570931058,42.95436711794067,43.05876765885086,0.1044005409101878,1.4722441761143865,followup_needed,0,,,False,,,,0,False,,no_prior,,No reliable period. Methods disagree at Tier 2 and Tier 3 could not resolve ambiguity. More observations needed.,sparse,7,1,3.0,1.3672222222667187,low,mbls,,0
2000 FT52,2026-03-21T04:48:15.343743+00:00,True,2.32216108054027,0.8407252965721117,5.751915250332652,21,,3,242.00194444443332,"Li,Lr,Ly,Lz",True,False,1.9456194526185866,4.236828571688697,1.9456194526185866,4.236828571688697,33.25757720969331,1.4369673562164564e-07,0.30140035911743096,True,0.08881224588557392,False,,,,,,,,,confirmed,1,4.236828571688697,,False,57.1,4.236828571688697,0.37628226088384154,1,False,,no_prior,,"All 3 methods agree (spread=8.9%), p=1.44e-07, sparse regime. Moderate confidence.",sparse,6,1,2.0,0.626527777814772,low,mbls,,0
2000 FY17,2026-03-21T04:48:15.384909+00:00,False,,0.0,11.840911846710807,18,n_obs=18 < min_obs=20,1,242.24777777778218,"Li,Lr,Ly,Lz",,,,,,,,,,,,False,,,,,,,,,t1_rejected,0,,,False,,,,0,False,,no_prior,,Tier 1 failed: n_obs=18 < min_obs=20,sparse,6,1,2.5,0.8440277777554002,low,mbls,,0
2000 FY34,2026-03-21T04:48:16.228386+00:00,True,6.8951975987994,0.91886856304205,121.08688171400605,22,,2,526.1522222222993,"Lg,Li,Lr,Lu,Ly,Lz",True,False,9.485210281866507,20.22771464091499,9.485210281866507,20.22771464091499,89.3782041242247,3.499978085130806e-11,0.4359127741704218,True,0.06627655264457126,False,,,,,,,,,confirmed,1,20.22771464091499,,False,26.0,20.22771464091499,1.3406231942779672,1,False,,no_prior,,"All 3 methods agree (spread=6.6%), p=3.50e-11, sparse regime. Moderate confidence.",sparse,9,1,2.0,0.5197222221759148,low,mbls,,0
2000 FY42,2026-03-21T04:48:17.221039+00:00,True,4.61455727863932,0.7460996896062587,16.171759040954242,22,,2,313.6866666666465,"Lg,Li,Lr,Ly,Lz",False,True,3.3400016321932227,18.88699103219499,3.3400016321932227,3.3400016321932227,24.22756073762173,7.825443326670012e-07,0.27330272779212667,False,4.65478497080498,True,False,True,18.88699103219499,3.87395507038331,18.84909071574243,18.924891348647552,0.07580063290512129,2.4183678536640296,followup_needed,0,,,False,,,,0,False,,no_prior,,No reliable period. Methods disagree at Tier 2 and Tier 3 could not resolve ambiguity. More observations needed.,sparse,6,1,3.0,0.8268055556109175,low,mbls,,0
2000 GA12,2026-03-21T04:48:20.954504+00:00,True,0.6414070700904757,0.8279305900438166,9.971151808517657,22,,2,289.69861111126374,"Li,Lr,Lu,Ly,Lz",False,True,5.020134856035298,29.7366112467975,5.020134856035298,5.020134856035298,44.785367894452506,8.215664815125479e-09,0.23332495231931313,False,4.923468611812823,True,False,True,29.7366112467975,5.298844684163011,29.726537397588068,29.746685096006935,0.020147698418869098,4.200054091075685,followup_needed,0,,,False,,,,0,False,,no_prior,,No reliable period. Methods disagree at Tier 2 and Tier 3 could not resolve ambiguity. More observations needed.,sparse,7,1,2.0,0.9533333333674818,low,mbls,,0
2000 GB41,2026-03-21T04:48:21.863576+00:00,True,1.8166583291645824,0.8883813345474303,28.235327151473296,20,,2,915.2922222222551,"Lg,Li,Lr,Lz",False,True,5.063858517287987,19.988274480688162,5.063858517287987,5.063858517287987,47.36644353573123,2.4625508299180865e-08,0.43905933720540974,False,2.947241893201666,True,False,True,19.988274480688162,4.132379525813609,19.948164230894143,20.02838473048218,0.0802204995880409,2.0615153596024425,followup_needed,0,,,False,,,,0,False,,no_prior,,No reliable period. Methods disagree at Tier 2 and Tier 3 could not resolve ambiguity. More observations needed.,sparse,6,1,4.0,0.7538888889248483,low,mbls,,0
2000 GC20,2026-03-21T04:48:21.916547+00:00,False,,0.0,16.051079985097847,19,n_obs=19 < min_obs=20,2,533.4497222222853,"Li,Lr,Ly,Lz",,,,,,,,,,,,False,,,,,,,,,t1_rejected,0,,,False,,,,0,False,,no_prior,,Tier 1 failed: n_obs=19 < min_obs=20,sparse,4,1,2.5,0.9598611110995989,low,mbls,,0
2000 GF162,2026-03-21T04:48:23.327026+00:00,True,2.5925462731365685,0.5190310666405114,71.90167862020692,20,,2,504.77388888888527,"Lg,Li,Lr,Lz",False,True,1.763415760397613,0.9828711367674113,1.763415760397613,1.763415760397613,15.497204317432537,3.3111019371312445e-05,0.2516558751707242,False,0.44263221479531445,True,False,True,0.9828711367674113,0.7941861760635672,0.9793325098234703,0.9864097637113524,0.007077253887882051,3.7832593168310873,followup_needed,0,,,False,,,,0,False,,no_prior,,No reliable period. Methods disagree at Tier 2 and Tier 3 could not resolve ambiguity. More observations needed.,sparse,6,1,3.0,0.6940277777030133,low,mbls,,0
2000 GH7,2026-03-21T04:48:24.519088+00:00,True,6.777638819409705,0.5239633019003853,6.006109333815522,20,,2,241.45305555540835,"Li,Lr,Ly,Lz",True,False,10.146946347465162,10.160343884846725,10.146946347465162,10.146946347465162,11.955762758600299,0.0001450327646088656,0.198501913482603,True,0.0013203516528801044,False,,,,,,,,,confirmed,1,10.146946347465162,,False,23.8,10.146946347465162,0.013397537381561365,1,False,,no_prior,,"All 3 methods agree (spread=0.1%), p=1.45e-04, sparse regime. Moderate confidence.",sparse,6,1,2.5,0.7373611111252103,low,mbls,,0
2000 GM61,2026-03-21T04:48:28.932915+00:00,True,0.5600601805482717,0.6291424895254537,25.79339664673564,22,,2,479.62000000005355,"Lg,Li,Lr,Ly,Lz",False,True,2.2389610138693006,6.180349371628847,2.2389610138693006,2.2389610138693006,47.79813665551817,4.973213396652909e-09,0.1870021256888334,False,1.7603648894923836,True,False,True,6.180349371628847,1.8241167323697713,6.1679473327560155,6.192751410501679,0.024804077745663733,1.4066790496176254,followup_needed,0,,,False,,,,0,False,,no_prior,,No reliable period. Methods disagree at Tier 2 and Tier 3 could not resolve ambiguity. More observations needed.,sparse,6,1,3.0,0.5795833333104383,low,mbls,,0
2000 GN104,2026-03-21T04:48:29.980591+00:00,True,1.5932966483241622,0.6298629505622098,34.17886086286637,21,,2,307.61083333339775,"Lg,Li,Lr,Lz",False,True,9.913985027177967,2.930833128470163,9.913985027177967,9.913985027177967,16.830014939929757,1.3801321469109062e-05,0.07861137998459265,False,0.7043738597106662,True,False,True,2.930833128470163,2.3642707377491754,2.9109388441346917,2.9507274128056347,0.039788568670942936,6.126761327737286,followup_needed,0,,,False,,,,0,False,,no_prior,,No reliable period. Methods disagree at Tier 2 and Tier 3 could not resolve ambiguity. More observations needed.,sparse,3,1,5.0,0.3550000000395812,low,mbls,,0
2000 GZ96,2026-03-21T04:48:30.036879+00:00,False,,0.0,132.50489331445812,18,n_obs=18 < min_obs=20,2,552.1027777777053,"Lg,Li,Lr,Ly,Lz",,,,,,,,,,,,False,,,,,,,,,t1_rejected,0,,,False,,,,0,False,,no_prior,,Tier 1 failed: n_obs=18 < min_obs=20,sparse,4,1,5.0,1.8140277777565643,low,mbls,,0
2000 HD22,2026-03-21T04:48:31.427655+00:00,True,1.0290145072536268,0.8304293959992102,81.60309317856425,22,,1,239.52861111110542,"Lg,Li,Lr",False,True,2.8425683025285613,10.785509832050668,2.8425683025285613,2.8425683025285613,30.14820480284381,1.6128657331915264e-07,0.23664897021783632,False,2.7942834381336747,True,False,True,10.785509832050668,3.335026623836185,10.763866668508093,10.807152995593242,0.043286327085150234,3.814330879274906,followup_needed,0,,,False,,,,0,False,,no_prior,,No reliable period. Methods disagree at Tier 2 and Tier 3 could not resolve ambiguity. More observations needed.,sparse,6,1,3.0,0.06263888886314817,low,mbls,,0
2000 HD47,2026-03-21T04:48:31.478912+00:00,False,,0.0,24.602909770338893,17,n_obs=17 < min_obs=20,2,381.7480555556249,"Li,Ly,Lz",,,,,,,,,,,,False,,,,,,,,,t1_rejected,0,,,False,,,,0,False,,no_prior,,Tier 1 failed: n_obs=17 < min_obs=20,sparse,3,1,4.0,0.6658333333907649,low,mbls,,0
2000 HF40,2026-03-21T04:48:32.455180+00:00,True,0.9467233616808404,0.47038798180289854,47.85059150613309,23,,1,365.57777777774027,"Lg,Li,Lr,Ly,Lz",False,True,1.3161100004608224,6.88639896935498,1.3161100004608224,1.3161100004608224,18.20630001878375,3.875024227828483e-06,0.20097248432575898,False,4.2323886050098745,True,False,True,6.88639896935498,1.0845802813162095,6.872580108546913,6.900217830163047,0.027637721616134314,1.0895414967767278,followup_needed,0,,,False,,,,0,False,,no_prior,,No reliable period. Methods disagree at Tier 2 and Tier 3 could not resolve ambiguity. More observations needed.,sparse,3,1,3.0,1.1930555555736646,low,mbls,,0
2000 HG15,2026-03-21T04:48:32.501301+00:00,False,,0.0,34.119340622193576,19,n_obs=19 < min_obs=20,1,71.0702777778497,"Lg,Li,Lr,Ly,Lz",,,,,,,,,,,,False,,,,,,,,,t1_rejected,0,,,False,,,,0,False,,no_prior,,Tier 1 failed: n_obs=19 < min_obs=20,sparse,4,1,5.0,2.250138888921356,low,mbls,,0
2000 HG87,2026-03-21T04:48:33.469847+00:00,True,6.683591795897949,0.6655892980956779,38.264323067730594,21,,2,503.2605555554037,"Lg,Li,Lr,Ly,Lz",False,True,6.186479827109287,8.213792583187226,6.186479827109287,6.186479827109287,28.69157204312311,4.029307097974666e-07,0.20280091225897215,False,0.32770053612619626,True,False,True,8.213792583187226,5.222299359071519,8.201378242397041,8.226206923977411,0.024828681580371992,3.4805674575008734,followup_needed,0,,,False,,,,0,False,,no_prior,,No reliable period. Methods disagree at Tier 2 and Tier 3 could not resolve ambiguity. More observations needed.,sparse,8,1,2.5,0.6255555555399042,low,mbls,,0
2000 HO42,2026-03-21T04:48:34.269643+00:00,True,23.459229614807406,0.3541479600814816,50.615282839691936,24,,3,51.21750000002794,"Lg,Li,Lr,Ly,Lz",False,False,5.842229550920842,15.493103003652543,5.842229550920842,5.842229550920842,3.5380150252538596,0.025530776418476453,0.2454841217725059,False,1.6519161680678733,False,,,,,,,,,t2_rejected,0,,,False,,,,0,False,,no_prior,,No reliable period. Methods disagree at Tier 2 and Tier 3 could not resolve ambiguity. More observations needed.,sparse,3,1,7.0,1.9602777778054588,low,mbls,,0
2000 HQ57,2026-03-21T04:48:34.320103+00:00,False,,0.0,79.11425199118958,19,n_obs=19 < min_obs=20,1,528.8630555556156,"Lg,Li,Lr,Ly,Lz",,,,,,,,,,,,False,,,,,,,,,t1_rejected,0,,,False,,,,0,False,,no_prior,,Tier 1 failed: n_obs=19 < min_obs=20,sparse,4,1,3.0,1.6823611111321952,low,mbls,,0
2000 HR50,2026-03-21T04:48:35.688365+00:00,True,21.660580290145074,0.41014613996584126,37.89349371891146,31,,3,627.5599999999395,"Lg,Li,Lr,Ly,Lz",True,False,1.7478327940692437,1.7478327940692437,1.7478327940692437,1.7478327940692437,8.95458594679135,0.00010995052664219962,0.10989113178484322,True,0.0,False,,,,,,,,,confirmed,2,1.7478327940692437,,False,359.1,1.7478327940692437,0.0,2,False,,no_prior,,"All 3 methods agree (spread=0.0%), p=1.10e-04, sparse regime. Moderate confidence.",sparse,6,1,2.0,0.7726388889423106,medium,"mbls,mhaov,clean",,0
2000 HS30,2026-03-21T04:48:37.132924+00:00,True,18.00450225112556,0.8329072624302796,183.75183988232973,20,,2,747.5427777777077,"Lg,Li,Lr,Lz",False,True,17.296652369198938,20.541046615338345,17.296652369198938,17.296652369198938,37.355163077451046,1.241606517599081e-07,0.4226292317293584,False,0.1875735360165233,True,False,True,20.541046615338345,15.086845946110646,20.511026175047306,20.571067055629385,0.06004088058207557,7.333588178808777,followup_needed,0,,,False,,,,0,False,,no_prior,,No reliable period. Methods disagree at Tier 2 and Tier 3 could not resolve ambiguity. More observations needed.,sparse,6,1,3.0,0.7220833332685288,low,mbls,,0
2000 HW26,2026-03-21T04:48:37.190480+00:00,False,,0.0,12.373034599749046,15,n_obs=15 < min_obs=20,1,102.86888888874091,"Lg,Li,Lr,Lz",,,,,,,,,,,,False,,,,,,,,,t1_rejected,0,,,False,,,,0,False,,no_prior,,Tier 1 failed: n_obs=15 < min_obs=20,sparse,5,1,2.0,0.5877777777495794,low,mbls,,0
2000 HX84,2026-03-21T04:48:38.436459+00:00,True,2.2868934467233615,0.7550195835635091,45.20604974895966,21,,2,525.4502777779126,"Lg,Li,Lr,Ly,Lz",True,False,13.230454611266953,13.236577149862027,13.230454611266953,13.230454611266953,55.195246585569855,3.6772710432231293e-09,0.524390177087932,True,0.0004627610142632185,False,,,,,,,,,confirmed,1,13.230454611266953,,False,39.7,13.230454611266953,0.006122538595073371,1,False,,no_prior,,"All 3 methods agree (spread=0.0%), p=3.68e-09, sparse regime. Moderate confidence.",sparse,4,1,3.5,1.880833333299961,low,mbls,,0
2000 JC74,2026-03-21T04:48:39.275553+00:00,True,3.6623311655827915,0.7958009387532823,57.43724272405204,21,,2,51.22777777776355,"Lg,Li,Lr,Ly,Lz",True,False,3.194004763301958,3.194004763301958,3.194004763301958,3.194004763301958,40.06693727279316,3.813148241604836e-08,0.1435931068101301,True,0.0,False,,,,,,,,,confirmed,1,3.194004763301958,,False,16.0,3.194004763301958,0.0,1,False,,no_prior,,"All 3 methods agree (spread=0.0%), p=3.81e-08, sparse regime. Moderate confidence.",sparse,3,1,5.0,1.9486111112055369,low,mbls,,0
2000 JD29,2026-03-21T04:48:39.321906+00:00,False,,0.0,59.65391874954882,18,n_obs=18 < min_obs=20,2,403.85361111117527,"Lg,Li,Lr,Lz",,,,,,,,,,,,False,,,,,,,,,t1_rejected,0,,,False,,,,0,False,,no_prior,,Tier 1 failed: n_obs=18 < min_obs=20,sparse,7,1,2.0,0.5099999999511056,low,mbls,,0
2000 JN20,2026-03-21T04:48:39.367516+00:00,False,,0.0,88.98828504748457,18,n_obs=18 < min_obs=20,2,332.6408333333675,"Lg,Li,Lr,Ly",,,,,,,,,,,,False,,,,,,,,,t1_rejected,0,,,False,,,,0,False,,no_prior,,Tier 1 failed: n_obs=18 < min_obs=20,sparse,3,1,6.0,0.9066666666185483,low,mbls,,0
2000 JN56,2026-03-21T04:48:39.428367+00:00,False,,0.0,50.77185080064186,16,n_obs=16 < min_obs=20,1,528.8408333334373,"Lg,Li,Lr,Ly,Lz",,,,,,,,,,,,False,,,,,,,,,t1_rejected,0,,,False,,,,0,False,,no_prior,,Tier 1 failed: n_obs=16 < min_obs=20,sparse,5,1,3.0,1.8636111112427898,low,mbls,,0
2000 JW55,2026-03-21T04:48:43.508885+00:00,True,0.6395389660411173,0.794683508922022,89.1850295592758,23,,2,651.6552777778124,"Li,Lr,Ly,Lz",False,True,1.4116076250512535,6.024173162526201,1.4116076250512535,1.4116076250512535,35.45888008237532,2.6180709156164994e-08,0.4191696389285963,False,3.267597493534511,True,False,True,6.024173162526201,1.1519473595735983,6.012084520728491,6.03626180432391,0.02417728359541993,2.743915749694484,followup_needed,0,,,False,,,,0,False,,no_prior,,No reliable period. Methods disagree at Tier 2 and Tier 3 could not resolve ambiguity. More observations needed.,sparse,4,1,2.5,0.7723611110995989,low,mbls,,0
2000 JY49,2026-03-21T04:48:44.529833+00:00,True,5.143571785892947,0.5765351077599181,205.92835538984176,23,,2,747.5099999999511,"Lg,Li,Lr,Lz",False,True,4.411516180297596,6.68102152805126,4.411516180297596,4.411516180297596,19.388242834198905,2.4806973006885613e-06,0.5765993950915569,False,0.5144501924052902,True,False,True,6.68102152805126,4.491189047767854,6.667614795887948,6.694428260214572,0.026813464326624015,1.053777247310235,followup_needed,0,,,False,,,,0,False,,no_prior,,No reliable period. Methods disagree at Tier 2 and Tier 3 could not resolve ambiguity. More observations needed.,sparse,5,1,4.0,0.593888888892252,low,mbls,,0
2000 LV21,2026-03-21T04:48:45.540938+00:00,True,1.1465732866433216,0.4956001597826907,32.22816091685616,24,,3,51.22777777776355,"Lg,Li,Lr,Ly,Lz",False,True,3.1058562375552565,2.55464619605568,3.1058562375552565,3.1058562375552565,16.824716848880097,4.795410427860247e-06,0.11118715516315375,False,0.1774744222975621,True,False,True,2.55464619605568,2.088145586341165,2.5495198157291474,2.559772576382213,0.010252760653065351,1.53969774534547,followup_needed,0,,,False,,,,0,False,,no_prior,,No reliable period. Methods disagree at Tier 2 and Tier 3 could not resolve ambiguity. More observations needed.,sparse,3,1,7.0,1.9613888890016824,low,mbls,,0
2000 NO12,2026-03-21T04:48:46.528765+00:00,True,2.3339169584792394,0.5434907155622895,19.114081134601253,20,,2,551.6436111110961,"Lg,Li,Lr,Ly,Lz",False,True,5.123795100284387,13.267378249811802,5.123795100284387,5.123795100284387,9.455655709763402,0.0005054636058976492,0.08027914076532527,False,1.589365497670629,True,False,True,13.267378249811802,4.105890655612506,13.240754748307165,13.29400175131644,0.05324700300927354,2.451209800900075,followup_needed,0,,,False,,,,0,False,,no_prior,,No reliable period. Methods disagree at Tier 2 and Tier 3 could not resolve ambiguity. More observations needed.,sparse,4,1,5.5,1.8140277777565643,low,mbls,,0
2000 OD34,2026-03-21T04:48:47.470752+00:00,True,1.4169584792396197,0.8502478468083643,15.73601309969416,20,,2,453.6327777777915,"Lg,Li,Lr,Ly,Lz",False,True,4.958002154628498,23.94108697813395,4.958002154628498,4.958002154628498,58.58696870994961,5.628261856571726e-09,0.1093652910428744,False,3.8287770419341456,True,False,True,23.94108697813395,3.9664017237027984,23.916770270353886,23.965403685914012,0.04863341556012557,1.4347644119653815,followup_needed,0,,,False,,,,0,False,,no_prior,,No reliable period. Methods disagree at Tier 2 and Tier 3 could not resolve ambiguity. More observations needed.,sparse,6,1,2.5,0.9338888888305519,low,mbls,,0
2000 OP54,2026-03-21T04:48:47.521532+00:00,False,,0.0,48.27468356460319,16,n_obs=16 < min_obs=20,1,504.6855555556831,"Lg,Li,Lr,Lz",,,,,,,,,,,,False,,,,,,,,,t1_rejected,0,,,False,,,,0,False,,no_prior,,Tier 1 failed: n_obs=16 < min_obs=20,sparse,6,1,2.0,0.6016666667419486,low,mbls,,0
2000 OU69,2026-03-21T04:48:48.999317+00:00,True,15.888444222111056,0.444208816476804,4.365861472849563,26,,2,1776.832777777745,"Lg,Li,Lr,Lz",True,False,5.007602594896648,5.007602594896648,5.007602594896648,5.007602594896648,8.475906283758444,0.00031018315861353063,0.35210672778531726,True,0.0,False,,,,,,,,,confirmed,1,5.007602594896648,,False,354.8,5.007602594896648,0.0,1,False,,no_prior,,"All 3 methods agree (spread=0.0%), p=3.10e-04, sparse regime. Moderate confidence.",sparse,10,1,1.0,0.0,low,mbls,,0
2000 OW15,2026-03-21T04:48:50.650215+00:00,True,0.2211194488831636,0.20205278277695649,47.14740132309082,39,,3,1.088611110986676,"Li,Lr,Lz",False,True,0.06459440217878146,0.06424586007231178,0.06459440217878146,0.06459440217878146,5.2545764051471835,0.002095348146938014,0.1555864243661997,False,0.005395856215211942,True,False,True,0.06424586007231178,0.05139668805784943,0.06418059788423933,0.06431112226038424,0.00013052437614492068,1.236541917876419,followup_needed,0,,,False,,,,0,False,,no_prior,,No reliable period. Methods disagree at Tier 2 and Tier 3 could not resolve ambiguity. More observations needed.,sparse,4,1,2.0,0.6475000000500586,medium,"mbls,mhaov,clean",,0
2000 QB185,2026-03-21T04:48:51.962385+00:00,True,2.3574287143571784,0.593088721088204,11.362437603071296,21,,2,242.26500000001397,"Li,Lr,Ly,Lz",False,True,0.3728046558368172,2.1800129915920192,0.3728046558368172,0.3728046558368172,40.70226113226119,3.404803783357835e-08,0.1920251954919049,False,4.847601303942405,True,False,True,2.1800129915920192,0.40297814303163654,2.175638383582136,2.1843875996019024,0.008749216019766637,3.6809874187366702,followup_needed,0,,,False,,,,0,False,,no_prior,,No reliable period. Methods disagree at Tier 2 and Tier 3 could not resolve ambiguity. More observations needed.,sparse,5,1,3.0,0.9644444444566034,low,mbls,,0
2000 QB207,2026-03-21T04:48:52.823952+00:00,True,9.316908454227114,0.423039425502638,60.88359875169034,45,,3,365.65500000002794,"Lg,Li,Lr,Ly,Lz",True,False,9.287015631857276,8.45885451061643,9.287015631857276,9.287015631857276,17.74422565756716,1.8886557984210128e-08,0.20091587588057813,True,0.08917408498806804,False,,,,,,,,,confirmed,2,9.287015631857276,,False,39.4,9.287015631857276,0.8281611212407571,2,False,,no_prior,,"All 3 methods agree (spread=8.9%), p=1.89e-08, sparse regime. Moderate confidence.",sparse,3,1,3.0,1.2338888890226372,medium,"mbls,mhaov,clean",,0
2000 QD80,2026-03-21T04:48:53.792008+00:00,True,1.2876438219109554,0.4700695120101327,10.705615214180153,24,,3,145.3488888888387,"Lg,Li,Lr,Lu,Ly,Lz",True,False,0.6159089389939056,1.2318178779878113,0.6159089389939056,1.2318178779878113,10.099540819617076,0.00014795287061986073,0.08243323714918718,True,0.0,False,,,,,,,,,confirmed,1,1.2318178779878113,,False,118.0,1.2318178779878113,0.0,1,False,,no_prior,,"All 3 methods agree (spread=0.0%), p=1.48e-04, sparse regime. Moderate confidence.",sparse,4,1,3.0,1.1440277777728625,low,mbls,,0
2000 QM220,2026-03-21T04:48:55.254225+00:00,True,0.5732197285180821,0.5227039525274568,16.158099052961024,21,,2,51.21638888900634,"Lg,Li,Lr,Ly,Lz",False,False,2.9530946247352587,5.274850711966652,2.9530946247352587,2.9530946247352587,7.480420096034009,0.0013492557128935712,0.21651852730967774,False,0.7862112062998148,False,,,,,,,,,t2_rejected,0,,,False,,,,0,False,,no_prior,,No reliable period. Methods disagree at Tier 2 and Tier 3 could not resolve ambiguity. More observations needed.,sparse,3,1,4.0,1.9486111112055369,low,mbls,,0
2000 QN20,2026-03-21T04:48:56.076055+00:00,True,2.4397198599299648,0.6154154018459215,28.80848710074325,23,,2,313.9180555556668,"Lg,Li,Lr,Ly,Lz",False,False,5.875311947404179,45.47946897756981,5.875311947404179,5.875311947404179,6.509959392134528,0.002012158362753813,0.1728509226044595,False,6.740775193674054,False,,,,,,,,,t2_rejected,0,,,False,,,,0,False,,no_prior,,No reliable period. Methods disagree at Tier 2 and Tier 3 could not resolve ambiguity. More observations needed.,sparse,6,1,3.5,0.7445833332894836,low,mbls,,0
2000 QN95,2026-03-21T04:48:57.070791+00:00,True,8.164832416208103,0.5447038310749803,16.452424115711306,28,,2,220.92777777771698,"Lg,Lr",False,True,0.6057767569129392,16.265016802582327,0.6057767569129392,0.6057767569129392,15.817081472262602,2.356538435388522e-06,0.0880204690190555,False,25.849852882179906,True,False,True,16.265016802582327,0.6912743460157018,16.232377972878155,16.2976556322865,0.06527765940834485,1.2092190226218458,followup_needed,0,,,False,,,,0,False,,no_prior,,No reliable period. Methods disagree at Tier 2 and Tier 3 could not resolve ambiguity. More observations needed.,sparse,3,1,9.0,0.48388888902263716,low,mbls,,0
2000 QO47,2026-03-21T04:48:57.885512+00:00,True,8.635067533766884,0.6770227417074963,45.815018127512865,22,,2,478.89611111115664,"Lg,Li,Lr,Ly,Lz",True,False,8.517206815311624,16.622945246381107,8.517206815311624,16.622945246381107,37.11609088819759,3.432989803542341e-08,0.25656410151407205,True,0.02415512462973242,False,,,,,,,,,confirmed,1,16.622945246381107,,False,28.8,16.622945246381107,0.40152931413955373,1,False,,no_prior,,"All 3 methods agree (spread=2.4%), p=3.43e-08, sparse regime. Moderate confidence.",sparse,7,1,3.0,0.9874999999883585,low,mbls,,0
2000 QP36,2026-03-21T04:48:58.871997+00:00,True,3.1333166583291647,0.9279739001828632,110.85439138487325,20,,2,313.03111111116596,"Lg,Li,Lr,Lu,Ly,Lz",False,True,4.503775041071719,33.4389427958394,4.503775041071719,4.503775041071719,136.00125099369518,1.3616885397027545e-11,0.6706690678784831,False,6.424647654665238,True,False,True,33.4389427958394,3.603020032857376,33.42514101873236,33.45274457294644,0.027603554214085335,21.869091455596134,followup_needed,0,,,False,,,,0,False,,no_prior,,No reliable period. Methods disagree at Tier 2 and Tier 3 could not resolve ambiguity. More observations needed.,sparse,6,1,3.5,0.8608333333977498,low,mbls,,0
2000 QT48,2026-03-21T04:48:58.944156+00:00,False,,0.0,82.75916137122941,19,n_obs=19 < min_obs=20,2,51.21666666667443,"Lg,Li,Lr,Ly,Lz",,,,,,,,,,,,False,,,,,,,,,t1_rejected,0,,,False,,,,0,False,,no_prior,,Tier 1 failed: n_obs=19 < min_obs=20,sparse,3,1,4.0,1.8636111112427898,low,mbls,,0
2000 QU105,2026-03-21T04:49:00.421724+00:00,True,1.4757378689344671,0.5746363292230212,12.718987910483309,22,,2,551.9819444444147,"Lg,Li,Lr,Ly,Lz",False,True,1.187460932616577,3.857982247780973,1.187460932616577,1.187460932616577,13.488330323949471,3.96722880222633e-05,0.4667868563147374,False,2.2489340422152986,True,False,True,3.857982247780973,1.3788844006838645,3.850240477384089,3.8657240181778567,0.01548354079376768,1.1407901501097093,followup_needed,0,,,False,,,,0,False,,no_prior,,No reliable period. Methods disagree at Tier 2 and Tier 3 could not resolve ambiguity. More observations needed.,sparse,6,1,2.0,0.8327777778322343,low,mbls,,0
2000 QU142,2026-03-21T04:49:02.135082+00:00,True,0.9584792396198099,0.6786681708324612,222.35961986105423,21,,2,381.66388888884103,"Lg,Li,Lr,Ly,Lz",True,False,1.8910395465552259,3.636918047805007,1.8910395465552259,3.636918047805007,194.97075595948124,2.3581137043038325e-13,0.844966555472006,True,0.03838128228725727,False,,,,,,,,,confirmed,1,3.636918047805007,,False,104.9,3.636918047805007,0.1395895782484246,1,False,,no_prior,,"All 3 methods agree (spread=3.8%), p=2.36e-13, sparse regime. Moderate confidence.",sparse,3,1,8.0,0.7972222222597338,low,mbls,,0
2000 QU71,2026-03-21T04:49:03.618443+00:00,True,0.8761880940470235,0.7796754853242898,15.348423143143547,20,,1,170.65583333338145,"Li,Lr,Ly,Lz",False,True,1.6248919420862167,1.176958037405357,1.6248919420862167,1.6248919420862167,25.522761973960424,1.5278564180487564e-06,0.15348423143143547,False,0.2756699649242378,True,False,True,1.176958037405357,0.9714824201727161,1.1745962487015333,1.1793198261091806,0.004723577407647062,2.084077042454551,followup_needed,0,,,False,,,,0,False,,no_prior,,No reliable period. Methods disagree at Tier 2 and Tier 3 could not resolve ambiguity. More observations needed.,sparse,4,1,3.5,1.139027777739102,low,mbls,,0
2000 QW196,2026-03-21T04:49:04.562148+00:00,True,7.189094547273637,0.7897569895998096,93.84593901252215,22,,2,652.2405555555015,"Lg,Li,Lr,Lz",False,True,15.220366518704502,10.295973240871852,15.220366518704502,15.220366518704502,29.15138004915956,2.0631982200480792e-07,0.3566145682475842,False,0.3235397302542404,True,False,True,10.295973240871852,8.53980389209438,10.275312425003879,10.316634056739826,0.041321631735945274,1.0592907673911272,followup_needed,0,,,False,,,,0,False,,no_prior,,No reliable period. Methods disagree at Tier 2 and Tier 3 could not resolve ambiguity. More observations needed.,sparse,6,1,2.5,0.9865277778008021,low,mbls,,0
2000 QZ116,2026-03-21T04:49:04.626898+00:00,False,,0.0,51.38158686438423,18,n_obs=18 < min_obs=20,1,651.7261111111147,"Lg,Li,Lr,Lu,Lz",,,,,,,,,,,,False,,,,,,,,,t1_rejected,0,,,False,,,,0,False,,no_prior,,Tier 1 failed: n_obs=18 < min_obs=20,sparse,6,1,3.0,0.5626388889213558,low,mbls,,0
2000 RD10,2026-03-21T04:49:05.984933+00:00,True,1.5227613806903453,0.7768948378394719,68.33962091807688,22,,3,239.912222222134,"Li,Lr,Ly,Lz",False,True,2.44969532078314,3.3187914613998606,2.44969532078314,2.44969532078314,44.73105787694798,8.292645237162333e-09,0.3143622562231536,False,0.3547772383132633,True,False,True,3.3187914613998606,2.0384086816416227,3.3138756848364164,3.323707237963305,0.009831553126888881,2.80165660315969,followup_needed,0,,,False,,,,0,False,,no_prior,,No reliable period. Methods disagree at Tier 2 and Tier 3 could not resolve ambiguity. More observations needed.,sparse,6,1,3.5,0.6145833333721384,low,mbls,,0
2000 RF43,2026-03-21T04:49:06.983190+00:00,True,1.9342171085542772,0.728793537361958,9.809734050184248,24,,3,552.0927777778124,"Lg,Li,Lr,Ly,Lz",False,True,3.9129978668894303,4.833911787504289,3.9129978668894303,3.9129978668894303,40.293912527147626,4.973791600804134e-09,0.29968737523312877,False,0.23534741186728217,True,False,True,4.833911787504289,3.1408678530216165,4.826059617871735,4.841763957136843,0.015704339265107503,1.1023676505816002,followup_needed,0,,,False,,,,0,False,,no_prior,,No reliable period. Methods disagree at Tier 2 and Tier 3 could not resolve ambiguity. More observations needed.,sparse,4,1,6.0,1.8090277778101154,low,mbls,,0
2000 RY42,2026-03-21T04:49:08.163178+00:00,True,2.275137568784392,0.7560496111901184,116.40025394687353,20,,1,408.08666666666977,"Lg,Li,Lr,Ly,Lz",False,True,4.55509838491083,2.128921107663162,4.55509838491083,4.55509838491083,25.36904541812906,1.5883255951587572e-06,0.24444053328843446,False,0.5326289516125633,True,False,True,2.128921107663162,1.771490205975233,2.1197804420078232,2.138061773318501,0.01828133131067755,4.155408538616365,followup_needed,0,,,False,,,,0,False,,no_prior,,No reliable period. Methods disagree at Tier 2 and Tier 3 could not resolve ambiguity. More observations needed.,sparse,6,1,3.0,0.6256944443739485,low,mbls,,0
2000 SC368,2026-03-21T04:49:09.127937+00:00,True,0.817408704352176,0.82033896054593,31.28134235121251,20,,2,533.4388888888643,"Lg,Li,Lr,Ly,Lz",False,True,2.2976099586972545,2.612668288128726,2.2976099586972545,2.2976099586972545,39.161208218262374,9.026584624205469e-08,0.2017646581653207,False,0.13712437493523597,True,False,True,2.612668288128726,1.8442354183523113,2.6090582291773745,2.6162783470800774,0.007220117902702938,3.2240366947841625,followup_needed,0,,,False,,,,0,False,,no_prior,,No reliable period. Methods disagree at Tier 2 and Tier 3 could not resolve ambiguity. More observations needed.,sparse,5,1,2.0,0.5222222222364508,low,mbls,,0
2000 SE43,2026-03-21T04:49:10.123680+00:00,True,21.74287143571786,0.7325208877713891,24.021216697985864,24,,3,478.6683333333931,"Li,Lr,Ly,Lz",False,True,4.28827785016216,13.645708983201171,4.28827785016216,4.28827785016216,35.35274733718112,1.4804559911318904e-08,0.15373578686710954,False,2.1820953445642473,True,False,True,13.645708983201171,15.97323794020204,13.6183262895894,13.673091676812943,0.05476538722354363,3.4508939518318513,followup_needed,0,,,False,,,,0,False,,no_prior,,No reliable period. Methods disagree at Tier 2 and Tier 3 could not resolve ambiguity. More observations needed.,sparse,7,1,3.0,0.6883333334117197,low,mbls,,0
2000 SE76,2026-03-21T04:49:10.173411+00:00,False,,0.0,24.93233622756498,17,n_obs=17 < min_obs=20,1,336.25722222210607,"Lg,Li,Lr,Ly,Lz",,,,,,,,,,,,False,,,,,,,,,t1_rejected,0,,,False,,,,0,False,,no_prior,,Tier 1 failed: n_obs=17 < min_obs=20,sparse,5,1,2.0,0.6969444444403052,low,mbls,,0
2000 SF347,2026-03-21T04:49:11.288695+00:00,True,21.190345172586294,0.5506114732512466,70.72288813917811,35,,2,383.9525000000722,"Lg,Li,Lr,Ly,Lz",False,True,15.975550546196738,2.985737533655124,15.975550546196738,15.975550546196738,21.83578356692288,1.585144993043741e-08,0.14144577627835622,False,0.8131058128468227,True,False,True,2.985737533655124,3.3871644528957123,2.9536795726928577,3.01779549461739,0.06411592192453242,1.2370119914646969,followup_needed,0,,,False,,,,0,False,,no_prior,,No reliable period. Methods disagree at Tier 2 and Tier 3 could not resolve ambiguity. More observations needed.,sparse,3,1,4.0,0.6902777777868323,medium,"mbls,mhaov,clean",,0
2000 SF43,2026-03-21T04:49:12.260320+00:00,True,15.876688344172086,0.9121013708151814,99.23069422727708,20,,2,334.6250000000582,"Lg,Li,Lr,Ly,Lz",False,True,18.216568479304676,29.273343657490635,18.216568479304676,18.216568479304676,62.85719093402606,3.4365007506309553e-09,0.8781916439114023,False,0.6069625676617767,True,False,True,29.273343657490635,15.9379742949368,29.236788670575642,29.309898644405628,0.07310997382998252,1.1351240833102132,followup_needed,0,,,False,,,,0,False,,no_prior,,No reliable period. Methods disagree at Tier 2 and Tier 3 could not resolve ambiguity. More observations needed.,sparse,5,1,3.0,1.0091666666558012,low,mbls,,0
2000 SK297,2026-03-21T04:49:13.077794+00:00,True,4.097298649324662,0.8608843068666626,49.73675681531661,20,,2,478.2316666666302,"Lg,Li,Lr,Ly,Lz",True,False,8.171995384154233,16.4135950102427,8.171995384154233,16.4135950102427,118.96101479862197,3.5987768320921987e-11,0.5545648384907802,True,0.004258705411728258,False,,,,,,,,,confirmed,1,16.4135950102427,,False,29.1,16.4135950102427,0.06990066589603652,1,False,,no_prior,,"All 3 methods agree (spread=0.4%), p=3.60e-11, sparse regime. Moderate confidence.",sparse,6,1,3.5,0.7651388889353257,low,mbls,,0
2000 SL127,2026-03-21T04:49:14.577771+00:00,True,0.9937468734367183,0.5425056141341764,51.08921972541863,21,,2,551.8694444443099,"Lg,Li,Lr,Ly,Lz",False,True,3.487297854495771,28.785222429487504,3.487297854495771,3.487297854495771,12.778383570472663,7.401090625391848e-05,0.6845955443206097,False,7.254305663157158,True,False,True,28.785222429487504,2.9437925701496073,28.77822450737146,28.79222035160355,0.013995844232089993,2.3855404355236924,followup_needed,0,,,False,,,,0,False,,no_prior,,No reliable period. Methods disagree at Tier 2 and Tier 3 could not resolve ambiguity. More observations needed.,sparse,5,1,4.0,2.221944444347173,low,mbls,,0
2000 SL258,2026-03-21T04:49:16.472749+00:00,True,1.0172586293146573,0.5821844972103144,42.60392274880842,53,,3,365.6991666665417,"Lg,Li,Lr,Ly,Lz",True,False,0.34124738328659265,0.6804196416247879,0.34124738328659265,0.6804196416247879,31.12751106141842,8.496536807456323e-13,0.10650980687202107,True,0.0030404994294881455,False,,,,,,,,,confirmed,2,0.6804196416247879,,False,537.5,0.6804196416247879,0.002068815532172696,2,False,,no_prior,,"All 3 methods agree (spread=0.3%), p=8.50e-13, sparse regime. Moderate confidence.",sparse,3,1,9.0,1.2788888888899237,medium,"mbls,mhaov,clean",,0
2000 SL285,2026-03-21T04:49:17.459861+00:00,True,5.249374687343672,0.7038655553659757,14.31278836415651,25,,3,51.26388888893416,"Lg,Li,Lr,Ly,Lz",False,True,10.502736863596853,13.435500010758965,10.502736863596853,10.502736863596853,18.09661611042587,1.9972476573704157e-06,0.15457811433289032,False,0.27923799151123874,True,False,True,13.435500010758965,8.402189490877483,13.414424284611279,13.45657573690665,0.04215145229536965,30.44683449875744,followup_needed,0,,,False,,,,0,False,,no_prior,,No reliable period. Methods disagree at Tier 2 and Tier 3 could not resolve ambiguity. More observations needed.,sparse,4,1,5.0,1.3122222221572883,low,mbls,,0
2000 SL97,2026-03-21T04:49:18.755712+00:00,True,2.8159079539769887,0.4400568283194828,51.77767186398113,39,,2,650.8508333333884,"Lg,Li,Lr,Ly,Lz",False,True,17.19074969147712,2.2295052489782883,17.19074969147712,17.19074969147712,18.069761549212206,4.836961331466938e-08,0.3106660311838868,False,0.8703078522465773,True,False,True,2.2295052489782883,1.8164129720772946,2.1950087613030878,2.264001736653489,0.06899297535040105,3.318194129703657,followup_needed,0,,,False,,,,0,False,,no_prior,,No reliable period. Methods disagree at Tier 2 and Tier 3 could not resolve ambiguity. More observations needed.,sparse,6,1,2.5,0.6304166667396203,medium,"mbls,mhaov,clean",,0
2000 SM211,2026-03-21T04:49:19.912473+00:00,True,9.552026013006504,0.7687256152983084,68.43384231428138,28,,2,651.2074999999604,"Lg,Li,Lr,Lu,Ly,Lz",False,True,6.824211688515163,15.314212750254299,6.824211688515163,6.824211688515163,36.36800635473028,1.2399976601074059e-09,0.34901259580283506,False,1.2440998974322817,True,False,True,15.314212750254299,5.495886871553349,15.283481888548105,15.344943611960494,0.06146172341238909,2.3431353874086525,followup_needed,0,,,False,,,,0,False,,no_prior,,No reliable period. Methods disagree at Tier 2 and Tier 3 could not resolve ambiguity. More observations needed.,sparse,7,1,2.0,0.24305555544560775,medium,"mbls,mhaov,clean",,0
2000 SM293,2026-03-21T04:49:21.344786+00:00,True,3.9562281140570286,0.8245985362508045,43.69807009524787,20,,3,408.7577777778497,"Lg,Li,Lr,Ly,Lz",False,True,6.7894006385615615,0.3987658912591688,6.7894006385615615,6.7894006385615615,28.444929584113623,7.570923516997397e-07,0.205380929447665,False,0.9412664073769265,True,False,True,0.3987658912591688,5.649507956100725,0.385141675930953,0.41239010658738456,0.027248430656431566,1.1192155527338887,followup_needed,0,,,False,,,,0,False,,no_prior,,No reliable period. Methods disagree at Tier 2 and Tier 3 could not resolve ambiguity. More observations needed.,sparse,6,1,3.0,0.9545833333977498,low,mbls,,0
2000 SQ204,2026-03-21T04:49:22.259785+00:00,True,1.134817408704352,0.6933770051618303,24.368442626145132,21,,1,167.2683333332534,"Lg,Li,Lr,Lz",False,True,1.0305333560411416,1.3082032013005502,1.0305333560411416,1.0305333560411416,40.479538026194085,3.542076354445811e-08,0.28754762298851255,False,0.26944285076402114,True,False,True,1.3082032013005502,1.5698438415606601,1.3061352413887621,1.3102711612123383,0.004135919823576417,4.422698271706244,followup_needed,0,,,False,,,,0,False,,no_prior,,No reliable period. Methods disagree at Tier 2 and Tier 3 could not resolve ambiguity. More observations needed.,sparse,3,1,5.0,0.4111111109959893,low,mbls,,0
2000 SR290,2026-03-21T04:49:23.374033+00:00,True,0.7821410705352676,0.522624364288743,34.69425165373515,30,,4,551.9477777777938,"Lg,Li,Lr,Ly,Lz",False,True,1.4643329696977003,17.232641488080052,1.4643329696977003,1.4643329696977003,19.19982609060094,2.487333673473202e-07,0.501331936396473,False,10.768253426423104,True,False,True,17.232641488080052,1.2400304612958453,17.198060936598957,17.267222039561148,0.06916110296219102,1.0616409256925017,followup_needed,0,,,False,,,,0,False,,no_prior,,No reliable period. Methods disagree at Tier 2 and Tier 3 could not resolve ambiguity. More observations needed.,sparse,5,1,4.0,1.5141666666604578,medium,"mbls,mhaov,clean",,0
2000 ST287,2026-03-21T04:49:24.707113+00:00,True,1.1700850425212606,0.5421809235524814,41.816351731435425,37,,2,93.7311111112358,"Lg,Lr",False,True,3.2260530033841226,2.325883659575274,3.2260530033841226,3.2260530033841226,27.923600809041698,4.916550500055905e-10,0.12544905519430627,False,0.2790311699356129,True,False,True,2.325883659575274,2.122077131545601,2.321216334505892,2.330550984644656,0.009334650138764555,2.5605620577882364,followup_needed,0,,,False,,,,0,False,,no_prior,,No reliable period. Methods disagree at Tier 2 and Tier 3 could not resolve ambiguity. More observations needed.,sparse,3,1,11.0,0.41277777787763625,medium,"mbls,mhaov,clean",,0
2000 SU92,2026-03-21T04:49:24.755779+00:00,False,,0.0,19.460059667787753,17,n_obs=17 < min_obs=20,1,501.0911111111054,"Lg,Li,Lr,Ly,Lz",,,,,,,,,,,,False,,,,,,,,,t1_rejected,0,,,False,,,,0,False,,no_prior,,Tier 1 failed: n_obs=17 < min_obs=20,sparse,7,1,3.0,0.8908333334256895,low,mbls,,0
2000 SW146,2026-03-21T04:49:25.591180+00:00,True,2.0400200100050023,0.2746240461304694,49.29707694771705,22,,3,332.8683333332883,"Lg,Lr,Ly",False,False,4.211587998760184,4.962084925060172,4.211587998760184,4.211587998760184,2.5206692323431743,0.07952409558210882,0.4658573771559262,False,0.17819808740093843,False,,,,,,,,,t2_rejected,0,,,False,,,,0,False,,no_prior,,No reliable period. Methods disagree at Tier 2 and Tier 3 could not resolve ambiguity. More observations needed.,sparse,3,1,4.0,0.4677777776378207,low,mbls,,0
2000 SX216,2026-03-21T04:49:27.422951+00:00,True,1.9459729864932467,0.7924264943469864,63.16280330044379,20,,2,502.54222222213866,"Lg,Li,Lr,Lu,Ly,Lz",False,True,2.5752818965550057,7.976432574517135,2.5752818965550057,2.5752818965550057,54.97007051212756,8.781435689719785e-09,0.35686983864750743,False,2.097304642720952,True,False,True,7.976432574517135,2.446087152580674,7.960426355304059,7.992438793730211,0.0320124384261522,1.230542234800583,followup_needed,0,,,False,,,,0,False,,no_prior,,No reliable period. Methods disagree at Tier 2 and Tier 3 could not resolve ambiguity. More observations needed.,sparse,7,1,2.0,0.22138888895278797,low,mbls,,0
2000 SX301,2026-03-21T04:49:28.707999+00:00,True,9.011255627813908,0.9380871682473613,30.934401563740604,20,,3,242.0988888888387,"Lg,Li,Lr,Ly,Lz",False,True,19.4778004415679,13.031582980553297,19.4778004415679,19.4778004415679,155.31149947673538,5.173528272450767e-12,0.29387681485553574,False,0.33095202306607946,True,False,True,13.031582980553297,14.539585559573846,13.005432646813055,13.05773331429354,0.052300667480485785,1.2998413927338643,followup_needed,0,,,False,,,,0,False,,no_prior,,No reliable period. Methods disagree at Tier 2 and Tier 3 could not resolve ambiguity. More observations needed.,sparse,5,1,3.0,0.9533333333674818,low,mbls,,0
2000 SZ312,2026-03-21T04:49:36.341814+00:00,True,0.19555966696271232,0.20132094343042506,16.280686676019986,46,,3,214.7483333334094,"Lg,Li,Lr",True,False,0.23484660813360247,0.22148567433953203,0.23484660813360247,0.23484660813360247,7.7313909138880526,9.723477625933619e-05,0.04802802569425896,True,0.05689217272583563,False,,,,,,,,,confirmed,2,0.23484660813360247,,False,914.4,0.23484660813360247,0.013360933794013548,2,False,,no_prior,,"All 3 methods agree (spread=5.7%), p=9.72e-05, sparse regime. Moderate confidence.",sparse,4,1,14.0,0.4762500000069849,medium,"mbls,mhaov,clean",,0
2000 TF21,2026-03-21T04:49:36.387912+00:00,False,,0.0,66.65616761143268,19,n_obs=19 < min_obs=20,2,651.6280555555131,"Lg,Li,Lr,Lz",,,,,,,,,,,,False,,,,,,,,,t1_rejected,0,,,False,,,,0,False,,no_prior,,Tier 1 failed: n_obs=19 < min_obs=20,sparse,4,1,5.0,2.051666666578967,low,mbls,,0
2000 TG10,2026-03-21T04:49:37.647363+00:00,True,11.538769384692346,0.41529220974124487,7.616927990540514,24,,1,365.67694444436347,"Lg,Li,Lr,Ly,Lz",False,False,0.6810019664789264,1.5102493114290612,0.6810019664789264,0.6810019664789264,5.343942845855351,0.004680501565574868,0.1553853310070265,False,1.2176871518249546,False,,,,,,,,,t2_rejected,0,,,False,,,,0,False,,no_prior,,No reliable period. Methods disagree at Tier 2 and Tier 3 could not resolve ambiguity. More observations needed.,sparse,4,1,4.0,0.6640277778496966,low,mbls,,0
2000 TH3,2026-03-21T04:49:39.308516+00:00,True,2.4632316158079037,0.8584694454879653,75.0135422332392,20,,2,479.7511111110798,"Lg,Li,Lr,Lu,Lz",True,False,3.937478622036015,3.6724844831165093,3.937478622036015,3.937478622036015,84.70336863780705,4.1470382683428397e-10,0.8739077670172368,True,0.06730046416922862,False,,,,,,,,,confirmed,1,3.937478622036015,,False,121.8,3.937478622036015,0.2649941389194385,1,False,,no_prior,,"All 3 methods agree (spread=6.7%), p=4.15e-10, sparse regime. Moderate confidence.",sparse,6,1,3.0,1.224999999976717,low,mbls,,0
2000 TM24,2026-03-21T04:49:40.612613+00:00,True,0.8291645822911455,0.5374515514601487,54.34084211169663,23,,2,552.0463888889062,"Lg,Li,Lr,Ly,Lz",False,False,7.6398261860173164,46.71179733748168,7.6398261860173164,7.6398261860173164,6.278475581190565,0.0024057798496763816,0.516238000061118,False,5.114248701491425,False,,,,,,,,,t2_rejected,0,,,False,,,,0,False,,no_prior,,No reliable period. Methods disagree at Tier 2 and Tier 3 could not resolve ambiguity. More observations needed.,sparse,5,1,4.0,1.8991666667279787,low,mbls,,0
2000 UA39,2026-03-21T04:49:40.678585+00:00,False,,0.0,11.451596661301632,17,n_obs=17 < min_obs=20,2,332.95111111103324,"Lg,Lr,Ly",,,,,,,,,,,,False,,,,,,,,,t1_rejected,0,,,False,,,,0,False,,no_prior,,Tier 1 failed: n_obs=17 < min_obs=20,sparse,3,1,5.0,0.5733333334210329,low,mbls,,0
2000 UC47,2026-03-21T04:49:40.729079+00:00,False,,0.0,32.33653306152445,19,n_obs=19 < min_obs=20,2,529.2708333331975,"Lg,Li,Lr,Ly,Lz",,,,,,,,,,,,False,,,,,,,,,t1_rejected,0,,,False,,,,0,False,,no_prior,,Tier 1 failed: n_obs=19 < min_obs=20,sparse,4,1,4.5,1.3916666666627862,low,mbls,,0
2000 UD2,2026-03-21T04:49:40.770917+00:00,False,,0.0,33.73538900950179,17,n_obs=17 < min_obs=20,1,50.763888888875954,"Lg,Li,Lr,Ly,Lz",,,,,,,,,,,,False,,,,,,,,,t1_rejected,0,,,False,,,,0,False,,no_prior,,Tier 1 failed: n_obs=17 < min_obs=20,sparse,3,1,5.0,2.4849999999278225,low,mbls,,0
2000 UD26,2026-03-21T04:49:40.813539+00:00,False,,0.0,81.4856435006922,19,n_obs=19 < min_obs=20,2,359.4813888890203,"Lg,Li,Lr,Ly,Lz",,,,,,,,,,,,False,,,,,,,,,t1_rejected,0,,,False,,,,0,False,,no_prior,,Tier 1 failed: n_obs=19 < min_obs=20,sparse,6,1,3.0,0.8515277777623851,low,mbls,,0
2000 UE113,2026-03-21T04:49:41.796599+00:00,True,3.7798899449724863,0.7585463243084158,36.285262062290826,21,,2,504.6963888889295,"Lg,Li,Lr,Lu,Lz",False,True,4.3104063287567955,18.26295387030008,4.3104063287567955,4.3104063287567955,30.16694471896754,2.8454448575132574e-07,0.3809952516540537,False,3.2369448440291784,True,False,True,18.26295387030008,3.5002229318466553,18.226305802332927,18.299601938267234,0.0732961359343065,1.2109835456019553,followup_needed,0,,,False,,,,0,False,,no_prior,,No reliable period. Methods disagree at Tier 2 and Tier 3 could not resolve ambiguity. More observations needed.,sparse,6,1,3.0,1.0169444444181863,low,mbls,,0
2000 UH58,2026-03-21T04:49:43.060733+00:00,True,1.8871935967983993,0.6314747808291942,22.186987162421698,21,,2,551.6444444444496,"Lg,Li,Lr,Ly,Lz",False,True,2.891394896647523,4.048242089012474,2.891394896647523,2.891394896647523,31.226772881439125,2.2363072005315843e-07,0.30174302540893505,False,0.40010003258492194,True,False,True,4.048242089012474,2.4833117373213507,4.042439958785088,4.05404421923986,0.01160426045477303,1.7139508041291889,followup_needed,0,,,False,,,,0,False,,no_prior,,No reliable period. Methods disagree at Tier 2 and Tier 3 could not resolve ambiguity. More observations needed.,sparse,4,1,6.5,1.7965277778566815,low,mbls,,0
2000 UL40,2026-03-21T04:49:43.108735+00:00,False,,0.0,45.49675452146796,16,n_obs=16 < min_obs=20,1,549.1311111112009,"Lg,Li,Lr,Ly,Lz",,,,,,,,,,,,False,,,,,,,,,t1_rejected,0,,,False,,,,0,False,,no_prior,,Tier 1 failed: n_obs=16 < min_obs=20,sparse,4,1,4.5,2.046111111121718,low,mbls,,0
2000 UN92,2026-03-21T04:49:43.154305+00:00,False,,0.0,80.31044363302786,18,n_obs=18 < min_obs=20,2,477.7158333332045,"Lg,Li,Lr,Ly,Lz",,,,,,,,,,,,False,,,,,,,,,t1_rejected,0,,,False,,,,0,False,,no_prior,,Tier 1 failed: n_obs=18 < min_obs=20,sparse,5,1,4.0,0.9344444444286637,low,mbls,,0
2000 UO109,2026-03-21T04:49:43.199862+00:00,False,,0.0,17.858635651253802,19,n_obs=19 < min_obs=20,1,242.24833333329298,"Li,Lr,Ly,Lz",,,,,,,,,,,,False,,,,,,,,,t1_rejected,0,,,False,,,,0,False,,no_prior,,Tier 1 failed: n_obs=19 < min_obs=20,sparse,4,1,4.0,0.8674999999639113,low,mbls,,0
2000 VH12,2026-03-21T04:49:43.252931+00:00,False,,0.0,20.88573161691977,19,n_obs=19 < min_obs=20,3,534.0427777778241,"Lg,Li,Lr,Lu,Lz",,,,,,,,,,,,False,,,,,,,,,t1_rejected,0,,,False,,,,0,False,,no_prior,,Tier 1 failed: n_obs=19 < min_obs=20,sparse,5,1,5.0,1.4019444443983957,low,mbls,,0
2000 VJ53,2026-03-21T04:49:44.734882+00:00,True,4.485242621310656,0.7196771865805709,89.65148607881109,22,,2,652.1313888888108,"Lg,Li,Lr,Lu,Lz",False,True,5.130781042477734,15.945767795761865,5.130781042477734,5.130781042477734,19.902398408776452,3.0865011265701625e-06,0.13447722911821663,False,2.1078636300681617,True,False,True,15.945767795761865,4.482140495970516,15.913769599516193,15.977765992007537,0.06399639249134381,2.2702076856395044,followup_needed,0,,,False,,,,0,False,,no_prior,,No reliable period. Methods disagree at Tier 2 and Tier 3 could not resolve ambiguity. More observations needed.,sparse,8,1,2.0,0.5626388889213558,low,mbls,,0
2000 VQ34,2026-03-21T04:49:45.743387+00:00,True,2.2163581790895446,0.8110187294793723,41.128067240199464,21,,2,503.2605555554037,"Lg,Li,Lr,Ly,Lz",False,True,3.9446962560973717,5.869053733268769,3.9446962560973717,3.9446962560973717,75.15217819353627,3.656445146660303e-10,0.4318447060220944,False,0.48783413277927384,True,False,True,5.869053733268769,3.2401919749080754,5.86113795482844,5.876969511709099,0.01583155688066018,1.2872809775841605,followup_needed,0,,,False,,,,0,False,,no_prior,,No reliable period. Methods disagree at Tier 2 and Tier 3 could not resolve ambiguity. More observations needed.,sparse,6,1,3.5,1.3188888888980728,low,mbls,,0
2000 VU28,2026-03-21T04:49:46.760582+00:00,True,9.599049524762382,0.7971507522568528,71.64850247736479,25,,3,265.8047222222085,"Lg,Li,Lr,Ly,Lz",False,True,19.324783849076923,13.742769017052709,19.324783849076923,19.324783849076923,98.42892269705834,7.330802631599909e-13,0.6663310730394925,False,0.2888526399890656,True,False,True,13.742769017052709,10.994215213642168,13.715191554142233,13.770346479963184,0.05515492582094872,1.5501367186270627,followup_needed,0,,,False,,,,0,False,,no_prior,,No reliable period. Methods disagree at Tier 2 and Tier 3 could not resolve ambiguity. More observations needed.,sparse,6,1,4.5,0.8451388889516238,low,mbls,,0
2000 VV15,2026-03-21T04:49:47.747573+00:00,True,5.790145072536268,0.3799025953471506,252.5928444036661,21,,2,527.0133333333652,"Lg,Li,Lr,Ly,Lz",False,False,15.016937613191624,11.597852402136898,15.016937613191624,15.016937613191624,5.604275019674806,0.005131030473268239,1.0608899464953976,False,0.2276819215158092,False,,,,,,,,,t2_rejected,0,,,False,,,,0,False,,no_prior,,No reliable period. Methods disagree at Tier 2 and Tier 3 could not resolve ambiguity. More observations needed.,sparse,5,1,4.0,0.8966666667256504,low,mbls,,0
2000 VZ1,2026-03-21T04:49:49.473487+00:00,True,1.228864432216108,0.5992724247180767,30.660530843602864,98,,5,267.61111111112405,"Lg,Li,Lr,Lu,Lz",False,True,1.6686370027294408,4.04545216089205,1.6686370027294408,1.6686370027294408,62.33732050156494,1.1102230246251565e-16,0.37865755591849537,False,1.4244051607829353,True,False,True,4.04545216089205,1.5759969550862678,4.037334196689591,4.053570125094509,0.016235928404917388,2.8813627225046203,followup_needed,0,,,False,,,,0,False,,no_prior,,No reliable period. Methods disagree at Tier 2 and Tier 3 could not resolve ambiguity. More observations needed.,sparse,6,1,11.5,0.4372222221863922,medium,"mbls,mhaov,clean",,0
2000 WA75,2026-03-21T04:49:51.084576+00:00,True,5.53151575787894,0.44670876592280445,10.439381023808014,24,,3,478.7261111110565,"Li,Lr,Ly,Lz",False,True,2.112552119290049,0.3965332303606485,2.112552119290049,2.112552119290049,14.448714006292573,1.4081188469128314e-05,0.270901937567818,False,0.8122965929499902,True,False,True,0.3965332303606485,0.4148347640696015,0.3922939953386623,0.4007724653826347,0.008478470043972397,2.8294415873765124,followup_needed,0,,,False,,,,0,False,,no_prior,,No reliable period. Methods disagree at Tier 2 and Tier 3 could not resolve ambiguity. More observations needed.,sparse,6,1,2.5,0.6398611111217178,low,mbls,,0
2000 WD40,2026-03-21T04:49:56.506976+00:00,True,0.5357336754792318,0.7582142927298874,15.405878869964623,29,,3,551.9819444444147,"Lg,Li,Lr,Ly,Lz",False,True,2.3483294905494154,2.035099206243503,2.3483294905494154,2.3483294905494154,43.073714075007416,1.2869549870231367e-10,0.32044228049526413,False,0.13338429959098103,True,False,True,2.035099206243503,1.7206457502955101,2.0317654909662615,2.0384329215207444,0.006667430554483378,2.363847150145968,followup_needed,0,,,False,,,,0,False,,no_prior,,No reliable period. Methods disagree at Tier 2 and Tier 3 could not resolve ambiguity. More observations needed.,sparse,6,1,3.0,1.2054166666930541,medium,"mbls,mhaov,clean",,0
2000 WL114,2026-03-21T04:49:58.010543+00:00,True,20.496748374187096,0.3814598411778102,43.14903410962066,33,,3,627.6474999999627,"Lg,Li,Lr,Ly,Lz",False,True,2.0885764248605527,13.472517900118348,2.0885764248605527,2.0885764248605527,15.367633427289114,9.178297712963968e-07,0.3193028524111929,False,5.450574534763511,True,False,True,13.472517900118348,2.5007035454852105,13.445482747141524,13.499553053095172,0.05407030595364759,2.6401662983895253,followup_needed,0,,,False,,,,0,False,,no_prior,,No reliable period. Methods disagree at Tier 2 and Tier 3 could not resolve ambiguity. More observations needed.,sparse,4,1,4.0,1.4000000001105946,medium,"mbls,mhaov,clean",,0
2000 WL132,2026-03-21T04:49:59.049889+00:00,True,1.6285642821410706,0.5206016487739549,105.06752875911216,28,,2,699.403611110989,"Lg,Li,Lr,Ly,Lz",False,True,11.341867499271476,7.946404679498802,11.341867499271476,11.341867499271476,10.859471091053413,4.290113905192072e-05,0.4517903736641823,False,0.29937422739160685,True,False,True,7.946404679498802,8.153702192877033,7.930458716931245,7.96235064206636,0.03189192513511507,1.343638269031769,followup_needed,0,,,False,,,,0,False,,no_prior,,No reliable period. Methods disagree at Tier 2 and Tier 3 could not resolve ambiguity. More observations needed.,sparse,7,1,2.0,0.5611111109610647,medium,"mbls,mhaov,clean",,0
2000 WP103,2026-03-21T04:49:59.880778+00:00,True,0.887943971985993,0.6615664104005409,28.66737106579557,31,,4,552.0919444444589,"Lg,Li,Lr,Ly,Lz",False,False,5.073576259620307,24.909484502171058,5.073576259620307,5.073576259620307,5.316612243152855,0.002891313548456509,0.3325415043632286,False,3.9096501614487034,False,,,,,,,,,t2_rejected,0,,,False,,,,0,False,,no_prior,,No reliable period. Methods disagree at Tier 2 and Tier 3 could not resolve ambiguity. More observations needed.,sparse,5,1,4.0,1.623055555508472,medium,"mbls,mhaov,clean",,0
2000 WR7,2026-03-21T04:50:00.989901+00:00,True,11.738619309654828,0.39561690150218437,56.15128783665455,35,,3,598.5647222223342,"Lg,Li,Lr,Ly,Lz",False,True,15.149807189356599,25.343003195495715,15.149807189356599,15.149807189356599,30.266871358515694,3.836231332599027e-10,0.32567746945259635,False,0.672826781142113,True,False,True,25.343003195495715,12.646795566767247,25.31260224461407,25.37340414637736,0.06080190176329481,1.8091249778440743,followup_needed,0,,,False,,,,0,False,,no_prior,,No reliable period. Methods disagree at Tier 2 and Tier 3 could not resolve ambiguity. More observations needed.,sparse,5,1,3.0,0.6702777778264135,medium,"mbls,mhaov,clean",,0
2000 WW203,2026-03-21T04:50:02.024776+00:00,True,15.594547273636818,0.8461709539162969,27.30672961681441,28,,3,551.6205555555644,"Lg,Li,Lr,Ly,Lz",False,True,15.119556652284126,11.327248610967704,15.119556652284126,15.119556652284126,65.21682555829283,3.2531755067566337e-12,0.40413959832885327,False,0.2508213784657015,True,False,True,11.327248610967704,14.684679771984316,11.30451834619653,11.349978875738877,0.04546052954234803,2.2441392514872383,followup_needed,0,,,False,,,,0,False,,no_prior,,No reliable period. Methods disagree at Tier 2 and Tier 3 could not resolve ambiguity. More observations needed.,sparse,6,1,4.5,1.7955555555818137,medium,"mbls,mhaov,clean",,0
2000 WY37,2026-03-21T04:50:03.701220+00:00,True,23.376938469234616,0.7280040936301995,48.59738620244534,24,,3,913.5305555555387,"Lg,Li,Lr,Ly,Lz",False,True,4.472278660270254,1.0185172908994815,4.472278660270254,4.472278660270254,21.476997399309553,7.833302402282527e-07,0.32560248755638377,False,0.7722598772862006,True,False,True,1.0185172908994815,4.223984928629832,1.009542818671516,1.027491763127447,0.01794894445593087,1.1396061261376145,followup_needed,0,,,False,,,,0,False,,no_prior,,No reliable period. Methods disagree at Tier 2 and Tier 3 could not resolve ambiguity. More observations needed.,sparse,5,1,4.0,0.6824999999371357,low,mbls,,0
2000 XB37,2026-03-21T04:50:05.930278+00:00,True,0.840920460230115,0.8210998108168045,20.727835500465996,20,,1,312.73972222208977,"Lg,Li,Lr,Ly,Lz",False,True,0.8407378304729313,0.6652663436356259,0.8407378304729313,0.8407378304729313,37.36203534901028,1.2400689108904572e-07,0.20106000435452018,False,0.20871130152236708,True,False,True,0.6652663436356259,0.9785176087109702,0.6639313610062567,0.666601326264995,0.002669965258738305,2.017333677585233,followup_needed,0,,,False,,,,0,False,,no_prior,,No reliable period. Methods disagree at Tier 2 and Tier 3 could not resolve ambiguity. More observations needed.,sparse,6,1,3.0,0.8626388889388181,low,mbls,,0
2000 XL53,2026-03-21T04:50:14.466325+00:00,True,0.30437521867393424,0.5032426139801841,13.19741155266798,37,,2,533.4611111110426,"Lg,Li,Lr,Ly,Lz",True,False,0.28640039458749034,0.2868795152810171,0.28640039458749034,0.28640039458749034,16.859469997354697,1.5679312848071447e-07,0.23095470217168967,True,0.0016729051446145954,False,,,,,,,,,confirmed,2,0.28640039458749034,,False,1862.6,0.28640039458749034,0.0004791206935250627,2,False,,no_prior,,"All 3 methods agree (spread=0.2%), p=1.57e-07, sparse regime. Moderate confidence.",sparse,3,1,3.0,1.2430555553874,medium,"mbls,mhaov,clean",,0
2000 YB18,2026-03-21T04:50:15.497664+00:00,True,1.9812406203101551,0.6869324122779119,22.1353296968317,25,,3,552.0463888889062,"Lg,Li,Lr,Ly,Lz",False,True,4.7272313215627495,11.294467924192173,4.7272313215627495,4.7272313215627495,16.50556905819205,4.003696799870227e-06,0.28111868714976257,False,1.3892352956522989,True,False,True,11.294467924192173,3.7881091125298827,11.271803440063362,11.317132408320983,0.045328968257623004,4.252593227419761,followup_needed,0,,,False,,,,0,False,,no_prior,,No reliable period. Methods disagree at Tier 2 and Tier 3 could not resolve ambiguity. More observations needed.,sparse,4,1,5.0,1.7447222222399432,low,mbls,,0
2000 YE50,2026-03-21T04:50:17.684577+00:00,True,1.710855427713857,0.8678594499709478,40.078865748314904,25,,2,364.5605555555667,"Lg,Li,Lr,Lu,Ly,Lz",False,True,2.9705630047292653,2.0941981480991982,2.9705630047292653,2.9705630047292653,40.68245306905546,2.4438905343870942e-09,0.2845599468130358,False,0.2950164178421939,True,False,True,2.0941981480991982,1.67816012135307,2.089995743788631,2.0984005524097653,0.008404808621134352,12.509585544180872,followup_needed,0,,,False,,,,0,False,,no_prior,,No reliable period. Methods disagree at Tier 2 and Tier 3 could not resolve ambiguity. More observations needed.,sparse,4,1,3.0,0.4586111110984348,low,mbls,,0
2000 YF143,2026-03-21T04:50:17.753399+00:00,False,,0.0,35.49638567247794,16,n_obs=16 < min_obs=20,1,551.0858333333745,"Lg,Li,Lr,Ly,Lz",,,,,,,,,,,,False,,,,,,,,,t1_rejected,0,,,False,,,,0,False,,no_prior,,Tier 1 failed: n_obs=16 < min_obs=20,sparse,6,1,3.5,1.1677777778240852,low,mbls,,0
2000 YF60,2026-03-21T04:50:19.375893+00:00,True,15.206603301650826,0.28789868698270066,64.64758797246479,23,,1,533.5152777776239,"Li,Lr,Lu,Ly,Lz",False,True,1.5789395622269666,3.0765402511081215,1.5789395622269666,3.0765402511081215,6.603383293696076,0.0018739447732344372,0.23919607549811975,False,0.025757437235616586,True,False,True,3.0765402511081215,1.3560925738457694,3.07036659174135,3.082713910474893,0.012347318733542778,1.1462845013561955,followup_needed,0,,,False,,,,0,False,,no_prior,,No reliable period. Methods disagree at Tier 2 and Tier 3 could not resolve ambiguity. More observations needed.,sparse,6,1,2.0,0.5737500000104774,low,mbls,,0
2000 YH104,2026-03-21T04:50:20.395717+00:00,True,1.8049024512256129,0.7075527067322878,41.522764667002996,22,,3,266.2400000001071,"Lg,Li,Lr,Ly,Lz",True,False,1.8038512036372318,3.6472501111432614,1.8038512036372318,3.6472501111432614,44.08363872200471,9.275169632338987e-09,0.18477630276816331,True,0.010962019425173183,False,,,,,,,,,confirmed,1,3.6472501111432614,,False,73.0,3.6472501111432614,0.039981226566817483,1,False,,no_prior,,"All 3 methods agree (spread=1.1%), p=9.28e-09, sparse regime. Moderate confidence.",sparse,6,1,3.5,0.9873611112416256,low,mbls,,0
2000 YH28,2026-03-21T04:50:21.346406+00:00,True,1.710855427713857,0.7515989357975776,16.403440482872522,20,,1,552.0472222222597,"Lg,Li,Lr,Ly,Lz",False,True,4.175302285187275,24.35241537073972,4.175302285187275,4.175302285187275,45.318529410946844,3.3366511109633734e-08,0.37563878705778075,False,4.8324915676476845,True,False,True,24.35241537073972,5.004777053548894,24.329749479251056,24.375081262228385,0.045331782977328317,1.4815608901395474,followup_needed,0,,,False,,,,0,False,,no_prior,,No reliable period. Methods disagree at Tier 2 and Tier 3 could not resolve ambiguity. More observations needed.,sparse,5,1,4.0,1.9486111112055369,low,mbls,,0
2000 YM22,2026-03-21T04:50:22.727722+00:00,True,0.9937468734367183,0.7322433259290878,9.41365898368518,21,,2,652.4163888889016,"Lg,Li,Lr,Lz",False,True,1.301480429863638,1.024491430613419,1.301480429863638,1.301480429863638,27.322059187706138,5.644050405928525e-07,0.32853669853061274,False,0.21282609626256738,True,False,True,1.024491430613419,1.3023509853351187,1.022435594966703,1.026547266260135,0.004111671293431929,2.260882743711807,followup_needed,0,,,False,,,,0,False,,no_prior,,No reliable period. Methods disagree at Tier 2 and Tier 3 could not resolve ambiguity. More observations needed.,sparse,5,1,4.0,0.6319444444379769,low,mbls,,0
2000 YN82,2026-03-21T04:50:23.855839+00:00,True,4.4029514757378685,0.4857211962776018,67.43633210640354,25,,2,335.2572222223389,"Lg,Li,Lr,Ly",True,False,3.111751976905884,6.321730477342324,3.111751976905884,6.321730477342324,11.85851034863706,4.231042723845668e-05,0.2899762280575352,True,0.01578315435477126,False,,,,,,,,,confirmed,1,6.321730477342324,,False,53.0,6.321730477342324,0.09977684791315572,1,False,,no_prior,,"All 3 methods agree (spread=1.6%), p=4.23e-05, sparse regime. Moderate confidence.",sparse,3,1,6.0,1.8219444444403052,low,mbls,,0
2000 YP26,2026-03-21T04:50:25.491710+00:00,True,0.5409585786432947,0.7838140782643637,38.74399765632938,23,,2,51.21638888900634,"Lg,Li,Lr,Ly,Lz",False,True,2.2592286773490873,16.75307622578303,2.2592286773490873,2.2592286773490873,37.19901915657356,1.7922883954746283e-08,0.5695367655480418,False,6.415396411059275,True,False,True,16.75307622578303,1.8829424294160286,16.71945801262093,16.78669443894513,0.06723642632420024,1.1167384939370095,followup_needed,0,,,False,,,,0,False,,no_prior,,No reliable period. Methods disagree at Tier 2 and Tier 3 could not resolve ambiguity. More observations needed.,sparse,3,1,4.0,1.9486111112055369,low,mbls,,0
2000 YR60,2026-03-21T04:50:26.416414+00:00,True,3.3919459729864934,0.7280423649928466,18.73496724791666,20,,2,747.5752777777961,"Lg,Li,Lr,Lz",False,True,3.9735147250183944,3.5577163581790896,3.9735147250183944,3.9735147250183944,38.396565506968344,1.0314039500247674e-07,0.44214522705083315,False,0.10464246281037132,True,False,True,3.5577163581790896,2.9223248748119883,3.552493611233671,3.5629391051245083,0.010445493890837376,3.2258028568698336,followup_needed,0,,,False,,,,0,False,,no_prior,,No reliable period. Methods disagree at Tier 2 and Tier 3 could not resolve ambiguity. More observations needed.,sparse,6,1,2.0,0.7166666667326353,low,mbls,,0
2000 YR61,2026-03-21T04:50:32.026085+00:00,True,0.7165493271284502,0.5208301977002325,39.766993917764275,52,,4,699.2522222221596,"Lg,Li,Lr,Ly,Lz",False,True,1.870827272069168,1.3343624786647843,1.870827272069168,1.870827272069168,24.338513989360923,5.946809711332435e-11,0.22667186533125638,False,0.28675271170852534,True,False,True,1.3343624786647843,1.540541563996935,1.331684828205925,1.3370401291236436,0.00535530091771852,4.415888733813195,followup_needed,0,,,False,,,,0,False,,no_prior,,No reliable period. Methods disagree at Tier 2 and Tier 3 could not resolve ambiguity. More observations needed.,sparse,6,1,2.0,0.5936111111368518,medium,"mbls,mhaov,clean",,0
2000 YS26,2026-03-21T04:50:32.073786+00:00,False,,0.0,107.70266611623241,19,n_obs=19 < min_obs=20,1,455.6227777777822,"Li,Lr,Ly,Lz",,,,,,,,,,,,False,,,,,,,,,t1_rejected,0,,,False,,,,0,False,,no_prior,,Tier 1 failed: n_obs=19 < min_obs=20,sparse,5,1,2.0,0.6894444444333203,low,mbls,,0
2000 YU,2026-03-21T04:50:33.935875+00:00,True,2.721860930465233,0.6542811442932451,50.65165080155387,73,,3,598.828055555583,"Lg,Li,Lr",False,True,2.4396726898265984,4.128648803711769,2.4396726898265984,2.4396726898265984,59.65090629364702,1.1102230246251565e-16,0.7141882763019095,False,0.6922961924062542,True,False,True,4.128648803711769,2.062706541766435,4.120363889724389,4.13693371769915,0.016569827974761253,1.2284767610216947,followup_needed,0,,,False,,,,0,False,,no_prior,,No reliable period. Methods disagree at Tier 2 and Tier 3 could not resolve ambiguity. More observations needed.,sparse,6,1,9.5,0.36513888894114643,medium,"mbls,mhaov,clean",,0
2000 YU53,2026-03-21T04:50:34.893842+00:00,True,1.158329164582291,0.7996160083577091,78.88557069264873,20,,2,914.9641666666721,"Lg,Li,Lr,Lu,Lz",False,True,7.186897216530906,19.591422920529958,7.186897216530906,7.186897216530906,36.81714653408563,1.3689696509722182e-07,0.26821094035500564,False,1.725991805680081,True,False,True,19.591422920529958,6.5090694522962185,19.552109028381743,19.630736812678172,0.07862778429642958,1.5624833047284596,followup_needed,0,,,False,,,,0,False,,no_prior,,No reliable period. Methods disagree at Tier 2 and Tier 3 could not resolve ambiguity. More observations needed.,sparse,7,1,2.0,0.5969444444635883,low,mbls,,0
2000 YY106,2026-03-21T04:50:35.737459+00:00,True,9.822411205602801,0.6642629695317176,20.135902597735694,32,,4,552.125555555569,"Lg,Li,Lr,Ly,Lz",True,False,20.050673198386455,38.424322698194715,20.050673198386455,38.424322698194715,16.102857831453704,7.440658008617262e-07,0.3664734272787896,True,0.04181963572956518,False,,,,,,,,,confirmed,2,38.424322698194715,,True,14.4,38.424322698194715,1.606891178393766,2,False,,no_prior,,"All 3 methods agree (spread=4.2%), p=7.44e-07, sparse regime. Moderate confidence.",sparse,6,1,3.0,1.1887499999720603,medium,"mbls,mhaov,clean",,0
2000 YZ78,2026-03-21T04:50:37.282577+00:00,True,1.6403201600800401,0.5544743037564895,35.614990631205224,40,,2,381.79222222213866,"Lg,Li,Lr,Ly,Lz",False,True,2.8910948226607074,1.2375700007110786,2.8910948226607074,2.8910948226607074,11.771588981905623,3.667352753033981e-06,0.2030054465978698,False,0.5719372498572355,True,False,True,1.2375700007110786,0.9900560005688629,1.2317684726388505,1.2433715287833067,0.011603056144456225,2.025719314531296,followup_needed,0,,,False,,,,0,False,,no_prior,,No reliable period. Methods disagree at Tier 2 and Tier 3 could not resolve ambiguity. More observations needed.,sparse,4,1,2.5,0.7795833332638722,medium,"mbls,mhaov,clean",,0
2000 YZ84,2026-03-21T04:50:37.340171+00:00,False,,0.0,84.54269073641073,19,n_obs=19 < min_obs=20,2,551.6327777778497,"Lg,Li,Lr,Ly,Lz",,,,,,,,,,,,False,,,,,,,,,t1_rejected,0,,,False,,,,0,False,,no_prior,,Tier 1 failed: n_obs=19 < min_obs=20,sparse,6,1,4.0,1.5249999999941792,low,mbls,,0
2000 YZ94,2026-03-21T04:50:38.610347+00:00,True,3.380190095047524,0.7914114312994609,8.429569773396535,21,,3,242.01305555569706,"Lg,Li,Lr,Ly,Lz",True,False,1.8171391218174406,1.9627076477356067,1.8171391218174406,1.8171391218174406,28.432613280965462,4.2898083285614064e-07,0.2427716094738202,True,0.08010863019254863,False,,,,,,,,,confirmed,1,1.8171391218174406,,False,133.2,1.8171391218174406,0.14556852591808592,1,False,,no_prior,,"All 3 methods agree (spread=8.0%), p=4.29e-07, sparse regime. Moderate confidence.",sparse,6,1,3.5,0.9030555556237232,low,mbls,,0
2001 AB23,2026-03-21T04:50:39.578262+00:00,True,5.249374687343672,0.6709856548175369,87.43628245253805,23,,2,747.5536111111287,"Lg,Li,Lr,Lz",False,True,6.201038123263032,13.987509176395468,6.201038123263032,6.201038123263032,16.211133528744377,8.681174427205285e-06,0.3672323863006598,False,1.2556721791340772,True,False,True,13.987509176395468,5.25118010973311,13.95944059610839,14.015577756682546,0.0561371605741563,1.9886886243769724,followup_needed,0,,,False,,,,0,False,,no_prior,,No reliable period. Methods disagree at Tier 2 and Tier 3 could not resolve ambiguity. More observations needed.,sparse,6,1,4.0,1.4848611110646743,low,mbls,,0
2001 AC53,2026-03-21T04:50:40.594814+00:00,True,2.204602301150575,0.6169923702741729,29.04446928546405,26,,3,552.0372222221922,"Lg,Li,Lr,Ly,Lz",False,True,3.726469082323756,24.806355828798026,3.726469082323756,3.726469082323756,16.394318176308673,3.1084015672533383e-06,0.2831835755332745,False,5.656799045095952,True,False,True,24.806355828798026,4.1327663802627335,24.785511771923638,24.827199885672414,0.04168811374877279,1.7735746033142858,followup_needed,0,,,False,,,,0,False,,no_prior,,No reliable period. Methods disagree at Tier 2 and Tier 3 could not resolve ambiguity. More observations needed.,sparse,6,1,3.5,1.7600000000093132,low,mbls,,0
2001 AU13,2026-03-21T04:50:41.888692+00:00,True,2.028264132066033,0.6289790259933642,24.886443056824792,21,,1,552.0919444444589,"Lg,Li,Lr,Ly,Lz",False,True,4.410979914765653,17.579899924120113,4.410979914765653,4.410979914765653,32.97200057064865,1.5269546060903139e-07,0.17669374570345603,False,2.9854862782913205,True,False,True,17.579899924120113,15.098723413090452,17.544622532968038,17.615177315272188,0.07055478230414991,1.7425498959919479,followup_needed,0,,,False,,,,0,False,,no_prior,,No reliable period. Methods disagree at Tier 2 and Tier 3 could not resolve ambiguity. More observations needed.,sparse,4,1,3.5,1.790416666714009,low,mbls,,0
2001 BC38,2026-03-21T04:50:43.892374+00:00,True,0.8056528264132066,0.25404672126310984,64.04183796536087,40,,3,670.3424999998533,"Lg,Li,Lr,Ly,Lz",True,False,1.0876233059647713,1.135326367396725,1.0876233059647713,1.0876233059647713,9.27982475973407,3.203310367960732e-05,0.31380500603026823,True,0.0438599110282904,False,,,,,,,,,confirmed,2,1.0876233059647713,,False,616.3,1.0876233059647713,0.047703061431909936,2,False,,no_prior,,"All 3 methods agree (spread=4.4%), p=3.20e-05, sparse regime. Moderate confidence.",sparse,5,1,2.0,0.6702777778264135,medium,"mbls,mhaov,clean",,0
2001 BJ23,2026-03-21T04:50:44.654085+00:00,True,4.908454227113557,0.8776868830558401,12.75439332259224,22,,3,478.6683333333931,"Li,Lr,Lz",True,False,6.172621697644421,12.345243395288842,6.172621697644421,12.345243395288842,106.79502731970244,8.263278949982578e-12,0.7792934320103858,True,0.0,False,,,,,,,,,confirmed,-1,12.345243395288842,,False,38.8,12.345243395288842,0.0,-1,True,"0.5-day alias (12.0hr, Δ=2.9%)",no_prior,,"Period 12.345hr is close to known alias: 0.5-day alias (12.0hr, Δ=2.9%). Independent confirmation required.",sparse,6,1,2.5,0.6272222223342396,low,mbls,,0
2001 BN68,2026-03-21T04:50:45.676232+00:00,True,21.895697848924463,0.8741389082679589,17.728901295631097,25,,3,528.9161111111753,"Lg,Li,Lr,Ly,Lz",False,True,20.09217594375714,22.53070754283444,20.09217594375714,20.09217594375714,43.19674931007477,1.4384495816699427e-09,0.3510322456534957,False,0.12136722303762498,True,False,True,22.53070754283444,24.0,22.510825621651342,22.550589464017534,0.039763842366189905,2.0225336371879954,followup_needed,0,,,False,,,,0,False,,no_prior,,No reliable period. Methods disagree at Tier 2 and Tier 3 could not resolve ambiguity. More observations needed.,sparse,7,1,2.0,0.5941666667349637,low,mbls,,0
2001 BP56,2026-03-21T04:50:46.634588+00:00,True,20.496748374187096,0.7871274357625696,10.554947903587962,20,,2,313.7969444443588,"Lg,Li,Lr,Ly,Lz",False,True,16.953041459042293,6.257212926236376,16.953041459042293,16.953041459042293,50.76241871935699,1.5266607755748396e-08,0.20898796849104162,False,0.6309091238080128,True,False,True,6.257212926236376,20.34364975085075,6.2231934450476665,6.291232407425085,0.06803896237741824,10.712472672278015,followup_needed,0,,,False,,,,0,False,,no_prior,,No reliable period. Methods disagree at Tier 2 and Tier 3 could not resolve ambiguity. More observations needed.,sparse,8,1,2.0,0.5623611111659557,low,mbls,,0
2001 BY34,2026-03-21T04:50:46.689100+00:00,False,,0.0,84.17941987049727,19,n_obs=19 < min_obs=20,2,534.6758333332837,"Lg,Li,Lr,Lz",,,,,,,,,,,,False,,,,,,,,,t1_rejected,0,,,False,,,,0,False,,no_prior,,Tier 1 failed: n_obs=19 < min_obs=20,sparse,4,1,5.0,3.755138888867805,low,mbls,,0
2001 BZ49,2026-03-21T04:50:47.520738+00:00,True,4.167833916958479,0.8838508827500001,22.01030917301835,21,,2,313.9180555556668,"Lg,Li,Lr,Ly,Lz",True,False,8.291463420940214,7.587182053847865,8.291463420940214,8.291463420940214,51.79622326417692,5.878789788305028e-09,0.4336030907084615,True,0.08494053839923979,False,,,,,,,,,confirmed,1,8.291463420940214,,False,37.9,8.291463420940214,0.7042813670922644,1,False,,no_prior,,"All 3 methods agree (spread=8.5%), p=5.88e-09, sparse regime. Moderate confidence.",sparse,6,1,3.5,0.6511111111321952,low,mbls,,0
2001 BZ51,2026-03-21T04:50:48.893557+00:00,True,0.7703851925962981,0.8461799698062572,69.71555712431037,28,,2,383.97611111111473,"Lg,Li,Lr,Ly,Lz",False,True,1.9902425522577238,1.742336371406562,1.9902425522577238,1.9902425522577238,128.20119821310442,2.220446049250313e-15,0.30674845134696566,False,0.12456078811590746,True,False,True,1.742336371406562,1.545376607682342,1.739566957750989,1.7451057850621352,0.005538827311146299,1.5089215718151885,followup_needed,0,,,False,,,,0,False,,no_prior,,No reliable period. Methods disagree at Tier 2 and Tier 3 could not resolve ambiguity. More observations needed.,sparse,3,1,9.0,2.833333333313931,medium,"mbls,mhaov,clean",,0
2001 CA19,2026-03-21T04:50:50.003480+00:00,True,1.6520760380190096,0.7348042667944717,33.64425301390369,20,,3,479.7125000000233,"Lg,Li,Lr,Ly,Lz",False,True,1.3068565568695631,7.166043720550232,1.3068565568695631,1.3068565568695631,26.322936999950098,1.252309335342261e-06,0.3431713807418177,False,4.4834202597653485,True,False,True,7.166043720550232,6.586049546512387,7.1516636997063205,7.180423741394144,0.02876004168782309,1.1785689665443932,followup_needed,0,,,False,,,,0,False,,no_prior,,No reliable period. Methods disagree at Tier 2 and Tier 3 could not resolve ambiguity. More observations needed.,sparse,7,1,2.0,0.9877777778310701,low,mbls,,0
2001 DA117,2026-03-21T04:50:50.826373+00:00,True,3.4624812406203103,0.6397489560590769,30.256810715639332,27,,1,239.53222222218756,"Lg,Li,Lr",True,False,18.35072677635917,18.08814435560561,18.35072677635917,18.35072677635917,91.95244721452053,2.106093077713922e-13,0.6686755168156293,True,0.014309101974741667,False,,,,,,,,,confirmed,1,18.35072677635917,,False,13.1,18.35072677635917,0.2625824207535458,1,False,,no_prior,,"All 3 methods agree (spread=1.4%), p=2.11e-13, sparse regime. Moderate confidence.",sparse,4,1,6.0,0.5826388888817746,low,mbls,,0
2001 DC46,2026-03-21T04:50:51.815551+00:00,True,2.181090545272636,0.7484178700034914,20.047363474650012,22,,2,407.60000000009313,"Lg,Li,Lr,Ly,Lz",False,True,6.604787055081392,42.308365169580455,6.604787055081392,6.604787055081392,167.62337073342724,2.041700142285663e-13,0.5152172412985053,False,5.405712223079943,True,False,True,42.308365169580455,5.5312330387705035,42.25896704849853,42.357763290662376,0.09879624216384286,1.399855850173049,followup_needed,0,,,False,,,,0,False,,no_prior,,No reliable period. Methods disagree at Tier 2 and Tier 3 could not resolve ambiguity. More observations needed.,sparse,7,1,3.0,0.5663888889248483,low,mbls,,0
2001 DK57,2026-03-21T04:50:57.223833+00:00,True,0.06010383887581219,0.36339749296063883,25.358492394237533,36,,2,381.79222222213866,"Lg,Li,Lr,Ly,Lz",False,True,0.7101564725782659,3.76055415434798,0.7101564725782659,0.7101564725782659,7.877498574401708,0.00016750381365504552,0.17116982366110334,False,4.295388128606033,True,False,True,3.76055415434798,3.0084433234783843,3.753007891830895,3.768100416865065,0.015092525034170023,1.5850360550477367,followup_needed,0,,,False,,,,0,False,,no_prior,,No reliable period. Methods disagree at Tier 2 and Tier 3 could not resolve ambiguity. More observations needed.,sparse,4,1,3.0,1.2841666666790843,medium,"mbls,mhaov,clean",,0
2001 DP22,2026-03-21T04:50:57.280712+00:00,False,,0.0,54.82056007065707,18,n_obs=18 < min_obs=20,2,240.9813888888457,"Li,Lr,Ly,Lz",,,,,,,,,,,,False,,,,,,,,,t1_rejected,0,,,False,,,,0,False,,no_prior,,Tier 1 failed: n_obs=18 < min_obs=20,sparse,6,1,3.0,0.9049999999988358,low,mbls,,0
2001 DZ89,2026-03-21T04:50:58.581618+00:00,True,4.214857428714357,0.7307593445513888,46.981849298486644,27,,4,552.0794444445055,"Lg,Li,Lr,Ly,Lz",False,True,4.2508579027628235,7.272592783095818,4.2508579027628235,4.2508579027628235,29.55507580902265,1.4570526007950946e-08,0.2912874656506172,False,0.7108529500288218,True,False,True,7.272592783095818,4.219580687424769,7.257998951424056,7.28718661476758,0.029187663343524406,1.00608322840773,followup_needed,0,,,False,,,,0,False,,no_prior,,No reliable period. Methods disagree at Tier 2 and Tier 3 could not resolve ambiguity. More observations needed.,sparse,5,1,4.0,1.3950000000768341,low,mbls,,0
2001 ED7,2026-03-21T04:51:02.596626+00:00,True,0.09116011347344691,0.5808567780854057,13.064442826901265,21,,3,455.4900000000489,"Li,Lr,Ly,Lz",False,True,0.4458790820037286,1.472818512903351,0.4458790820037286,0.4458790820037286,13.693929162807612,4.9057265384733206e-05,0.2848048536264476,False,2.3031792078748645,True,False,True,1.472818512903351,0.3698261282171395,1.4698630242486956,1.4757740015580065,0.005910977309310894,1.5052565287375015,followup_needed,0,,,False,,,,0,False,,no_prior,,No reliable period. Methods disagree at Tier 2 and Tier 3 could not resolve ambiguity. More observations needed.,sparse,7,1,2.0,0.6883333334117197,low,mbls,,0
2001 EN8,2026-03-21T04:51:02.641860+00:00,False,,0.0,28.5315341024014,18,n_obs=18 < min_obs=20,1,263.85277777776355,"Lg,Li,Lr,Ly,Lz",,,,,,,,,,,,False,,,,,,,,,t1_rejected,0,,,False,,,,0,False,,no_prior,,Tier 1 failed: n_obs=18 < min_obs=20,sparse,7,1,3.0,0.7963888889062218,low,mbls,,0
2001 EY3,2026-03-21T04:51:03.623234+00:00,True,5.53151575787894,0.8370537649477455,42.29641079198137,20,,2,478.241388888855,"Li,Lr,Lu,Ly,Lz",False,True,3.776652497639283,3.3843254780107626,3.776652497639283,3.776652497639283,43.32587001937853,4.5395693648586644e-08,0.5667719046125503,False,0.10388221311694763,True,False,True,3.3843254780107626,4.496616351704296,3.3794091666448125,3.3892417893767126,0.00983262273190011,1.1036118517044342,followup_needed,0,,,False,,,,0,False,,no_prior,,No reliable period. Methods disagree at Tier 2 and Tier 3 could not resolve ambiguity. More observations needed.,sparse,6,1,3.0,1.180416666698875,low,mbls,,0
2001 FD,2026-03-21T04:51:05.038930+00:00,True,21.307903951975987,0.1985639948294061,34.328117917427946,49,,3,533.4716666666209,"Lg,Li,Lr,Ly,Lz",False,False,0.5067053154030448,6.186305054014693,0.5067053154030448,0.5067053154030448,4.738462686389517,0.0028815863059009628,0.2643265079641952,False,11.20888130822697,False,,,,,,,,,t2_rejected,0,,,False,,,,0,False,,no_prior,,No reliable period. Methods disagree at Tier 2 and Tier 3 could not resolve ambiguity. More observations needed.,sparse,3,1,3.0,1.1058333332184702,medium,"mbls,mhaov,clean",,0
2001 FG15,2026-03-21T04:51:06.054852+00:00,True,4.6733366683341675,0.760251683967156,137.51094212015093,26,,2,747.266111111152,"Lg,Li,Lr,Lz",False,True,6.388617960865476,16.253156959351124,6.388617960865476,6.388617960865476,42.34097985807278,9.167596681791679e-10,0.7150568990247849,False,1.544080278224641,True,False,True,16.253156959351124,6.743303774077406,16.22054192866347,16.28577199003878,0.06523006137530984,3.3864108612202504,followup_needed,0,,,False,,,,0,False,,no_prior,,No reliable period. Methods disagree at Tier 2 and Tier 3 could not resolve ambiguity. More observations needed.,sparse,7,1,4.0,0.7369444445357658,low,mbls,,0
2001 FG23,2026-03-21T04:51:07.264559+00:00,True,6.965732866433217,0.9148958142643026,18.228741415113713,22,,2,265.7294444444706,"Li,Lr,Ly,Lz",True,False,19.447691168024825,19.578588227091203,19.447691168024825,19.447691168024825,68.19939258710544,3.057168962428136e-10,0.13853843475486421,True,0.006730724893533223,False,,,,,,,,,confirmed,1,19.447691168024825,,False,13.7,19.447691168024825,0.1308970590663709,1,False,,no_prior,,"All 3 methods agree (spread=0.7%), p=3.06e-10, sparse regime. Moderate confidence.",sparse,6,1,2.5,0.7655555555247702,low,mbls,,0
2001 FJ206,2026-03-21T04:51:09.066128+00:00,True,0.9114557278639319,0.6843263650200319,7.769221057793075,20,,2,915.5125000000116,"Lg,Li,Lr,Lz",False,True,1.445391651869891,3.4233226675150767,1.445391651869891,1.445391651869891,39.70382355422533,8.223314984512342e-08,0.602503093031853,False,1.3684394904903348,True,False,True,3.4233226675150767,3.8148866649365334,3.4164531237006663,3.430192211329487,0.013739087628820812,1.2479020108462617,followup_needed,0,,,False,,,,0,False,,no_prior,,No reliable period. Methods disagree at Tier 2 and Tier 3 could not resolve ambiguity. More observations needed.,sparse,6,1,2.5,0.6644444445264526,low,mbls,,0
2001 FL142,2026-03-21T04:51:09.109390+00:00,False,,0.0,102.9607606840162,19,n_obs=19 < min_obs=20,2,651.0277777778101,"Lg,Li,Lr,Lz",,,,,,,,,,,,False,,,,,,,,,t1_rejected,0,,,False,,,,0,False,,no_prior,,Tier 1 failed: n_obs=19 < min_obs=20,sparse,6,1,2.5,0.6508333332894836,low,mbls,,0
2001 FM102,2026-03-21T04:51:10.645132+00:00,True,1.9459729864932467,0.6846791801000727,55.17883497043099,23,,3,915.459444444452,"Lg,Li,Lr,Lu,Lz",False,True,2.885170770158176,7.622261687163122,2.885170770158176,2.885170770158176,18.327589693621277,3.6978721374980594e-06,0.30348359233737043,False,1.6418754016226218,True,False,True,7.622261687163122,2.8832408900443576,7.60696617876079,7.637557195565454,0.030591016804663695,1.9195798210098654,followup_needed,0,,,False,,,,0,False,,no_prior,,No reliable period. Methods disagree at Tier 2 and Tier 3 could not resolve ambiguity. More observations needed.,sparse,7,1,4.0,0.7372222222038545,low,mbls,,0
2001 FN211,2026-03-21T04:51:18.229410+00:00,True,0.05779555653549235,0.3219066955872373,6.3151448039813145,29,,3,263.7827777778148,"Lg,Li,Lr",False,True,0.08199292883837533,0.08199292883837533,0.08199292883837533,0.08199292883837533,5.952595896751829,0.0017860241703057111,0.29302271890473297,False,0.0,True,False,True,0.08199292883837533,0.06614279075523789,0.08182839453301405,0.08215746314373662,0.0003290686107225854,4.4939741277657195,followup_needed,0,,,False,,,,0,False,,no_prior,,No reliable period. Methods disagree at Tier 2 and Tier 3 could not resolve ambiguity. More observations needed.,sparse,4,1,8.5,0.5080555556633044,low,mbls,,0
2001 FS11,2026-03-21T04:51:19.191394+00:00,True,5.496248124062031,0.7827476531836377,39.7204218055661,25,,2,306.77194444451015,"Lg,Li,Lr",True,False,13.353883656566527,12.866847249066346,13.353883656566527,13.353883656566527,23.921939267757228,2.2108653729979721e-07,0.17874189812504743,True,0.03647151795130799,False,,,,,,,,,confirmed,1,13.353883656566527,,False,23.0,13.353883656566527,0.4870364075001445,1,False,,no_prior,,"All 3 methods agree (spread=3.6%), p=2.21e-07, sparse regime. Moderate confidence.",sparse,5,1,6.0,0.46250000002328306,low,mbls,,0
2001 FV15,2026-03-21T04:51:19.239317+00:00,False,,0.0,42.28253253386321,18,n_obs=18 < min_obs=20,1,552.0919444444589,"Lg,Li,Lr,Ly,Lz",,,,,,,,,,,,False,,,,,,,,,t1_rejected,0,,,False,,,,0,False,,no_prior,,Tier 1 failed: n_obs=18 < min_obs=20,sparse,4,1,5.0,2.0870833333174232,low,mbls,,0
2001 FV216,2026-03-21T04:51:21.589639+00:00,True,1.5697848924462232,0.7301209090766941,12.3135889555404,29,,3,552.0919444444589,"Lg,Li,Lr,Ly,Lz",False,True,3.14011875296318,8.160302397729682,3.14011875296318,3.14011875296318,24.23063803151776,3.9673695662045816e-08,0.41619930669726546,False,1.598724137431935,True,False,True,8.160302397729682,8.04567607642378,8.143927208971697,8.176677586487667,0.03275037751597054,1.0420919959619985,followup_needed,0,,,False,,,,0,False,,no_prior,,No reliable period. Methods disagree at Tier 2 and Tier 3 could not resolve ambiguity. More observations needed.,sparse,6,1,3.0,1.1945833332720213,low,mbls,,0
2001 FW63,2026-03-21T04:51:22.809639+00:00,True,1.0760380190095047,0.8284660904486314,13.908068338900046,20,,2,478.6802777778357,"Li,Lr,Ly,Lz",True,False,3.089982170732822,3.2440809415834306,3.089982170732822,3.089982170732822,46.70833650264637,2.7114446909948242e-08,0.22183369000545572,True,0.0498704401307314,False,,,,,,,,,confirmed,1,3.089982170732822,,False,154.9,3.089982170732822,0.15409877085055865,1,False,,no_prior,,"All 3 methods agree (spread=5.0%), p=2.71e-08, sparse regime. Moderate confidence.",sparse,6,1,2.5,0.831805555644678,low,mbls,,0
2001 GC4,2026-03-21T04:51:27.360124+00:00,True,0.3823371172016769,0.4346961897736394,60.26388316069474,43,,3,381.78138888889225,"Lg,Li,Lr,Ly,Lz",False,True,0.7332246083889667,3.0775904862581274,0.7332246083889667,0.7332246083889667,9.532612752762823,1.9415150514290325e-05,0.16873887284994527,False,3.197336601968364,True,False,True,3.0775904862581274,2.462072389006502,3.071414719396071,3.0837662531201837,0.012351533724112684,6.7854292707470885,followup_needed,0,,,False,,,,0,False,,no_prior,,No reliable period. Methods disagree at Tier 2 and Tier 3 could not resolve ambiguity. More observations needed.,sparse,4,1,3.5,1.2695833333418705,medium,"mbls,mhaov,clean",,0
2001 HK45,2026-03-21T04:51:28.336556+00:00,True,12.36168084042021,0.4424150832069341,48.14598370094398,22,,2,458.6677777778241,"Lg,Li,Lr,Ly,Lz",False,True,13.060106703902134,15.8572637852771,13.060106703902134,13.060106703902134,22.06631335430105,1.5112561053687301e-06,0.2575810128000503,False,0.21417566829978574,True,False,True,15.8572637852771,10.448085363121708,15.831056213296026,15.883471357258173,0.052415143962145194,12.41363923074619,followup_needed,0,,,False,,,,0,False,,no_prior,,No reliable period. Methods disagree at Tier 2 and Tier 3 could not resolve ambiguity. More observations needed.,sparse,4,1,5.0,1.149722222238779,low,mbls,,0
2001 HS41,2026-03-21T04:51:29.478608+00:00,True,5.319909954977489,0.7639900080908564,10.705396819708904,26,,3,550.4666666667326,"Lg,Li,Lr,Ly,Lz",False,True,8.847978812845522,6.579816376330438,8.847978812845522,8.847978812845522,22.882137888055794,2.1116160586753807e-07,0.22802495225979963,False,0.25634808632474376,True,False,True,6.579816376330438,5.307865250738802,6.566612731428102,6.593020021232774,0.026407289804671663,1.1161793256819528,followup_needed,0,,,False,,,,0,False,,no_prior,,No reliable period. Methods disagree at Tier 2 and Tier 3 could not resolve ambiguity. More observations needed.,sparse,4,1,5.0,1.7394444444507826,low,mbls,,0
2001 HT10,2026-03-21T04:51:29.540564+00:00,False,,0.0,417.6119037679684,18,n_obs=18 < min_obs=20,1,531.1702777777682,"Lg,Li,Lr,Ly,Lz",,,,,,,,,,,,False,,,,,,,,,t1_rejected,0,,,False,,,,0,False,,no_prior,,Tier 1 failed: n_obs=18 < min_obs=20,sparse,4,1,4.5,2.1524999999965075,low,mbls,,0
2001 KK37,2026-03-21T04:51:31.095121+00:00,True,2.0987993996998497,0.5226781841861038,54.426849825871464,25,,3,528.8844444444403,"Lg,Li,Lr,Ly,Lz",False,True,12.570109095052588,5.1585940175988725,12.570109095052588,12.570109095052588,15.521653120804423,6.312921831952423e-06,0.12518175459950437,False,0.5896142206411072,True,False,True,5.1585940175988725,4.2648977964897705,5.13336971841148,5.183818316786265,0.05044859837478555,7.081531546336011,followup_needed,0,,,False,,,,0,False,,no_prior,,No reliable period. Methods disagree at Tier 2 and Tier 3 could not resolve ambiguity. More observations needed.,sparse,6,1,4.0,1.5027777778159361,medium,"mbls,mhaov,clean",,0
2001 LH7,2026-03-21T04:51:32.315309+00:00,True,5.249374687343672,0.501853797726559,131.711827106295,23,,3,529.6163888890296,"Lg,Li,Lr,Ly,Lz",True,False,12.506225770437737,26.8431007767972,12.506225770437737,26.8431007767972,14.078486262660107,2.244035558618407e-05,0.658559135531475,True,0.07318951654658867,False,,,,,,,,,confirmed,1,26.8431007767972,,True,19.7,26.8431007767972,1.964633568465146,1,False,,no_prior,,"All 3 methods agree (spread=7.3%), p=2.24e-05, sparse regime. Moderate confidence.",sparse,4,1,3.5,2.065138888981892,low,mbls,,0
2001 ML9,2026-03-21T04:51:33.818913+00:00,True,19.73261630815408,0.8972530209429627,75.43036493801584,20,,2,479.7608333333046,"Lg,Li,Lr,Ly,Lz",False,True,21.57520655542843,11.68806429306684,21.57520655542843,21.57520655542843,78.89584616250642,6.88256895919892e-10,0.22629109481404755,False,0.4582640836814365,True,False,True,11.68806429306684,11.19552379108476,11.65425241302174,11.72187617311194,0.06762376009019988,2.384071023890011,followup_needed,0,,,False,,,,0,False,,no_prior,,No reliable period. Methods disagree at Tier 2 and Tier 3 could not resolve ambiguity. More observations needed.,sparse,6,1,3.0,0.7709722221479751,low,mbls,,0
2001 MV10,2026-03-21T04:51:33.866407+00:00,False,,0.0,12.494250096685612,16,n_obs=16 < min_obs=20,0,120.1511111111613,"Lg,Li,Lr,Ly,Lz",,,,,,,,,,,,False,,,,,,,,,t1_rejected,0,,,False,,,,0,False,,no_prior,,Tier 1 failed: n_obs=16 < min_obs=20,sparse,4,1,3.0,0.6198611110739876,low,mbls,,0
2001 NL10,2026-03-21T04:51:34.736151+00:00,True,2.5925462731365685,0.7386659778082508,48.30352213387934,20,,2,407.5405555557227,"Lg,Li,Lr,Ly,Lz",True,False,14.726268352582428,14.92097344937891,14.726268352582428,14.726268352582428,46.563949621484404,2.7697920623737105e-08,0.3067273655501338,True,0.013221618140777928,False,,,,,,,,,confirmed,1,14.726268352582428,,False,27.7,14.726268352582428,0.19470509679646772,1,False,,no_prior,,"All 3 methods agree (spread=1.3%), p=2.77e-08, sparse regime. Moderate confidence.",sparse,6,1,2.5,0.9865277777134907,low,mbls,,0
2001 OA81,2026-03-21T04:51:35.739903+00:00,True,2.204602301150575,0.7833468041956749,171.41041430445236,23,,2,552.0372222221922,"Lg,Li,Lr,Ly,Lz",False,True,5.07678097134596,32.83223047001994,5.07678097134596,5.07678097134596,31.195085931522456,7.13073973201972e-08,0.5142312429133571,False,5.4671355048256025,True,False,True,32.83223047001994,4.08859149799367,32.82086365876903,32.843597281270846,0.02273362250182487,3.2539894195933394,followup_needed,0,,,False,,,,0,False,,no_prior,,No reliable period. Methods disagree at Tier 2 and Tier 3 could not resolve ambiguity. More observations needed.,sparse,6,1,3.5,0.8638888888817746,low,mbls,,0
2001 OD67,2026-03-21T04:51:39.565917+00:00,True,0.19896550443734262,0.7605559538090425,32.41850621398916,29,,4,526.5699999999488,"Lg,Li,Lr,Ly,Lz",False,True,4.038976800552486,11.320356332426423,4.038976800552486,4.038976800552486,16.312545360194093,1.3972002452788956e-06,0.3792965227036732,False,1.80277825088674,True,False,True,11.320356332426423,3.2311814404419894,11.29763989831453,11.343072766538315,0.04543286822378434,1.4934477236346746,followup_needed,0,,,False,,,,0,False,,no_prior,,No reliable period. Methods disagree at Tier 2 and Tier 3 could not resolve ambiguity. More observations needed.,sparse,6,1,2.5,1.270416666608071,low,mbls,,0
2001 OG75,2026-03-21T04:51:40.632429+00:00,True,4.3911955977989,0.7495865502755176,56.82561296444759,26,,2,287.3105555555667,"Lg,Li,Lr",False,True,6.9427987314101705,3.707229158320098,6.9427987314101705,6.9427987314101705,110.06974789479769,8.992806499463768e-14,0.28412806482223796,False,0.4660324601448473,True,False,True,3.707229158320098,3.4716527235104593,3.693297120731987,3.7211611959082087,0.027864075176221803,1.3794372201313478,followup_needed,0,,,False,,,,0,False,,no_prior,,No reliable period. Methods disagree at Tier 2 and Tier 3 could not resolve ambiguity. More observations needed.,sparse,6,1,3.5,0.3531944444985129,low,mbls,,0
2001 OK85,2026-03-21T04:51:41.669854+00:00,True,5.272886443221611,0.2957212823589184,61.41060789252779,28,,3,528.851388888841,"Lg,Li,Lr,Ly,Lz",False,True,13.272377936217193,44.58997533945366,13.272377936217193,13.272377936217193,68.22516365101185,2.0248247523113605e-12,0.583400774979014,False,2.359607114394758,True,False,True,44.58997533945366,10.617902348973756,44.53142025447927,44.648530424428046,0.11711016994877355,2.225609455708712,followup_needed,0,,,False,,,,0,False,,no_prior,,No reliable period. Methods disagree at Tier 2 and Tier 3 could not resolve ambiguity. More observations needed.,sparse,5,1,4.0,1.5141666666604578,medium,"mbls,mhaov,clean",,0
2001 OL107,2026-03-21T04:51:42.827962+00:00,True,4.038519259629815,0.5935753437837324,30.021618580281064,20,,2,551.1425000000163,"Lg,Li,Lr,Ly,Lz",False,True,1.6220465081920157,2.3874238538972317,1.6220465081920157,1.6220465081920157,21.2399610015838,4.894722561932241e-06,0.36025942296337277,False,0.4718590631275165,True,False,True,2.3874238538972317,1.9099390831177854,2.384168911071428,2.3906787967230354,0.006509885651607261,1.0819818669871923,followup_needed,0,,,False,,,,0,False,,no_prior,,No reliable period. Methods disagree at Tier 2 and Tier 3 could not resolve ambiguity. More observations needed.,sparse,6,1,2.5,0.7626388888747897,low,mbls,,0
2001 OR24,2026-03-21T04:51:42.874357+00:00,False,,0.0,57.12476460428394,17,n_obs=17 < min_obs=20,2,240.9813888888457,"Li,Lr,Ly,Lz",,,,,,,,,,,,False,,,,,,,,,t1_rejected,0,,,False,,,,0,False,,no_prior,,Tier 1 failed: n_obs=17 < min_obs=20,sparse,6,1,3.5,0.9108333333861083,low,mbls,,0
2001 PA58,2026-03-21T04:51:43.877136+00:00,True,3.6975987993997,0.8104187311447703,21.402099022517675,20,,2,479.7391666666372,"Lg,Li,Lr,Ly,Lz",False,True,5.394096681551847,7.328560912667071,5.394096681551847,5.394096681551847,40.8809723985832,6.744152214466226e-08,0.2172313050785544,False,0.35862616955510934,True,False,True,7.328560912667071,4.409087722311945,7.317736638389709,7.339385186944433,0.021648548554723313,1.0139916497112997,followup_needed,0,,,False,,,,0,False,,no_prior,,No reliable period. Methods disagree at Tier 2 and Tier 3 could not resolve ambiguity. More observations needed.,sparse,6,1,3.5,0.8843055556062609,low,mbls,,0
2001 PC4,2026-03-21T04:51:48.540853+00:00,True,2.907816113021495,0.9632093591673746,136.08565233306985,26,,2,216.778611110989,"Lg,Li,Lr,Lu",False,True,6.691196892185432,4.950612977699524,6.691196892185432,6.691196892185432,295.91738497807484,1.1102230246251565e-16,0.34021413083267465,False,0.2601304284616785,True,False,True,4.950612977699524,6.042217929398216,4.940678637276045,4.960547318123002,0.019868680846955478,2.366218615440113,followup_needed,0,,,False,,,,0,False,,no_prior,,No reliable period. Methods disagree at Tier 2 and Tier 3 could not resolve ambiguity. More observations needed.,sparse,5,1,3.0,0.1261111112544313,low,mbls,,0
2001 PM14,2026-03-21T04:51:49.425734+00:00,True,2.134067033516758,0.7115443921148472,23.48148382341402,20,,2,242.24277777783573,"Li,Lr,Ly,Lz",True,False,4.273507747670682,8.559106511125814,4.273507747670682,8.559106511125814,36.71854100883915,1.3938841680882774e-07,0.16906668352858095,True,0.0014146476967355527,False,,,,,,,,,confirmed,1,8.559106511125814,,False,28.3,8.559106511125814,0.012108120312078405,1,False,,no_prior,,"All 3 methods agree (spread=0.1%), p=1.39e-07, sparse regime. Moderate confidence.",sparse,5,1,3.0,0.9633333334350027,low,mbls,,0
2001 QD245,2026-03-21T04:51:50.381133+00:00,True,4.920210105052527,0.8402752400499283,31.92586919653327,23,,3,51.194444444496185,"Lg,Li,Lr,Ly,Lz",False,True,4.900976913932125,10.81981979652714,4.900976913932125,4.900976913932125,65.43984492865472,1.7802637142239064e-10,0.19474780209885295,False,1.2076863422409052,True,False,True,10.81981979652714,4.451857290381154,10.798107783557523,10.841531809496757,0.04342402593923467,1.3557789234923476,followup_needed,0,,,False,,,,0,False,,no_prior,,No reliable period. Methods disagree at Tier 2 and Tier 3 could not resolve ambiguity. More observations needed.,sparse,3,1,4.0,1.9486111112055369,low,mbls,,0
2001 QD298,2026-03-21T04:51:51.785448+00:00,True,4.238369184592296,0.4519825053297512,5.432523782378006,24,,3,1798.3797222222202,"Lg,Li,Lr,Lz",False,True,2.7688663293391915,2.7688663293391915,2.7688663293391915,2.7688663293391915,7.1597928826341635,0.001082164029254984,0.4033648908415669,False,0.0,True,False,True,2.7688663293391915,2.9225893429413006,2.763310075835501,2.774422582842882,0.0111125070073812,2.0642421164242406,followup_needed,0,,,False,,,,0,False,,no_prior,,No reliable period. Methods disagree at Tier 2 and Tier 3 could not resolve ambiguity. More observations needed.,sparse,14,1,1.5,0.005555555544560775,low,mbls,,0
2001 QD81,2026-03-21T04:51:52.596615+00:00,True,21.072786393196598,0.5559529263394415,113.86484267714313,29,,3,533.416388889018,"Lg,Li,Lr,Ly,Lz",True,False,9.739300064336938,10.0550880850562,9.739300064336938,9.739300064336938,14.824344568574986,3.123355752365775e-06,0.21634320108657196,True,0.03242409810080423,False,,,,,,,,,confirmed,2,9.739300064336938,,False,54.8,9.739300064336938,0.31578802071922984,2,False,,no_prior,,"All 3 methods agree (spread=3.2%), p=3.12e-06, sparse regime. Moderate confidence.",sparse,5,1,3.0,0.6716666666907258,medium,"mbls,mhaov,clean",,0
2001 QJ10,2026-03-21T04:51:53.818892+00:00,True,1.5580290145072537,0.7411611389046081,11.729283674037088,20,,2,242.0988888888387,"Li,Lr,Ly,Lz",False,True,0.9534090924899714,3.6261493150468573,0.9534090924899714,0.9534090924899714,16.533976222596323,2.257697928431668e-05,0.16655582817132666,False,2.803350884323768,True,False,True,3.6261493150468573,0.9221602326023401,3.6188727612374,3.633425868856315,0.014553107618914929,1.28230413577658,followup_needed,0,,,False,,,,0,False,,no_prior,,No reliable period. Methods disagree at Tier 2 and Tier 3 could not resolve ambiguity. More observations needed.,sparse,6,1,3.0,0.8890277777973097,low,mbls,,0
2001 QJ298,2026-03-21T04:51:55.066531+00:00,True,7.553526763381691,0.5411619336038084,4.5754104739251344,21,,2,1775.2244444444077,"Lg,Li,Lr,Lz",True,False,20.53234977909007,22.59938557852498,20.53234977909007,22.59938557852498,11.300841013316546,0.0001507121597739136,0.3788439872410011,two_of_three,0.09146424765631757,False,,,,,,,,,tentative_2of3,1,22.59938557852498,,False,78.6,22.59938557852498,2.0670357994348203,1,False,,no_prior,,"MHAOV+MBLS agree (Greenstreet-equivalent, spread=9.1%), CE disagrees. p=1.51e-04. Publish as tentative (R=1).",sparse,11,1,1.0,0.0,low,mbls,,0
2001 QL111,2026-03-21T04:52:04.231390+00:00,True,0.061967898482398406,0.24487008508981808,12.345247104690067,21,,2,365.56666666665114,"Lg,Li,Lr,Ly,Lz",False,False,0.059332146730421156,0.5709626194257088,0.059332146730421156,0.059332146730421156,3.7492619951099653,0.024545810020905723,0.06296076023391935,False,8.623157948612333,False,,,,,,,,,t2_rejected,0,,,False,,,,0,False,,no_prior,,No reliable period. Methods disagree at Tier 2 and Tier 3 could not resolve ambiguity. More observations needed.,sparse,3,1,5.0,0.5422222221968696,low,mbls,,0
2001 QL149,2026-03-21T04:52:05.244540+00:00,True,4.3794397198599295,0.8135482252953278,18.38127130151307,21,,2,313.8569444445893,"Lg,Li,Lr,Ly,Lz",False,True,5.6479891035860605,6.545926779589172,5.6479891035860605,5.6479891035860605,33.50046548419772,1.3651085084553927e-07,0.4779130538393398,False,0.15898360629499572,True,False,True,6.545926779589172,5.315555257806859,6.536295684855734,6.555557874322609,0.019262189466875412,1.3160093327804288,followup_needed,0,,,False,,,,0,False,,no_prior,,No reliable period. Methods disagree at Tier 2 and Tier 3 could not resolve ambiguity. More observations needed.,sparse,7,1,3.0,0.49555555562255904,low,mbls,,0
2001 QN148,2026-03-21T04:52:06.241635+00:00,True,1.4874937468734366,0.4748000208337272,19.239653246731834,23,,2,51.21638888900634,"Lg,Li,Lr,Ly,Lz",False,True,0.8243031569135686,2.987057007997163,0.8243031569135686,0.8243031569135686,8.018180206158348,0.0006780952835089282,0.27320307610359207,False,2.6237359798292554,True,False,True,2.987057007997163,2.457578675475927,2.9810629136667344,2.9930511023275916,0.011988188660857269,1.092754552883535,followup_needed,0,,,False,,,,0,False,,no_prior,,No reliable period. Methods disagree at Tier 2 and Tier 3 could not resolve ambiguity. More observations needed.,sparse,3,1,4.0,1.9486111112055369,low,mbls,,0
2001 QN287,2026-03-21T04:52:07.061800+00:00,True,8.094297148574288,0.5700853169452353,35.88046369059934,29,,4,51.25250000000233,"Lg,Li,Lr,Ly,Lz",True,False,9.709779677267775,10.788070427344383,9.709779677267775,10.788070427344383,10.25166534244125,5.4954771330217866e-05,0.28345566315573484,two_of_three,0.09995214226108297,False,,,,,,,,,tentative_2of3,1,10.788070427344383,,False,4.8,10.788070427344383,1.078290750076508,1,False,,no_prior,,"MHAOV+MBLS agree (Greenstreet-equivalent, spread=10.0%), CE disagrees. p=5.50e-05. Publish as tentative (R=1).",sparse,3,1,4.0,1.9580555555876344,low,mbls,,0
2001 QO156,2026-03-21T04:52:08.037206+00:00,True,0.840920460230115,0.6898483411515269,18.176644061138166,23,,2,552.1019444445265,"Lg,Li,Lr,Ly,Lz",False,True,5.109093017665885,12.13554931016692,5.109093017665885,5.109093017665885,16.2438258274491,8.562092771446927e-06,0.4344217930612022,False,1.375284471863018,True,False,True,12.13554931016692,9.75714399385996,12.111197037303713,12.159901583030129,0.048704545726415915,4.560206646103414,followup_needed,0,,,False,,,,0,False,,no_prior,,No reliable period. Methods disagree at Tier 2 and Tier 3 could not resolve ambiguity. More observations needed.,sparse,5,1,5.0,2.014722222229466,low,mbls,,0
2001 QP151,2026-03-21T04:52:09.753110+00:00,True,2.827663831915958,0.281836916714797,24.581705368756438,61,,5,193.35444444447057,"Lg,Li,Lr,Lu,Lz",False,True,3.1577509328188604,3.680219235993455,3.1577509328188604,3.1577509328188604,7.769476939109585,4.709369640587546e-05,0.5481720297232686,False,0.16545583052303378,True,False,True,3.680219235993455,2.826134279673335,3.6746489187366134,3.685789553250297,0.011140634513683967,11.773471784683782,followup_needed,0,,,False,,,,0,False,,no_prior,,No reliable period. Methods disagree at Tier 2 and Tier 3 could not resolve ambiguity. More observations needed.,sparse,3,1,14.0,1.3730555555666797,medium,"mbls,mhaov,clean",,0
2001 QQ73,2026-03-21T04:52:11.658214+00:00,True,1.3346673336668333,0.25660099520739427,12.09240199126067,27,,3,670.2869444444077,"Li,Lr,Ly,Lz",False,True,1.1662986783753688,11.403664767546438,1.1662986783753688,1.1662986783753688,8.305276514881104,0.0003057120429399429,0.08948377473532897,False,8.777653854004825,True,False,True,11.403664767546438,1.1577172165277907,11.38078115931725,11.426548375775626,0.045767216458376225,1.136553557899054,followup_needed,0,,,False,,,,0,False,,no_prior,,No reliable period. Methods disagree at Tier 2 and Tier 3 could not resolve ambiguity. More observations needed.,sparse,4,1,3.0,0.8483333333570044,low,mbls,,0
2001 QR297,2026-03-21T04:52:13.141899+00:00,True,2.0400200100050023,0.6697866007605625,3.258905805735956,23,,2,1800.4575000000768,"Lg,Li,Lr,Lz",False,True,2.2251240634694147,3.258963398438812,2.2251240634694147,2.2251240634694147,15.111170034237992,1.3993289548763777e-05,0.4366933779686181,False,0.46462098538315655,True,False,True,3.258963398438812,2.5570322013648523,3.2544982665388735,3.263428530338751,0.008930263799877824,2.617126739993545,followup_needed,0,,,False,,,,0,False,,no_prior,,No reliable period. Methods disagree at Tier 2 and Tier 3 could not resolve ambiguity. More observations needed.,sparse,11,1,2.0,0.2647222221130505,low,mbls,,0
2001 QS18,2026-03-21T04:52:14.344739+00:00,True,3.8269134567283642,0.8087859828706407,61.865360575096155,22,,3,741.3872222221107,"Li,Lr,Lz",True,False,5.395828242912555,5.040209065652967,5.395828242912555,5.395828242912555,52.13202443176534,2.5351797328099224e-09,0.32479314301925477,True,0.0659063189653284,False,,,,,,,,,confirmed,1,5.395828242912555,,False,137.4,5.395828242912555,0.35561917725952236,1,False,,no_prior,,"All 3 methods agree (spread=6.6%), p=2.54e-09, sparse regime. Moderate confidence.",sparse,6,1,3.0,0.6530555555073079,low,mbls,,0
2001 QT241,2026-03-21T04:52:15.630717+00:00,True,2.0635317658829413,0.6954373092388471,34.872405797014736,21,,2,334.6455555555294,"Lg,Li,Lr,Ly,Lz",False,True,1.584912844437139,1.8970264709876832,1.584912844437139,1.584912844437139,26.716016701809803,6.582267439991796e-07,0.5161116057958182,False,0.19692794316471723,True,False,True,1.8970264709876832,1.2997345466755401,1.893904956012059,1.9001479859633073,0.006243029951248147,1.391546657956592,followup_needed,0,,,False,,,,0,False,,no_prior,,No reliable period. Methods disagree at Tier 2 and Tier 3 could not resolve ambiguity. More observations needed.,sparse,6,1,3.0,0.6065277776797302,low,mbls,,0
2001 QW23,2026-03-21T04:52:16.593609+00:00,True,2.369184592296148,0.8007992001574797,80.73677019623625,20,,1,242.33250000007683,"Li,Lr,Ly,Lz",False,True,2.7818523069158694,4.971846129181612,2.7818523069158694,2.7818523069158694,31.996751237044524,3.492976161645345e-07,1.0899463976491894,False,0.7872430239450475,True,False,True,4.971846129181612,2.7799915361420124,4.961869180427403,4.981823077935822,0.019953897508418805,2.8005620260440587,followup_needed,0,,,False,,,,0,False,,no_prior,,No reliable period. Methods disagree at Tier 2 and Tier 3 could not resolve ambiguity. More observations needed.,sparse,5,1,2.0,0.691388888983056,low,mbls,,0
2001 QW250,2026-03-21T04:52:18.102936+00:00,True,1.4874937468734366,0.6820251205030992,14.56073027666541,22,,2,288.9288888889714,"Lg,Li,Lr,Ly,Lz",False,True,1.2678023128328761,2.9968119138954403,1.2678023128328761,1.2678023128328761,17.45117294455368,7.503375385575772e-06,0.10556529450582423,False,1.3637848610622634,True,False,True,2.9968119138954403,1.4077269828110865,2.9907982445030084,3.0028255832878723,0.01202733878486395,2.7842470350814406,followup_needed,0,,,False,,,,0,False,,no_prior,,No reliable period. Methods disagree at Tier 2 and Tier 3 could not resolve ambiguity. More observations needed.,sparse,4,1,3.0,1.1315277778194286,low,mbls,,0
2001 QX143,2026-03-21T04:52:28.801241+00:00,True,0.05052069305199466,0.13800979321348697,21.806909371885133,59,,3,533.4716666666209,"Lg,Li,Lr,Ly,Lz",False,True,0.050041334510716476,0.10104095485380224,0.050041334510716476,0.10104095485380224,3.2297296079280757,0.018970248353022634,0.15700974747757296,False,0.009574942812071623,True,False,True,0.10104095485380224,0.040033067608573183,0.10083819708486486,0.10124371262273962,0.0004055155378747538,3.2998343209947585,followup_needed,0,,,False,,,,0,False,,no_prior,,No reliable period. Methods disagree at Tier 2 and Tier 3 could not resolve ambiguity. More observations needed.,sparse,4,1,3.5,0.9236111110949423,medium,"mbls,mhaov,clean",,0
2001 QX297,2026-03-21T04:52:30.263377+00:00,True,1.734367183591796,0.47380557251078304,4.901211802018213,24,,2,1535.1847222223296,"Lg,Li,Lr,Lz",False,True,3.4681461714730353,1.1288877499132115,3.4681461714730353,3.4681461714730353,7.5795605566514945,0.0007936871495468623,0.5513863277270489,False,0.6744982206345672,True,False,True,1.1288877499132115,0.9559678203278434,1.1219282592681161,1.1358472405583069,0.013918981290190757,1.0328710176925031,followup_needed,0,,,False,,,,0,False,,no_prior,,No reliable period. Methods disagree at Tier 2 and Tier 3 could not resolve ambiguity. More observations needed.,sparse,11,1,1.0,0.0,low,mbls,,0
2001 QY209,2026-03-21T04:52:30.319114+00:00,False,,0.0,23.145323251629478,19,n_obs=19 < min_obs=20,0,383.97861111117527,"Lg,Li,Lr,Lu,Ly,Lz",,,,,,,,,,,,False,,,,,,,,,t1_rejected,0,,,False,,,,0,False,,no_prior,,Tier 1 failed: n_obs=19 < min_obs=20,sparse,8,1,2.5,0.766111111122882,low,mbls,,0
2001 QY297,2026-03-21T04:52:31.828889+00:00,True,7.624062031015508,0.6431677372051834,13.087421879693501,27,,3,1775.1652777777053,"Lg,Li,Lr,Lz",False,True,11.181124887046598,5.3724426283650635,11.181124887046598,11.181124887046598,22.559211436883686,1.6155644466664398e-07,0.8467561956161694,False,0.5195078596618136,True,False,True,5.3724426283650635,5.785707445931607,5.3500055884579485,5.3948796682721785,0.04487407981422997,1.1795525344248121,followup_needed,0,,,False,,,,0,False,,no_prior,,No reliable period. Methods disagree at Tier 2 and Tier 3 could not resolve ambiguity. More observations needed.,sparse,14,1,2.0,0.3018055555585306,low,mbls,,0
2001 QZ297,2026-03-21T04:52:33.061928+00:00,True,6.730615307653827,0.5167967768792388,4.0526777020359805,22,,2,2994.4769444445265,"Lg,Li,Lr,Lz",False,True,6.732201749814715,13.987721288824986,6.732201749814715,13.987721288824986,6.209017001162257,0.0028648686601790985,0.4992898928908328,False,0.0388667637010373,True,False,True,13.987721288824986,5.385761399851773,13.959652282894238,14.015790294755734,0.056138011861495585,1.7562189294412167,followup_needed,0,,,False,,,,0,False,,no_prior,,No reliable period. Methods disagree at Tier 2 and Tier 3 could not resolve ambiguity. More observations needed.,sparse,10,2,1.0,0.0,low,mbls,,0
2001 RB126,2026-03-21T04:52:38.259684+00:00,True,0.80301281756224,0.7816006833767046,8.779000613400372,20,,1,266.22888888884336,"Lg,Li,Lr,Ly,Lz",False,True,0.8828067750629658,1.2600727143545365,0.8828067750629658,0.8828067750629658,16.75438950487333,2.0862759005257914e-05,0.24361726702186032,False,0.4273482600586465,True,False,True,1.2600727143545365,0.9164656286941291,1.2583011957423698,1.2618442329667032,0.0035430372243332453,2.7567248263655406,followup_needed,0,,,False,,,,0,False,,no_prior,,No reliable period. Methods disagree at Tier 2 and Tier 3 could not resolve ambiguity. More observations needed.,sparse,6,1,2.0,0.651250000053551,low,mbls,,0
2001 RE45,2026-03-21T04:52:39.076082+00:00,True,1.3816908454227113,0.5730187908576673,33.237832837734146,20,,3,49.84416666679317,"Lg,Li,Lr,Ly,Lz",False,False,1.4318483016099581,1.937400177247677,1.4318483016099581,1.4318483016099581,7.646129489416791,0.0014455050635382438,0.22103158837093206,False,0.3530764223199675,False,,,,,,,,,t2_rejected,0,,,False,,,,0,False,,no_prior,,No reliable period. Methods disagree at Tier 2 and Tier 3 could not resolve ambiguity. More observations needed.,sparse,3,1,4.0,1.9486111112055369,low,mbls,,0
2001 RH83,2026-03-21T04:52:40.014677+00:00,True,2.898199099549775,0.49233595312163275,33.81055641170537,113,,3,648.6027777777635,"Lg,Li,Lr,Lz",True,False,20.481654027247032,21.460915331790602,20.481654027247032,20.481654027247032,34.907315339558465,1.1102230246251565e-16,0.7201648515693243,True,0.047811631972730195,False,,,,,,,,,confirmed,2,20.481654027247032,,False,31.7,20.481654027247032,0.9792613045435223,2,False,,no_prior,,"All 3 methods agree (spread=4.8%), p=1.11e-16, sparse regime. Moderate confidence.",sparse,7,1,16.0,0.49722222215496004,medium,"mbls,mhaov,clean",,0
2001 RT19,2026-03-21T04:52:40.979520+00:00,True,1.0407703851925962,0.5528058193452329,11.607083195062895,22,,3,266.0636111110216,"Lg,Li,Lr,Ly,Lz",False,True,7.726228986450544,45.10526345199943,7.726228986450544,7.726228986450544,9.575257979046565,0.0003045195889987973,0.19267758103804405,False,4.8379402851113396,True,False,True,45.10526345199943,7.059551033773541,45.044640321088394,45.16588658291046,0.12124626182205844,6.037035865671542,followup_needed,0,,,False,,,,0,False,,no_prior,,No reliable period. Methods disagree at Tier 2 and Tier 3 could not resolve ambiguity. More observations needed.,sparse,7,1,2.0,0.9519444445031695,low,mbls,,0
2001 RX133,2026-03-21T04:52:41.945898+00:00,True,4.579289644822412,0.5696032596327911,7.159667183025325,20,,2,288.9288888889714,"Lg,Li,Lr,Ly,Lz",False,True,2.6752588740185366,5.067240418308521,2.6752588740185366,5.067240418308521,6.912410470923503,0.0023140982075967598,0.11455467492840521,False,0.052943909929543564,True,False,True,5.067240418308521,5.65361673427332,5.057072042887167,5.077408793729875,0.020336750842707474,1.1160368772357254,followup_needed,0,,,False,,,,0,False,,no_prior,,No reliable period. Methods disagree at Tier 2 and Tier 3 could not resolve ambiguity. More observations needed.,sparse,4,1,3.0,1.1315277778194286,low,mbls,,0
2001 SC232,2026-03-21T04:52:43.219850+00:00,True,4.226613306653327,0.642597228908045,6.950721021233557,20,,2,265.65805555548286,"Lg,Li,Lr,Lz",True,False,0.5038795963802629,0.5456557820102701,0.5038795963802629,0.5038795963802629,12.90753694656211,9.471116281734027e-05,0.24814074045803794,True,0.08290906385182747,False,,,,,,,,,confirmed,1,0.5038795963802629,,False,527.2,0.5038795963802629,0.04177618562992427,1,False,,no_prior,,"All 3 methods agree (spread=8.3%), p=9.47e-05, sparse regime. Moderate confidence.",sparse,5,1,4.0,0.689722222276032,low,mbls,,0
2001 SG186,2026-03-21T04:52:43.274815+00:00,False,,0.0,114.85711731077348,19,n_obs=19 < min_obs=20,2,504.71805555559695,"Lg,Li,Lr,Lz",,,,,,,,,,,,False,,,,,,,,,t1_rejected,0,,,False,,,,0,False,,no_prior,,Tier 1 failed: n_obs=19 < min_obs=20,sparse,6,1,3.0,0.6686111111193895,low,mbls,,0
2001 SG260,2026-03-21T04:52:44.479213+00:00,True,7.106803401700851,0.23461070554656768,7.79704740004163,22,,2,533.4611111110426,"Lg,Lr,Ly,Lz",False,False,0.3230551861754105,0.4439719859929965,0.3230551861754105,0.3230551861754105,5.01513346624423,0.007435841990938941,0.040154794110214394,False,0.37429146780995187,False,,,,,,,,,t2_rejected,0,,,False,,,,0,False,,no_prior,,No reliable period. Methods disagree at Tier 2 and Tier 3 could not resolve ambiguity. More observations needed.,sparse,3,1,2.0,0.5894444444566034,low,mbls,,0
2001 SG99,2026-03-21T04:52:47.016580+00:00,True,11.574037018509255,0.6268488773022117,14.664321811292105,163,,4,604.4980555554503,"Lg,Li,Lr,Lz",False,True,7.3513043826014375,19.206709515144368,7.3513043826014375,7.3513043826014375,76.77033732030314,1.1102230246251565e-16,0.5689756862781337,False,1.612694090126356,True,False,True,19.206709515144368,5.979388715212942,19.16816762314074,19.245251407147997,0.0770837840072609,3.2914226328925205,followup_needed,0,,,False,,,,0,False,,no_prior,,No reliable period. Methods disagree at Tier 2 and Tier 3 could not resolve ambiguity. More observations needed.,dense,6,1,21.0,0.8991666666988749,high,"gls,mbls,mhaov,ce,clean",,0
2001 SK279,2026-03-21T04:52:49.228832+00:00,True,2.181090545272636,0.7555357513161634,101.97963732541565,20,,2,504.71805555559695,"Lg,Li,Lr,Lu,Lz",False,True,3.672779413834933,2.243036069853904,3.672779413834933,3.672779413834933,52.83988963393294,1.1559688761764164e-08,0.3773246581040379,False,0.3892810274951342,True,True,False,2.243036069853904,2.241535711278751,2.235665943939855,2.250406195767953,0.014740251828097684,8.7015738802621,tentative,1,2.243036069853904,0.007370125914048842,False,225.0,2.243036069853904,0.007370125914048842,1,False,,no_prior,,"Tier 3 tentative: CI=0.015hr, CLEAN ratio=8.7. Both criteria met. Moderate confidence.",sparse,6,1,3.5,1.0497222221747506,low,mbls,,0
2001 SL6,2026-03-21T04:52:50.066768+00:00,True,21.190345172586294,0.36851060255999285,27.659942821597923,44,,3,699.2080555556458,"Lg,Li,Lr,Ly,Lz",True,False,5.683536145365114,5.7947829783514635,5.683536145365114,5.683536145365114,10.170304649070896,9.748983374024967e-06,0.20468357687982464,True,0.019573524323770002,False,,,,,,,,,confirmed,2,5.683536145365114,,False,123.0,5.683536145365114,0.11124683298633005,2,False,,no_prior,,"All 3 methods agree (spread=2.0%), p=9.75e-06, sparse regime. Moderate confidence.",sparse,5,1,5.0,1.2583333334187046,medium,"mbls,mhaov,clean",,0
2001 SL7,2026-03-21T04:52:52.419390+00:00,True,3.3919459729864934,0.3865986304140876,9.70709631662228,176,,3,98.8219444443821,"Lg,Li,Lr",False,True,6.8022213841165335,5.962700923652891,6.8022213841165335,6.8022213841165335,31.581102862617637,1.1102230246251565e-16,0.7134715792717375,False,0.1234185735888917,True,False,True,5.962700923652891,4.770160738922313,5.953206591887458,5.972195255418324,0.018988663530865146,47.15647663543561,followup_needed,0,,,False,,,,0,False,,no_prior,,No reliable period. Methods disagree at Tier 2 and Tier 3 could not resolve ambiguity. More observations needed.,dense,4,1,50.5,2.759722222108394,high,"gls,mbls,mhaov,ce,clean",,0
2001 SM209,2026-03-21T04:52:53.453503+00:00,True,5.249374687343672,0.8362387853993034,55.89779061061006,23,,2,915.502222222276,"Lg,Li,Lr,Lu,Lz",False,True,2.582731637437344,14.476534882602056,2.582731637437344,2.582731637437344,40.64791133129109,8.83803552564899e-09,0.8440566382202119,False,4.605125469776433,True,False,True,14.476534882602056,2.891968402053588,14.447484979827607,14.505584785376506,0.05809980554889904,1.0766400400177305,followup_needed,0,,,False,,,,0,False,,no_prior,,No reliable period. Methods disagree at Tier 2 and Tier 3 could not resolve ambiguity. More observations needed.,sparse,7,1,2.0,0.5705555555177853,low,mbls,,0
2001 SM277,2026-03-21T04:52:54.235682+00:00,True,5.625562781390696,0.5965732016186938,28.72483780153694,20,,2,484.3466666666209,"Lg,Li,Lr,Lz",True,False,8.677336238313542,15.779184755907728,8.677336238313542,15.779184755907728,22.933632237321266,3.022173926559013e-06,0.38634906843067185,True,0.09078176052248171,False,,,,,,,,,confirmed,1,15.779184755907728,,False,30.7,15.779184755907728,1.4324621717508095,1,False,,no_prior,,"All 3 methods agree (spread=9.1%), p=3.02e-06, sparse regime. Moderate confidence.",sparse,5,1,4.0,1.1691666666883975,low,mbls,,0
2001 SN95,2026-03-21T04:52:54.285522+00:00,False,,0.0,39.26504509912807,19,n_obs=19 < min_obs=20,2,271.57444444455905,"Lg,Li,Lr,Ly,Lz",,,,,,,,,,,,False,,,,,,,,,t1_rejected,0,,,False,,,,0,False,,no_prior,,Tier 1 failed: n_obs=19 < min_obs=20,sparse,4,1,5.0,1.3983333334035706,low,mbls,,0
2001 SP204,2026-03-21T04:52:55.263858+00:00,True,1.8636818409204603,0.5757721224326618,105.70809581784326,20,,2,385.09277777775424,"Lg,Li,Lr,Ly,Lz",False,True,8.182371904525121,24.540907582834432,8.182371904525121,8.182371904525121,88.5959234207547,3.0072788703705555e-10,1.009512315060403,False,1.9992412798128254,True,False,True,24.540907582834432,6.611575425194881,24.51899818182909,24.562816983839774,0.043818802010683555,1.7390604486968986,followup_needed,0,,,False,,,,0,False,,no_prior,,No reliable period. Methods disagree at Tier 2 and Tier 3 could not resolve ambiguity. More observations needed.,sparse,3,1,6.0,0.4636111112195067,low,mbls,,0
2001 SQ316,2026-03-21T04:52:55.315105+00:00,False,,0.0,33.6004687632451,18,n_obs=18 < min_obs=20,2,289.918611111003,"Lg,Li,Lr,Lu,Lz",,,,,,,,,,,,False,,,,,,,,,t1_rejected,0,,,False,,,,0,False,,no_prior,,Tier 1 failed: n_obs=18 < min_obs=20,sparse,6,1,2.0,0.778888888831716,low,mbls,,0
2001 SS225,2026-03-21T04:53:04.881093+00:00,True,0.19306998718128054,0.49996314600214115,21.259770593633462,38,,3,533.5047222222202,"Li,Lr,Lu,Ly,Lz",True,False,0.3916702337503656,0.3916702337503656,0.3916702337503656,0.3916702337503656,13.827654785241561,1.0015208108393736e-06,0.11799172679466571,True,0.0,False,,,,,,,,,confirmed,2,0.3916702337503656,,False,1362.1,0.3916702337503656,0.0,2,False,,no_prior,,"All 3 methods agree (spread=0.0%), p=1.00e-06, sparse regime. Moderate confidence.",sparse,3,1,4.0,1.2788888888899237,medium,"mbls,mhaov,clean",,0
2001 ST159,2026-03-21T04:53:04.934764+00:00,False,,0.0,21.69813289569811,17,n_obs=17 < min_obs=20,2,477.9033333333791,"Lg,Li,Lr,Ly",,,,,,,,,,,,False,,,,,,,,,t1_rejected,0,,,False,,,,0,False,,no_prior,,Tier 1 failed: n_obs=17 < min_obs=20,sparse,6,1,3.0,0.7836111111100763,low,mbls,,0
2001 ST280,2026-03-21T04:53:06.151443+00:00,True,1.0642821410705352,0.33613871206040796,88.09672082236273,49,,4,533.405833333265,"Lg,Li,Lr,Ly,Lz",False,True,4.936032412671825,12.460609827254409,4.936032412671825,4.936032412671825,35.714885945321925,2.7133850721838826e-13,0.3523868832894509,False,1.5244181531839014,True,False,True,12.460609827254409,4.03466997209697,12.435605259039185,12.485614395469632,0.05000913643044669,1.1852761444250162,followup_needed,0,,,False,,,,0,False,,no_prior,,No reliable period. Methods disagree at Tier 2 and Tier 3 could not resolve ambiguity. More observations needed.,sparse,7,1,2.0,0.5894444444566034,medium,"mbls,mhaov,clean",,0
2001 SU297,2026-03-21T04:53:07.409033+00:00,True,0.887943971985993,0.6453278178943469,8.272222846135627,22,,2,240.20833333331393,"Lg,Li,Lr,Lz",True,False,0.7213867122334764,0.7540855688501833,0.7213867122334764,0.7213867122334764,15.025011063185271,2.0004954935815e-05,0.16048112321503116,True,0.045327777823108296,False,,,,,,,,,confirmed,1,0.7213867122334764,,False,333.0,0.7213867122334764,0.032698856616661574,1,False,,no_prior,,"All 3 methods agree (spread=4.5%), p=2.00e-05, sparse regime. Moderate confidence.",sparse,5,1,4.0,1.0711111110867932,low,mbls,,0
2001 SV47,2026-03-21T04:53:08.427536+00:00,True,1.687343671835918,0.4690836461164398,16.604928407100477,26,,2,51.26388888893416,"Lg,Li,Lr,Ly,Lz",False,True,3.6281380220966906,1.2813305267243194,3.6281380220966906,3.6281380220966906,10.878381099097915,6.158775788744908e-05,0.27730230439857795,False,0.6468352309307988,True,False,True,1.2813305267243194,1.0267785759302572,1.274049982198374,1.2886110712502648,0.014561089051890796,1.5567191023270943,followup_needed,0,,,False,,,,0,False,,no_prior,,No reliable period. Methods disagree at Tier 2 and Tier 3 could not resolve ambiguity. More observations needed.,sparse,3,1,8.0,2.0058333333581686,low,mbls,,0
2001 SY207,2026-03-21T04:53:18.176043+00:00,True,0.07499126079838508,0.21124905615642808,17.251887242306537,32,,3,381.759166666714,"Lg,Li,Lr,Ly,Lz",False,True,0.3262577675005052,0.6525155350010104,0.3262577675005052,0.6525155350010104,3.8834613882144557,0.012840255394037214,0.07590830386614877,False,0.0,True,False,True,0.6525155350010104,0.5220124280008084,0.6512061392786005,0.6538249307234204,0.0026187914448199123,1.3797879722424506,followup_needed,0,,,False,,,,0,False,,no_prior,,No reliable period. Methods disagree at Tier 2 and Tier 3 could not resolve ambiguity. More observations needed.,sparse,3,1,6.0,1.2458333334652707,medium,"mbls,mhaov,clean",,0
2001 SY43,2026-03-21T04:53:18.223350+00:00,False,,0.0,7.953468508445891,18,n_obs=18 < min_obs=20,1,528.8236111110309,"Lg,Li,Lr,Ly,Lz",,,,,,,,,,,,False,,,,,,,,,t1_rejected,0,,,False,,,,0,False,,no_prior,,Tier 1 failed: n_obs=18 < min_obs=20,sparse,4,1,3.0,1.8305555555562023,low,mbls,,0
2001 SZ277,2026-03-21T04:53:18.276088+00:00,False,,0.0,16.02416010186132,16,n_obs=16 < min_obs=20,1,51.26277777791256,"Li,Lr,Ly,Lz",,,,,,,,,,,,False,,,,,,,,,t1_rejected,0,,,False,,,,0,False,,no_prior,,Tier 1 failed: n_obs=16 < min_obs=20,sparse,5,1,3.0,0.6736111112404615,low,mbls,,0
2001 TA174,2026-03-21T04:53:19.531823+00:00,True,2.0870435217608803,0.39238963081963707,5.656985291631988,31,,2,365.6991666665417,"Lg,Li,Lr,Ly,Lz",False,False,0.831387818043206,0.9495461434370587,0.831387818043206,0.831387818043206,5.4929659302008,0.0024214483997537783,0.25173584547762345,False,0.14212179061248884,False,,,,,,,,,t2_rejected,0,,,False,,,,0,False,,no_prior,,No reliable period. Methods disagree at Tier 2 and Tier 3 could not resolve ambiguity. More observations needed.,sparse,3,1,2.0,1.1058333332184702,medium,"mbls,mhaov,clean",,0
2001 TC184,2026-03-21T04:53:20.700647+00:00,True,3.0980490245122563,0.8063499622835255,15.985465743919713,25,,3,3472.9311111109564,"Lg,Li,Lr,Lz",False,True,8.229090537242394,33.74607456905029,8.229090537242394,8.229090537242394,28.382768802457143,5.39885467443213e-08,0.41722065591630453,False,3.100826745838144,True,False,True,33.74607456905029,9.412538340257186,33.72956134389195,33.762587794208635,0.033026450316686606,1.0085736425661462,followup_needed,0,,,False,,,,0,False,,no_prior,,No reliable period. Methods disagree at Tier 2 and Tier 3 could not resolve ambiguity. More observations needed.,sparse,11,2,2.0,0.5669444444356486,low,mbls,,0
2001 TD60,2026-03-21T04:53:21.644237+00:00,True,1.9694847423711856,0.6560908629056206,9.700592475146914,20,,2,408.11111111106584,"Lg,Li,Lr,Lz",False,True,2.910902141634338,11.653563110331424,2.910902141634338,2.910902141634338,15.722823282818014,3.041280144366887e-05,0.22844895278970984,False,3.0034197452565268,True,False,True,11.653563110331424,2.5974203725352556,11.630178033855845,11.676948186807003,0.046770152951159716,1.3577421471127578,followup_needed,0,,,False,,,,0,False,,no_prior,,No reliable period. Methods disagree at Tier 2 and Tier 3 could not resolve ambiguity. More observations needed.,sparse,5,1,4.0,0.653333333262708,low,mbls,,0
2001 TG75,2026-03-21T04:53:22.878964+00:00,True,0.9584792396198099,0.37652017673826105,51.832547396474865,26,,2,889.633055555576,"Li,Lr,Ly,Lz",False,False,2.0033028140523568,4.749920645721035,2.0033028140523568,2.0033028140523568,4.078877730539451,0.01336435364898303,0.4950008276363349,False,1.37104476287903,False,,,,,,,,,t2_rejected,0,,,False,,,,0,False,,no_prior,,No reliable period. Methods disagree at Tier 2 and Tier 3 could not resolve ambiguity. More observations needed.,sparse,3,1,2.0,0.9461111112032086,low,mbls,,0
2001 TK115,2026-03-21T04:53:23.804779+00:00,True,0.7938969484742371,0.685022674661589,13.2710652766856,20,,1,242.24277777783573,"Li,Lr,Ly,Lz",False,True,2.541893696097799,10.034832437892836,2.541893696097799,2.541893696097799,32.12705905650781,3.4002007753830554e-07,0.18712202040126696,False,2.9477781676294774,True,False,True,10.034832437892836,2.5878008063283278,10.014695650392051,10.054969225393622,0.040273575001570805,9.565026638270636,followup_needed,0,,,False,,,,0,False,,no_prior,,No reliable period. Methods disagree at Tier 2 and Tier 3 could not resolve ambiguity. More observations needed.,sparse,5,1,3.0,1.0669444443192333,low,mbls,,0
2001 TP194,2026-03-21T04:53:25.206055+00:00,True,2.7101050525262633,0.6742562869448359,92.10847336314852,21,,1,504.5527777777752,"Lg,Li,Lr,Ly,Lz",False,True,8.132821245567765,3.734669352015121,8.132821245567765,8.132821245567765,44.307657677012706,1.8424345049616875e-08,0.5802833821878357,False,0.5407904293911554,True,False,True,3.734669352015121,4.276758482040059,3.718349309381877,3.750989394648365,0.03264008526648787,1.0860122690276326,followup_needed,0,,,False,,,,0,False,,no_prior,,No reliable period. Methods disagree at Tier 2 and Tier 3 could not resolve ambiguity. More observations needed.,sparse,5,1,4.0,0.6294444445520639,low,mbls,,0
2001 TP58,2026-03-21T04:53:26.678108+00:00,True,22.601050525262632,0.6284406931523009,48.794937291490506,27,,3,747.5536111111287,"Lg,Li,Lr,Lz",False,True,5.0117043766965175,15.94415718195877,5.0117043766965175,5.0117043766965175,24.953099571073395,6.677623909379093e-08,0.44891342308171267,False,2.1813842125433256,True,False,True,15.94415718195877,4.009363501357214,15.912162217714043,15.976152146203498,0.0639899284894554,1.1024905368517355,followup_needed,0,,,False,,,,0,False,,no_prior,,No reliable period. Methods disagree at Tier 2 and Tier 3 could not resolve ambiguity. More observations needed.,sparse,6,1,4.0,1.5480555555259343,low,mbls,,0
2001 TQ124,2026-03-21T04:53:28.197119+00:00,True,1.687343671835918,0.5422868678453026,14.492070902920535,21,,2,527.4797222223133,"Lg,Li,Lr,Ly,Lz",False,True,0.7069051152654713,3.384171004742276,0.7069051152654713,0.7069051152654713,14.888223366124667,2.9554265962961068e-05,0.22027947772439213,False,3.7873058656077156,True,False,True,3.384171004742276,0.839774906161523,3.3773800261374425,3.39096198334711,0.013581957209667372,1.2741091537383706,followup_needed,0,,,False,,,,0,False,,no_prior,,No reliable period. Methods disagree at Tier 2 and Tier 3 could not resolve ambiguity. More observations needed.,sparse,5,1,2.0,0.629444444377441,low,mbls,,0
2001 TQ172,2026-03-21T04:53:28.902912+00:00,True,3.427213606803402,0.3083052308637904,9.110972098638374,20,,3,265.77388888882706,"Li,Lr,Lz",False,False,3.9391683170695053,22.25680229244332,3.9391683170695053,3.9391683170695053,6.607367734986634,0.002838788226820377,0.386760765587199,False,4.6501272606183885,False,,,,,,,,,t2_rejected,0,,,False,,,,0,False,,no_prior,,No reliable period. Methods disagree at Tier 2 and Tier 3 could not resolve ambiguity. More observations needed.,sparse,6,1,3.0,0.8277777777984738,low,mbls,,0
2001 TS156,2026-03-21T04:53:29.994476+00:00,True,1.6168084042021011,0.8492097798381041,11.365811158933466,20,,3,652.3288888888783,"Lg,Li,Lr,Lz",False,True,2.013092561418218,1.616461902663835,2.013092561418218,2.013092561418218,32.581878848919416,3.097589749145868e-07,0.19435537081776227,False,0.1970255448536161,True,False,True,1.616461902663835,1.5591558954122073,1.6132181664043088,1.619705638923361,0.006487472519052018,1.3926885943624552,followup_needed,0,,,False,,,,0,False,,no_prior,,No reliable period. Methods disagree at Tier 2 and Tier 3 could not resolve ambiguity. More observations needed.,sparse,5,1,4.0,1.2280555555480532,low,mbls,,0
2001 TS64,2026-03-21T04:53:30.965974+00:00,True,0.9232116058029014,0.5096305841273241,45.750260234364674,22,,2,552.0138888888177,"Lg,Li,Lr,Ly,Lz",False,True,3.7337585932012356,4.848053653368865,3.7337585932012356,3.7337585932012356,10.397332617858316,0.0001903447612966458,0.3385519257342986,False,0.29843789638578666,True,False,True,4.848053653368865,3.0169768432020687,4.840561161208595,4.855546145529135,0.014984984320539851,1.3595580925109005,followup_needed,0,,,False,,,,0,False,,no_prior,,No reliable period. Methods disagree at Tier 2 and Tier 3 could not resolve ambiguity. More observations needed.,sparse,5,1,4.0,0.9558333334280178,low,mbls,,0
2001 TX242,2026-03-21T04:53:32.049492+00:00,True,2.345672836418209,0.7668326474331292,34.32848543609667,22,,2,504.77388888888527,"Lg,Li,Lr,Lz",False,True,8.331248156994535,3.7822556864445604,8.331248156994535,8.331248156994535,65.86036335188423,4.0333192341535096e-10,0.3020906718376507,False,0.5460157211534147,True,False,True,3.7822556864445604,3.030864422983668,3.7655374627181524,3.7989739101709685,0.033436447452816154,1.5882879510156744,followup_needed,0,,,False,,,,0,False,,no_prior,,No reliable period. Methods disagree at Tier 2 and Tier 3 could not resolve ambiguity. More observations needed.,sparse,5,1,4.0,0.8133333332953043,low,mbls,,0
2001 UC156,2026-03-21T04:53:33.954019+00:00,True,0.9584792396198099,0.40944939855991247,25.861442362674058,66,,3,381.79222222213866,"Li,Lr,Ly,Lz",False,True,0.9512787397574272,2.1449266951265358,0.9512787397574272,0.9512787397574272,14.599074034179099,2.0240074949384734e-08,0.11637649063203326,False,1.2547825421518723,True,False,True,2.1449266951265358,2.5739120341518427,2.14062249440053,2.1492308958525417,0.008608401452011805,1.621702513352869,followup_needed,0,,,False,,,,0,False,,no_prior,,No reliable period. Methods disagree at Tier 2 and Tier 3 could not resolve ambiguity. More observations needed.,sparse,4,1,3.5,0.9863888888794463,medium,"mbls,mhaov,clean",,0
2001 UC96,2026-03-21T04:53:37.968779+00:00,True,0.2673393673158665,0.7542641418059103,4.29222141981294,20,,2,265.85527777770767,"Lg,Li,Lr,Ly,Lz",False,False,21.82862069957102,27.39116924326581,21.82862069957102,21.82862069957102,1.9907663171553447,0.14769401673101046,0.1392825850729299,False,0.2548282193479982,False,,,,,,,,,t2_rejected,0,,,False,,,,0,False,,no_prior,,No reliable period. Methods disagree at Tier 2 and Tier 3 could not resolve ambiguity. More observations needed.,sparse,6,1,2.5,0.8072222222399432,low,mbls,,0
2001 UE138,2026-03-21T04:53:42.061226+00:00,True,0.5847810721836582,0.7226403943974602,6.754059272552583,21,,3,477.05861111119157,"Li,Lr,Lz",True,False,1.2657274948332433,1.2657274948332433,1.2657274948332433,1.2657274948332433,28.78275063644853,3.941858824907385e-07,0.3079851028283978,True,0.0,False,,,,,,,,,confirmed,1,1.2657274948332433,,False,376.9,1.2657274948332433,0.0,1,False,,no_prior,,"All 3 methods agree (spread=0.0%), p=3.94e-07, sparse regime. Moderate confidence.",sparse,7,1,2.0,0.5661111112567596,low,mbls,,0
2001 UE171,2026-03-21T04:53:43.040538+00:00,True,2.298649324662331,0.6466452648347271,36.362614200910656,21,,2,551.0966666666209,"Lg,Li,Lr,Ly,Lz",False,True,2.196363478504841,12.480546041610335,2.196363478504841,2.196363478504841,23.10670551110553,1.7581013984635518e-06,0.3418085734885602,False,4.682368225363907,True,False,True,12.480546041610335,2.2889192638866502,12.455501467613795,12.505590615606875,0.05008914799308073,3.0938141845178384,followup_needed,0,,,False,,,,0,False,,no_prior,,No reliable period. Methods disagree at Tier 2 and Tier 3 could not resolve ambiguity. More observations needed.,sparse,5,1,4.0,0.7652777778566815,low,mbls,,0
2001 UE226,2026-03-21T04:53:43.088113+00:00,False,,0.0,14.017078002429392,19,n_obs=19 < min_obs=20,1,504.71805555559695,"Lg,Li,Lr,Lz",,,,,,,,,,,,False,,,,,,,,,t1_rejected,0,,,False,,,,0,False,,no_prior,,Tier 1 failed: n_obs=19 < min_obs=20,sparse,6,1,3.5,0.6686111111193895,low,mbls,,0
2001 UF22,2026-03-21T04:53:43.137736+00:00,False,,0.0,24.823602133778735,19,n_obs=19 < min_obs=20,1,651.5919444445171,"Lg,Li,Lr,Lz",,,,,,,,,,,,False,,,,,,,,,t1_rejected,0,,,False,,,,0,False,,no_prior,,Tier 1 failed: n_obs=19 < min_obs=20,sparse,6,1,3.0,0.65625,low,mbls,,0
2001 UG54,2026-03-21T04:53:44.254752+00:00,True,2.3574287143571784,0.5377244132447291,20.2663008078163,21,,2,359.83333333331393,"Lg,Li,Lr,Ly,Lz",True,False,1.1791449554135482,1.1437576888040928,1.1791449554135482,1.1791449554135482,8.650516943841572,0.0006464706996361924,0.15199725605862224,True,0.030010955351129385,False,,,,,,,,,confirmed,1,1.1791449554135482,,False,305.2,1.1791449554135482,0.03538726660942545,1,False,,no_prior,,"All 3 methods agree (spread=3.0%), p=6.46e-04, sparse regime. Moderate confidence.",sparse,6,1,2.5,0.8186111110844649,low,mbls,,0
2001 UH54,2026-03-21T04:53:45.220964+00:00,True,14.148574287143573,0.9304954793518536,65.03239082948475,20,,1,549.9322222222108,"Lg,Li,Lr,Ly,Lz",False,True,15.072452698506638,36.93268574934349,15.072452698506638,15.072452698506638,129.98092613862704,1.892486167776042e-11,0.5007494093870326,False,1.4503434502734442,True,False,True,36.93268574934349,17.683666911826517,36.90244002486489,36.962931473822096,0.06049144895720815,1.390499905199591,followup_needed,0,,,False,,,,0,False,,no_prior,,No reliable period. Methods disagree at Tier 2 and Tier 3 could not resolve ambiguity. More observations needed.,sparse,7,1,2.0,0.7363888888503425,low,mbls,,0
2001 UK159,2026-03-21T04:53:46.435434+00:00,True,2.55727863931966,0.5184508043635141,14.140544754620283,21,,2,528.851388888841,"Lg,Li,Lr,Ly,Lz",False,False,2.7218735010044615,1.7998321368241776,2.7218735010044615,2.7218735010044615,7.11361345611609,0.0017235943726823244,0.44966932319692504,False,0.3387524673132977,False,,,,,,,,,t2_rejected,0,,,False,,,,0,False,,no_prior,,No reliable period. Methods disagree at Tier 2 and Tier 3 could not resolve ambiguity. More observations needed.,sparse,5,1,3.0,1.5141666666604578,low,mbls,,0
2001 UK23,2026-03-21T04:53:47.759243+00:00,True,1.734367183591796,0.8296681842749996,139.1557785558012,21,,2,478.88083333329996,"Lg,Li,Lr,Lu,Ly,Lz",False,True,3.0295898030634647,7.749544622131504,3.0295898030634647,3.0295898030634647,69.55872999052808,6.548354081203911e-10,0.8488502491903873,False,1.5579517775950233,True,False,True,7.749544622131504,2.431777768345256,7.733993696468364,7.765095547794644,0.031101851326280183,1.5628891519791648,followup_needed,0,,,False,,,,0,False,,no_prior,,No reliable period. Methods disagree at Tier 2 and Tier 3 could not resolve ambiguity. More observations needed.,sparse,7,1,3.0,0.6180555556202307,low,mbls,,0
2001 UK77,2026-03-21T04:53:48.726536+00:00,True,1.757878939469735,0.7268936863429521,38.959957220956134,20,,2,408.62916666670935,"Lg,Li,Lr,Ly,Lz",False,True,1.7887082504239784,6.042252995454047,1.7887082504239784,1.7887082504239784,16.37030269866703,2.395333697691182e-05,0.31167965776764905,False,2.377998057547658,True,False,True,6.042252995454047,1.6367577836655536,6.030128073055143,6.054377917852951,0.024249844797807896,3.738298962409503,followup_needed,0,,,False,,,,0,False,,no_prior,,No reliable period. Methods disagree at Tier 2 and Tier 3 could not resolve ambiguity. More observations needed.,sparse,6,1,3.0,1.2511111111671198,low,mbls,,0
2001 UL50,2026-03-21T04:53:48.773824+00:00,False,,0.0,37.45653355708006,19,n_obs=19 < min_obs=20,2,51.25250000000233,"Lg,Li,Lr,Ly,Lz",,,,,,,,,,,,False,,,,,,,,,t1_rejected,0,,,False,,,,0,False,,no_prior,,Tier 1 failed: n_obs=19 < min_obs=20,sparse,3,1,4.0,1.9944444444263354,low,mbls,,0
2001 UO116,2026-03-21T04:53:49.891356+00:00,True,1.4522261130565282,0.46577112586462477,24.98215164999797,21,,1,169.56861111108446,"Lg,Li,Lr,Ly,Lz",False,False,1.4286127099895398,2.0196057306746074,1.4286127099895398,1.4286127099895398,6.703749509681092,0.00228610057918055,0.5096358936599586,False,0.4136831602800041,False,,,,,,,,,t2_rejected,0,,,False,,,,0,False,,no_prior,,No reliable period. Methods disagree at Tier 2 and Tier 3 could not resolve ambiguity. More observations needed.,sparse,4,1,2.0,0.1687500000698492,low,mbls,,0
2001 UT126,2026-03-21T04:53:51.724439+00:00,True,10.574787393696848,0.8082227081909273,40.46711042620796,25,,3,747.5980555554852,"Lg,Li,Lr,Lz",False,True,15.000681796121942,11.204867421272827,15.000681796121942,15.000681796121942,31.951693766891772,1.9849223042989195e-08,0.5584461238816698,False,0.25304279008372654,True,False,True,11.204867421272827,14.629427464044007,11.18238273748432,11.227352105061334,0.044969367577014197,1.7889847592544583,followup_needed,0,,,False,,,,0,False,,no_prior,,No reliable period. Methods disagree at Tier 2 and Tier 3 could not resolve ambiguity. More observations needed.,sparse,6,1,3.5,0.889166666631354,low,mbls,,0
2001 UV50,2026-03-21T04:53:53.127912+00:00,True,2.32216108054027,0.8401417314081414,58.36185024667459,21,,2,479.54861111124046,"Lg,Li,Lr,Ly,Lz",False,True,1.642156436098297,5.124115679656758,1.642156436098297,1.642156436098297,30.91797158432962,2.3971261331467986e-07,0.647816537738088,False,2.120357821590583,True,False,True,5.124115679656758,1.9420284809510293,5.113833173276177,5.134398186037339,0.020565012761162293,1.994376082312931,followup_needed,0,,,False,,,,0,False,,no_prior,,No reliable period. Methods disagree at Tier 2 and Tier 3 could not resolve ambiguity. More observations needed.,sparse,7,1,3.0,0.9877777778310701,low,mbls,,0
2001 UX192,2026-03-21T04:53:54.101899+00:00,True,23.34167083541771,0.7266039968070598,28.264657942241655,22,,3,551.10777777771,"Li,Lr,Ly,Lz",False,True,4.449416732246277,7.742286876900331,4.449416732246277,4.449416732246277,33.1819424411271,7.942276769590251e-08,0.9397998765795351,False,0.7400678207525229,True,False,True,7.742286876900331,3.755962485682142,7.726750515274447,7.757823238526215,0.031072723251767798,1.1762434272728983,followup_needed,0,,,False,,,,0,False,,no_prior,,No reliable period. Methods disagree at Tier 2 and Tier 3 could not resolve ambiguity. More observations needed.,sparse,4,1,4.0,0.8018055555294268,low,mbls,,0
2001 UY140,2026-03-21T04:53:55.024878+00:00,True,5.555027513756879,0.8949506683378495,27.105485159912355,20,,3,477.00388888892485,"Lg,Li,Lr,Lz",False,True,7.2423557143693555,32.352399190592294,7.2423557143693555,7.2423557143693555,107.91381310212961,7.281930614055909e-11,0.5651493655841726,False,3.4671099386073148,True,False,True,32.352399190592294,7.24720009946258,32.33786603531262,32.366932345871966,0.02906631055934028,2.3520997369159202,followup_needed,0,,,False,,,,0,False,,no_prior,,No reliable period. Methods disagree at Tier 2 and Tier 3 could not resolve ambiguity. More observations needed.,sparse,7,1,2.0,0.6063888888456859,low,mbls,,0
2001 UY190,2026-03-21T04:53:56.133952+00:00,True,1.757878939469735,0.6123526047294532,19.95515128249456,37,,5,552.0794444445055,"Lg,Li,Lr,Ly,Lz",False,True,7.004537447116356,35.20972898920284,7.004537447116356,7.004537447116356,20.376791704014877,1.9886768787280573e-08,0.5447756300121015,False,4.026702941490309,True,False,True,35.20972898920284,6.390761924994455,35.18882037787493,35.23063760053074,0.0418172226558049,1.317547072008787,followup_needed,0,,,False,,,,0,False,,no_prior,,No reliable period. Methods disagree at Tier 2 and Tier 3 could not resolve ambiguity. More observations needed.,sparse,7,1,4.0,1.3780555555131286,medium,"mbls,mhaov,clean",,0
2001 UY81,2026-03-21T04:53:57.020826+00:00,True,3.3684342171085544,0.8316861920123971,20.20122913691531,20,,2,51.22777777776355,"Li,Lr,Ly,Lz",False,True,1.3548436438959728,5.6124432464648475,1.3548436438959728,1.3548436438959728,25.48687085228153,1.5417383838478571e-06,0.6737109917161255,False,3.1425025476169544,True,False,True,5.6124432464648475,4.625103732203808,5.601180818545521,5.623705674384174,0.022524855838652158,1.1012863501716588,followup_needed,0,,,False,,,,0,False,,no_prior,,No reliable period. Methods disagree at Tier 2 and Tier 3 could not resolve ambiguity. More observations needed.,sparse,3,1,4.0,0.593888888892252,low,mbls,,0
2001 VA92,2026-03-21T04:53:57.819462+00:00,True,0.864432216108054,0.4905418975898298,3.9714707010555825,20,,2,51.25250000000233,"Lg,Li,Lr,Ly,Lz",False,False,1.7281022972306423,0.6652695720984867,1.7281022972306423,1.7281022972306423,4.5731586308145,0.012954400698932944,0.10464825297281459,False,0.615028824876152,False,,,,,,,,,t2_rejected,0,,,False,,,,0,False,,no_prior,,No reliable period. Methods disagree at Tier 2 and Tier 3 could not resolve ambiguity. More observations needed.,sparse,3,1,4.0,1.9694444445194677,low,mbls,,0
2001 VD90,2026-03-21T04:53:57.906909+00:00,False,,0.0,14.298589357429348,19,n_obs=19 < min_obs=20,2,51.274722222355194,"Li,Lr,Ly,Lz",,,,,,,,,,,,False,,,,,,,,,t1_rejected,0,,,False,,,,0,False,,no_prior,,Tier 1 failed: n_obs=19 < min_obs=20,sparse,3,1,5.0,1.4286111111869104,low,mbls,,0
2001 VF80,2026-03-21T04:53:58.914076+00:00,True,17.040520260130066,0.9228886765771279,26.665678735257103,21,,2,479.643333333428,"Lg,Li,Lr,Ly,Lz",False,True,16.6977312639314,26.293539859292768,16.6977312639314,16.6977312639314,92.34273426697835,7.653144784569577e-11,0.4799822172346278,False,0.5746773884239355,True,False,True,26.293539859292768,15.971742948108293,26.260032706254783,26.327047012330752,0.06701430607596848,1.7689422521731686,followup_needed,0,,,False,,,,0,False,,no_prior,,No reliable period. Methods disagree at Tier 2 and Tier 3 could not resolve ambiguity. More observations needed.,sparse,7,1,2.0,0.6688888887874782,low,mbls,,0
2001 VK103,2026-03-21T04:53:58.961075+00:00,False,,0.0,67.37983471272358,19,n_obs=19 < min_obs=20,2,915.2277777777635,"Lg,Li,Lr,Lz",,,,,,,,,,,,False,,,,,,,,,t1_rejected,0,,,False,,,,0,False,,no_prior,,Tier 1 failed: n_obs=19 < min_obs=20,sparse,5,1,4.0,1.2399999999906868,low,mbls,,0
2001 VS101,2026-03-21T04:54:03.348226+00:00,True,0.7117577548954048,0.7247617398386655,10.126971373268915,20,,2,265.76250000006985,"Li,Lr,Lz",False,True,4.582761804247935,7.654269279793242,4.582761804247935,4.582761804247935,19.870672627662266,7.4031863367407524e-06,0.25216158719439596,False,0.6702306614970783,True,False,True,7.654269279793242,4.585827196759137,7.638909542108039,7.669629017478445,0.030719475370405647,1.017363342411267,followup_needed,0,,,False,,,,0,False,,no_prior,,No reliable period. Methods disagree at Tier 2 and Tier 3 could not resolve ambiguity. More observations needed.,sparse,5,1,4.0,0.7158333333791234,low,mbls,,0
2001 VY21,2026-03-21T04:54:04.498307+00:00,True,8.917208604302152,0.4284043383000459,7.583195731168223,23,,3,242.0988888888387,"Lg,Li,Lr,Ly,Lz",False,False,5.287321470004759,1.6910251974937118,5.287321470004759,5.287321470004759,4.574913554358365,0.010037284900929255,0.17896341925557005,False,0.6801735610199487,False,,,,,,,,,t2_rejected,0,,,False,,,,0,False,,no_prior,,No reliable period. Methods disagree at Tier 2 and Tier 3 could not resolve ambiguity. More observations needed.,sparse,6,1,2.5,0.7044444445346016,low,mbls,,0
2001 WA34,2026-03-21T04:54:12.519486+00:00,True,0.06121417173180543,0.5859074267049604,16.583843389647956,20,,2,381.7038888889365,"Lg,Li,Lr,Ly,Lz",True,False,0.3827036539863652,0.37934980913167804,0.3827036539863652,0.3827036539863652,13.088796091419763,8.756015614497237e-05,0.20315208152318748,True,0.008763555873437976,False,,,,,,,,,confirmed,1,0.3827036539863652,,False,997.4,0.3827036539863652,0.0033538448546783853,1,False,,no_prior,,"All 3 methods agree (spread=0.9%), p=8.76e-05, sparse regime. Moderate confidence.",sparse,4,1,4.0,0.900694444484543,low,mbls,,0
2001 WE99,2026-03-21T04:54:13.330906+00:00,True,1.3816908454227113,0.6871095220024518,13.959054229372223,21,,3,242.00194444443332,"Li,Lr,Ly,Lz",True,False,6.19094333762413,6.19094333762413,6.19094333762413,6.19094333762413,15.205248551732712,2.596862011561285e-05,0.42295934314997835,True,0.0,False,,,,,,,,,confirmed,1,6.19094333762413,,False,39.1,6.19094333762413,0.0,1,False,,no_prior,,"All 3 methods agree (spread=0.0%), p=2.60e-05, sparse regime. Moderate confidence.",sparse,6,1,2.0,0.6583333332964685,low,mbls,,0
2001 WK48,2026-03-21T04:54:14.486751+00:00,True,1.6168084042021011,0.5744587345837686,89.46964254657226,24,,2,552.0588888888597,"Lg,Li,Lr,Ly,Lz",False,True,3.735653922326285,16.636824935475406,3.735653922326285,3.735653922326285,18.618023859622568,2.288798893634869e-06,0.5726057122980625,False,3.4535241436690116,True,False,True,16.636824935475406,3.1884243510958794,16.603440002494523,16.67020986845629,0.06676986596177059,1.5723574400617975,followup_needed,0,,,False,,,,0,False,,no_prior,,No reliable period. Methods disagree at Tier 2 and Tier 3 could not resolve ambiguity. More observations needed.,sparse,5,1,3.0,1.8863888889318332,low,mbls,,0
2001 WM38,2026-03-21T04:54:19.984108+00:00,True,0.4134823411290839,0.39355199248254075,19.78714698483115,61,,3,381.79222222213866,"Li,Lr,Ly,Lz",False,True,0.40619395923680784,2.415678148425177,0.40619395923680784,0.40619395923680784,12.769835479645156,1.8817352975819546e-07,0.12465902600443624,False,4.947105055326312,True,False,True,2.415678148425177,0.3249551673894463,2.4108306337460634,2.42052566310429,0.009695029358226748,2.5069525147486473,followup_needed,0,,,False,,,,0,False,,no_prior,,No reliable period. Methods disagree at Tier 2 and Tier 3 could not resolve ambiguity. More observations needed.,sparse,3,1,2.0,0.590555555478204,medium,"mbls,mhaov,clean",,0
2001 WT44,2026-03-21T04:54:21.484835+00:00,True,1.5227613806903453,0.610934100235418,26.181532697471688,21,,3,553.5474999999278,"Li,Lr,Ly,Lz",False,True,1.6516439554944369,3.846230778847356,1.6516439554944369,1.6516439554944369,17.539348409364866,1.062944723428938e-05,0.4529405156662602,False,1.3287287590348842,True,False,True,3.846230778847356,1.4317930209503613,3.8385125899934827,3.8539489677012297,0.015436377707747084,1.9675142947435431,followup_needed,0,,,False,,,,0,False,,no_prior,,No reliable period. Methods disagree at Tier 2 and Tier 3 could not resolve ambiguity. More observations needed.,sparse,4,1,5.5,2.030555555509636,low,mbls,,0
2001 WZ29,2026-03-21T04:54:22.508941+00:00,True,16.335167583791897,0.6667500942105377,9.10454158812484,29,,4,552.5955555554247,"Lg,Li,Lr,Ly,Lz",False,True,13.776562047279057,32.54859215202799,13.776562047279057,13.776562047279057,18.012062009822813,5.925526884720256e-07,0.12109040312206037,False,1.3626062903302603,True,False,True,32.54859215202799,13.196011272042549,32.52094687701673,32.57623742703925,0.05529055002251937,1.1125053677509698,followup_needed,0,,,False,,,,0,False,,no_prior,,No reliable period. Methods disagree at Tier 2 and Tier 3 could not resolve ambiguity. More observations needed.,sparse,5,1,4.0,1.5813888888806105,medium,"mbls,mhaov,clean",,0
2001 XA212,2026-03-21T04:54:22.551788+00:00,False,,0.0,24.943702052943166,17,n_obs=17 < min_obs=20,1,550.6227777778404,"Lg,Li,Lr,Ly,Lz",,,,,,,,,,,,False,,,,,,,,,t1_rejected,0,,,False,,,,0,False,,no_prior,,Tier 1 failed: n_obs=17 < min_obs=20,sparse,5,1,3.0,1.5141666666604578,low,mbls,,0
2001 XA91,2026-03-21T04:54:23.942362+00:00,True,1.9694847423711856,0.8683595357186211,108.058299329391,20,,2,527.4122222222504,"Lg,Li,Lr,Lz",False,True,1.970664604711407,16.60718526534176,1.970664604711407,1.970664604711407,45.66757718483515,3.165515893854831e-08,0.9130926293333539,False,7.427200258040034,True,False,True,16.60718526534176,2.2567075607129956,16.573859809959806,16.64051072072371,0.06665091076390794,1.8003360174405538,followup_needed,0,,,False,,,,0,False,,no_prior,,No reliable period. Methods disagree at Tier 2 and Tier 3 could not resolve ambiguity. More observations needed.,sparse,6,1,2.5,0.8824999999778811,low,mbls,,0
2001 XC189,2026-03-21T04:54:25.100126+00:00,True,7.894447223611806,0.2998455940390789,5.552266704782298,21,,2,308.1686111111194,"Lg,Li,Lr,Lz",False,True,0.8086299444380236,36.188544127456716,0.8086299444380236,0.8086299444380236,10.184943919422164,0.0002696386268977724,0.06773765379834404,False,43.75291123749201,True,False,True,36.188544127456716,0.6469039555504189,36.163707161058895,36.21338109385454,0.04967393279563481,2.781052588637134,followup_needed,0,,,False,,,,0,False,,no_prior,,No reliable period. Methods disagree at Tier 2 and Tier 3 could not resolve ambiguity. More observations needed.,sparse,3,1,4.0,0.3772222222178243,low,mbls,,0
2001 XD127,2026-03-21T04:54:25.163397+00:00,False,,0.0,19.939240876952567,19,n_obs=19 < min_obs=20,3,526.5475000001024,"Li,Lr,Ly,Lz",,,,,,,,,,,,False,,,,,,,,,t1_rejected,0,,,False,,,,0,False,,no_prior,,Tier 1 failed: n_obs=19 < min_obs=20,sparse,3,1,4.0,1.1050000000395812,low,mbls,,0
2001 XD266,2026-03-21T04:54:26.535753+00:00,True,1.6990995497748875,0.5550687984328659,12.07463310433962,37,,3,365.6438888887642,"Lg,Li,Lr,Ly,Lz",True,False,1.644945308321119,3.289890616642238,1.644945308321119,3.289890616642238,11.703707889170156,5.728187798315076e-06,0.18957173973813202,True,0.0,False,,,,,,,,,confirmed,2,3.289890616642238,,False,111.1,3.289890616642238,0.0,2,False,,no_prior,,"All 3 methods agree (spread=0.0%), p=5.73e-06, sparse regime. Moderate confidence.",sparse,4,1,4.0,0.9587499999906868,medium,"mbls,mhaov,clean",,0
2001 XD66,2026-03-21T04:54:28.376913+00:00,True,17.240370185092548,0.7564090066758818,92.70361717433894,26,,2,332.9019444443984,"Lg,Lr,Ly,Lz",False,True,3.2510884468307775,2.450685209680505,3.2510884468307775,3.2510884468307775,24.284160544775467,1.2795254777930865e-07,0.3430033835450541,False,0.24619546660758324,True,False,True,2.450685209680505,3.757779823494036,2.4457674467179356,2.4556029726430744,0.009835525925139255,1.6186721560243287,followup_needed,0,,,False,,,,0,False,,no_prior,,No reliable period. Methods disagree at Tier 2 and Tier 3 could not resolve ambiguity. More observations needed.,sparse,4,1,2.0,0.23972222220618278,low,mbls,,0
2001 XL249,2026-03-21T04:54:29.718909+00:00,True,0.7703851925962981,0.5797433412539803,45.278355369704435,21,,2,551.452500000014,"Lg,Li,Lr,Ly,Lz",False,True,5.079518085151278,32.17255710215895,5.079518085151278,5.079518085151278,14.336294227657039,3.720612635527143e-05,0.3712825140315764,False,5.333781386900102,True,False,True,32.17255710215895,4.090795835800763,32.162364089279045,32.18275011503885,0.020386025759803417,1.4939229652810544,followup_needed,0,,,False,,,,0,False,,no_prior,,No reliable period. Methods disagree at Tier 2 and Tier 3 could not resolve ambiguity. More observations needed.,sparse,5,1,4.0,1.5797222221735865,low,mbls,,0
2001 XN264,2026-03-21T04:54:30.498207+00:00,True,7.306653326663332,0.8996781770615284,24.55248349216847,22,,2,269.4355555556249,"Lg,Li,Lr,Lz",True,False,7.305118714742499,14.867334008784987,7.305118714742499,14.867334008784987,96.30717884999959,1.9132695427970248e-11,0.2442972107470763,True,0.01759701582817009,False,,,,,,,,,confirmed,1,14.867334008784987,,False,18.1,14.867334008784987,0.26162071187528085,1,False,,no_prior,,"All 3 methods agree (spread=1.8%), p=1.91e-11, sparse regime. Moderate confidence.",sparse,5,1,4.0,0.595555555599276,low,mbls,,0
2001 XP108,2026-03-21T04:54:31.793047+00:00,True,4.062031015507754,0.7800616749447797,220.2035927006193,26,,3,915.335833333258,"Lg,Li,Lr,Lz",True,False,2.2966398970206443,4.595538518102657,2.2966398970206443,4.595538518102657,37.58797087956919,2.7329398744058153e-09,0.957885628247694,True,0.0004917453677213803,False,,,,,,,,,confirmed,1,4.595538518102657,,False,199.2,4.595538518102657,0.002259834778462158,1,False,,no_prior,,"All 3 methods agree (spread=0.0%), p=2.73e-09, sparse regime. Moderate confidence.",sparse,6,1,4.0,1.3906944443879183,low,mbls,,0
2001 XP84,2026-03-21T04:54:32.591775+00:00,True,2.968734367183592,0.6523537260243589,73.89062986803675,20,,2,551.6327777778497,"Lg,Li,Lr,Ly,Lz",True,False,12.01392422620113,22.57525148869867,12.01392422620113,22.57525148869867,15.455248763158734,3.3642126676558526e-05,0.5985141019310977,True,0.06045472471582461,False,,,,,,,,,confirmed,1,22.57525148869867,,False,24.4,22.57525148869867,1.3647806141397878,1,False,,no_prior,,"All 3 methods agree (spread=6.0%), p=3.36e-05, sparse regime. Moderate confidence.",sparse,5,1,4.0,1.6113888889085501,low,mbls,,0
2001 XQ73,2026-03-21T04:54:33.605756+00:00,True,1.8871935967983993,0.6423876051000141,18.162565641988063,24,,2,552.0258333332604,"Lg,Li,Lr,Ly,Lz",False,True,6.100723377694183,21.45801752159841,6.100723377694183,6.100723377694183,18.520526568774486,2.379289391840622e-06,0.3505375168903696,False,2.517290687208001,True,False,True,21.45801752159841,4.888740205001761,21.42373531767172,21.4922997255251,0.0685644078533798,2.712491930282986,followup_needed,0,,,False,,,,0,False,,no_prior,,No reliable period. Methods disagree at Tier 2 and Tier 3 could not resolve ambiguity. More observations needed.,sparse,5,1,6.0,1.5813888888806105,low,mbls,,0
2001 XQ82,2026-03-21T04:54:33.648883+00:00,False,,0.0,56.86602021858293,16,n_obs=16 < min_obs=20,2,265.5533333332278,"Lg,Li,Lr,Ly,Lz",,,,,,,,,,,,False,,,,,,,,,t1_rejected,0,,,False,,,,0,False,,no_prior,,Tier 1 failed: n_obs=16 < min_obs=20,sparse,6,1,3.0,0.8170833333861083,low,mbls,,0
2001 XT207,2026-03-21T04:54:34.928959+00:00,True,2.674837418709355,0.6706340587076792,21.51140235904776,23,,2,527.0055555555155,"Lg,Li,Lr,Ly,Lz",True,False,3.470109801248027,6.342591750420665,3.470109801248027,6.342591750420665,28.353700831353105,1.4877088083675716e-07,0.6560977719509566,True,0.0861107985488479,False,,,,,,,,,confirmed,1,6.342591750420665,,False,83.1,6.342591750420665,0.5461656404980585,1,False,,no_prior,,"All 3 methods agree (spread=8.6%), p=1.49e-07, sparse regime. Moderate confidence.",sparse,5,1,2.0,0.45888888894114643,low,mbls,,0
2001 XV235,2026-03-21T04:54:35.824788+00:00,True,5.108304152076038,0.7571971741377471,10.73175722080929,20,,3,313.6069444444729,"Lg,Li,Lr,Lz",False,True,6.483518956043543,9.294427807434893,6.483518956043543,6.483518956043543,24.61057339817323,1.929362970498616e-06,0.16956176408878681,False,0.4335467930992563,True,False,True,9.294427807434893,6.314383678929364,9.281417401503033,9.307438213366753,0.026020811863720184,1.122101681750754,followup_needed,0,,,False,,,,0,False,,no_prior,,No reliable period. Methods disagree at Tier 2 and Tier 3 could not resolve ambiguity. More observations needed.,sparse,5,1,4.0,1.0091666666558012,low,mbls,,0
2001 XX207,2026-03-21T04:54:35.866410+00:00,False,,0.0,21.93202957062813,16,n_obs=16 < min_obs=20,0,551.486111111124,"Lg,Li,Lr,Ly,Lz",,,,,,,,,,,,False,,,,,,,,,t1_rejected,0,,,False,,,,0,False,,no_prior,,Tier 1 failed: n_obs=16 < min_obs=20,sparse,5,1,4.0,1.9694444445194677,low,mbls,,0
2001 YD107,2026-03-21T04:54:37.420118+00:00,True,0.9584792396198099,0.6503832497263091,38.45114193341606,27,,2,913.552777777717,"Lg,Li,Lr,Ly,Lz",False,True,1.4628959920015014,1.9270264507800843,1.4628959920015014,1.4628959920015014,33.414804961270775,4.695133726251299e-09,0.3883565335275022,False,0.31726825510216394,True,False,True,1.9270264507800843,1.2153289779704781,1.9240908735386097,1.9299620280215588,0.005871154482949059,1.1329792055955636,followup_needed,0,,,False,,,,0,False,,no_prior,,No reliable period. Methods disagree at Tier 2 and Tier 3 could not resolve ambiguity. More observations needed.,sparse,5,1,2.0,0.6247222222737037,medium,"mbls,mhaov,clean",,0
2001 YD44,2026-03-21T04:54:38.191640+00:00,True,1.0760380190095047,0.7318842878917657,14.093411450076035,21,,3,408.3119444443728,"Lg,Li,Lr,Lz",True,False,19.36042711202157,19.353003795400802,19.36042711202157,19.36042711202157,122.77925170365008,8.589795541524836e-12,0.3833407914420681,True,0.0003834273168568915,False,,,,,,,,,confirmed,1,19.36042711202157,,False,21.1,19.36042711202157,0.007423316620765847,1,False,,no_prior,,"All 3 methods agree (spread=0.0%), p=8.59e-12, sparse regime. Moderate confidence.",sparse,6,1,3.0,0.6465277778625023,low,mbls,,0
2001 YZ80,2026-03-21T04:54:39.143869+00:00,True,16.993496748374188,0.6839246559909165,34.63616807798835,20,,2,334.6455555555294,"Li,Lr,Ly,Lz",False,True,16.95102208907055,10.894025226184283,16.95102208907055,16.95102208907055,16.488762203104653,2.2948022316615635e-05,0.26496668579661087,False,0.3573234009759953,True,False,True,10.894025226184283,9.443917520491526,10.860009797243007,10.928040655125558,0.06803085788255103,1.212108888477654,followup_needed,0,,,False,,,,0,False,,no_prior,,No reliable period. Methods disagree at Tier 2 and Tier 3 could not resolve ambiguity. More observations needed.,sparse,6,1,2.0,0.7400000000197906,low,mbls,,0
2002 AB30,2026-03-21T04:54:40.779492+00:00,True,3.791645822911456,0.6522215234689047,14.026370024540908,23,,3,915.4588888887665,"Lg,Li,Lr,Lz",False,True,4.651771049600793,5.822127240937682,4.651771049600793,4.651771049600793,19.21906007222941,2.640714684920553e-06,0.40395945670677813,False,0.25159367880693007,True,False,True,5.822127240937682,3.7898709955944923,5.812792583313065,5.831461898562299,0.018669315249232987,15.70909919827708,followup_needed,0,,,False,,,,0,False,,no_prior,,No reliable period. Methods disagree at Tier 2 and Tier 3 could not resolve ambiguity. More observations needed.,sparse,7,1,2.0,0.6316666665952653,low,mbls,,0
2002 AE27,2026-03-21T04:54:45.430089+00:00,True,0.5427449149374004,0.6269934989727138,21.21372953128228,23,,3,533.4605555557064,"Lg,Li,Lr,Ly,Lz",False,True,1.0904088422128382,4.005003293305822,1.0904088422128382,1.0904088422128382,8.656040249741478,0.00044359868964083393,0.1230396312814372,False,2.6729372857757947,True,False,True,4.005003293305822,1.2763983102825864,3.9969664973995234,4.0130400892121205,0.01607359181259671,4.67535142577006,followup_needed,0,,,False,,,,0,False,,no_prior,,No reliable period. Methods disagree at Tier 2 and Tier 3 could not resolve ambiguity. More observations needed.,sparse,4,1,7.0,1.2983333334268536,medium,"mbls,mhaov,clean",,0
2002 AG213,2026-03-21T04:54:54.588687+00:00,True,0.24741449331922624,0.06559893987208446,7.823313795803811,258,,3,216.8116666667629,"Lg,Li,Lr",False,True,0.24740123921800564,5.074285402416548,0.24740123921800564,0.24740123921800564,5.201935619631547,0.00048273605988491397,1.0248541072502992,False,19.51034755701311,True,False,True,5.074285402416548,0.24491895253688853,5.064102889903339,5.084467914929757,0.020365025026419126,2.466198852318738,followup_needed,0,,,False,,,,0,False,,no_prior,,No reliable period. Methods disagree at Tier 2 and Tier 3 could not resolve ambiguity. More observations needed.,dense,6,1,42.5,2.39194444444729,high,"gls,mbls,mhaov,ce,clean",,0
2002 AG71,2026-03-21T04:54:55.611612+00:00,True,3.768134067033517,0.31474599280394416,81.78863523709641,30,,3,533.5255555555341,"Li,Lr,Ly,Lz",False,True,6.425645008232693,16.08931189085707,6.425645008232693,6.425645008232693,19.740053021194125,1.924657510032901e-07,0.8874066923224961,False,1.503921687276771,True,False,True,16.08931189085707,5.2522663545554185,16.057025646260033,16.121598135454104,0.06457248919407022,5.875632292928043,followup_needed,0,,,False,,,,0,False,,no_prior,,No reliable period. Methods disagree at Tier 2 and Tier 3 could not resolve ambiguity. More observations needed.,sparse,3,1,8.0,1.1374999999534339,medium,"mbls,mhaov,clean",,0
2002 AH47,2026-03-21T04:55:03.945141+00:00,True,0.7308054290749089,0.3195328346198371,25.02850677705473,47,,3,365.67694444436347,"Lg,Li,Lr,Lz",True,False,0.8517628129490444,1.8133580448572133,0.8517628129490444,1.8133580448572133,14.840856551404896,1.2261265636137608e-07,0.3729247509781155,True,0.0644735936397534,False,,,,,,,,,confirmed,2,1.8133580448572133,,False,201.7,1.8133580448572133,0.11691370970750169,2,False,,no_prior,,"All 3 methods agree (spread=6.4%), p=1.23e-07, sparse regime. Moderate confidence.",sparse,3,1,4.0,1.280277777754236,medium,"mbls,mhaov,clean",,0
2002 AH82,2026-03-21T04:55:05.853181+00:00,True,1.499249624812406,0.5932011864488367,26.530656061786207,23,,2,551.9477777777938,"Lg,Li,Lr,Ly,Lz",False,True,1.8147508297108432,12.173960762080512,1.8147508297108432,1.8147508297108432,20.07944888015917,1.9300497579033404e-06,0.4563272842627228,False,5.708337344589927,True,False,True,12.173960762080512,14.592466679363394,12.149531409380685,12.198390114780338,0.04885870539965076,1.1185531659663066,followup_needed,0,,,False,,,,0,False,,no_prior,,No reliable period. Methods disagree at Tier 2 and Tier 3 could not resolve ambiguity. More observations needed.,sparse,6,1,3.5,1.7066666666942183,low,mbls,,0
2002 AL115,2026-03-21T04:55:09.795278+00:00,True,0.8579007280338802,0.8375682477869592,33.06181039103288,20,,2,483.9272222222644,"Lg,Li,Lr,Lu,Lz",False,True,2.2894411853039176,13.86740735554198,2.2894411853039176,2.2894411853039176,24.604569720317222,1.932374901758571e-06,0.3355773754689837,False,5.057114480403679,True,False,True,13.86740735554198,1.8407413409600728,13.83957978225327,13.89523492883069,0.055655146577418435,1.1289508376587785,followup_needed,0,,,False,,,,0,False,,no_prior,,No reliable period. Methods disagree at Tier 2 and Tier 3 could not resolve ambiguity. More observations needed.,sparse,5,1,4.0,0.7472222220967524,low,mbls,,0
2002 AM203,2026-03-21T04:55:13.706861+00:00,True,0.21214171810967847,0.1810758471024276,13.603316974454364,38,,3,670.2869444444077,"Li,Lr,Ly,Lz",False,True,8.063475036220995,8.063475036220995,8.063475036220995,8.063475036220995,3.074382264403095,0.02944351439196846,0.1577984769036706,False,0.0,True,False,True,8.063475036220995,6.537078089565115,8.047294149860685,8.079655922581304,0.0323617727206198,1.4437303330926061,followup_needed,0,,,False,,,,0,False,,no_prior,,No reliable period. Methods disagree at Tier 2 and Tier 3 could not resolve ambiguity. More observations needed.,sparse,5,1,3.0,0.6013888888992369,medium,"mbls,mhaov,clean",,0
2002 AN24,2026-03-21T04:55:15.255864+00:00,True,1.0172586293146573,0.17493595789159042,16.459480857858555,28,,3,381.6708333333372,"Lg,Li,Lr,Ly,Lz",False,True,0.20759858770490383,0.25523698372501663,0.20759858770490383,0.20759858770490383,7.8527268488804225,0.0003823921968738597,0.13167584686286843,False,0.22947360358539676,True,False,True,0.25523698372501663,0.1660788701639231,0.2548203979302911,0.25565356951974216,0.0008331715894510927,1.6020416726304814,followup_needed,0,,,False,,,,0,False,,no_prior,,No reliable period. Methods disagree at Tier 2 and Tier 3 could not resolve ambiguity. More observations needed.,sparse,3,1,4.0,1.1686111111775972,medium,"mbls,mhaov,clean",,0
2002 AO44,2026-03-21T04:55:16.943942+00:00,True,2.6865932966483244,0.6624444076184639,17.906395346015476,20,,2,551.0969444444636,"Lg,Li,Lr,Ly,Lz",False,True,8.464535680767,1.1956487057130265,8.464535680767,8.464535680767,14.075949234022787,5.7887716119253696e-05,0.320524476693677,False,0.8587460965601904,True,False,True,1.1956487057130265,0.9613175546936843,1.1786630153837288,1.2126343960423243,0.03397138065859551,1.5525397243975565,followup_needed,0,,,False,,,,0,False,,no_prior,,No reliable period. Methods disagree at Tier 2 and Tier 3 could not resolve ambiguity. More observations needed.,sparse,6,1,2.0,0.6213888889469672,low,mbls,,0
2002 AP47,2026-03-21T04:55:18.743785+00:00,True,22.495247623811906,0.3367316330270861,21.311325464135614,25,,2,381.64861111115897,"Lg,Li,Lr,Lu,Ly,Lz",False,True,1.6091431370175195,2.6330573962780477,1.6091431370175195,1.6091431370175195,8.40423969971295,0.00037914283899775914,0.20458872445570186,False,0.636310242206094,True,False,True,2.6330573962780477,1.659731583465562,2.6277736690614364,2.638341123494659,0.0105674544332226,1.2989419418760946,followup_needed,0,,,False,,,,0,False,,no_prior,,No reliable period. Methods disagree at Tier 2 and Tier 3 could not resolve ambiguity. More observations needed.,sparse,4,1,2.0,0.40972222221898846,low,mbls,,0
2002 AQ163,2026-03-21T04:55:18.788338+00:00,False,,0.0,14.62322732624103,19,n_obs=19 < min_obs=20,2,75.31611111096572,"Lg,Li,Lr,Ly,Lz",,,,,,,,,,,,False,,,,,,,,,t1_rejected,0,,,False,,,,0,False,,no_prior,,Tier 1 failed: n_obs=19 < min_obs=20,sparse,4,1,4.0,2.7009722222574055,low,mbls,,0
2002 AS173,2026-03-21T04:55:23.216218+00:00,True,0.48601030060095485,0.3633038319446546,17.961938844392133,49,,3,365.67694444436347,"Lg,Li,Lr,Lz",False,True,22.817126226121083,1.3767960634011938,22.817126226121083,22.817126226121083,8.773381906498624,2.6836372531646724e-05,0.22811662332378008,False,0.9396595325038798,True,False,True,1.3767960634011938,1.101436850720955,1.3479684763488424,1.405623650453545,0.05765517410470267,1.648708107705776,followup_needed,0,,,False,,,,0,False,,no_prior,,No reliable period. Methods disagree at Tier 2 and Tier 3 could not resolve ambiguity. More observations needed.,sparse,3,1,2.0,0.6702777778264135,medium,"mbls,mhaov,clean",,0
2002 AT105,2026-03-21T04:55:24.388067+00:00,True,2.604302151075538,0.6665943644354626,31.045318644709145,23,,1,313.6424999999581,"Lg,Li,Lr,Ly,Lz",False,True,1.1793542982804102,3.0682000552036954,1.1793542982804102,1.1793542982804102,20.075840988827025,1.9325453779472923e-06,0.33528944136285876,False,1.6015931426847443,True,False,True,3.0682000552036954,0.9608384851542071,3.062043132015996,3.074356978391395,0.012313846375398896,1.1654588893276565,followup_needed,0,,,False,,,,0,False,,no_prior,,No reliable period. Methods disagree at Tier 2 and Tier 3 could not resolve ambiguity. More observations needed.,sparse,7,1,2.0,0.5797222222317941,low,mbls,,0
2002 AT16,2026-03-21T04:55:33.368348+00:00,True,0.12469956822408536,0.2703254039790533,9.32450805011876,34,,3,533.4386111111962,"Li,Lr,Ly,Lz",False,False,0.0573807030817082,0.21825147596519243,0.0573807030817082,0.0573807030817082,4.436286548192446,0.006409136875399124,0.10256958855130635,False,2.8035692182371146,False,,,,,,,,,t2_rejected,0,,,False,,,,0,False,,no_prior,,No reliable period. Methods disagree at Tier 2 and Tier 3 could not resolve ambiguity. More observations needed.,sparse,3,1,2.0,0.532777777814772,medium,"mbls,mhaov,clean",,0
2002 AT46,2026-03-21T04:55:34.284759+00:00,True,5.178839419709855,0.4573584971234499,57.7374207828647,20,,2,383.97611111111473,"Lg,Li,Lr,Lz",False,True,19.597554737688952,6.598208490707508,19.597554737688952,19.597554737688952,32.71309620729436,3.016045023729319e-07,0.3839538482060503,False,0.6633147053790923,True,False,True,6.598208490707508,5.340356035957248,6.5588822939094715,6.6375346875055445,0.07865239359607301,1.2603358008928913,followup_needed,0,,,False,,,,0,False,,no_prior,,No reliable period. Methods disagree at Tier 2 and Tier 3 could not resolve ambiguity. More observations needed.,sparse,3,1,5.0,0.49027777783339843,low,mbls,,0
2002 AU156,2026-03-21T04:55:35.767625+00:00,True,19.556278139069537,0.4383495269813156,10.567899805522792,20,,2,407.4375,"Lg,Li,Lr,Ly,Lz",False,True,1.3935508822044476,1.3153587670194642,1.3935508822044476,1.3935508822044476,7.422533147177313,0.0016633814778190814,0.12470121770516897,False,0.056109982192566764,True,False,True,1.3153587670194642,1.672261058645337,1.3137623623429053,1.316955171696023,0.0031928093531177204,1.8336066978448948,followup_needed,0,,,False,,,,0,False,,no_prior,,No reliable period. Methods disagree at Tier 2 and Tier 3 could not resolve ambiguity. More observations needed.,sparse,6,1,2.5,0.9965277776937,low,mbls,,0
2002 AU158,2026-03-21T04:55:37.064844+00:00,True,2.0870435217608803,0.7491162724103544,12.365971690838123,21,,3,527.8694444444845,"Lg,Li,Lr,Lz",True,False,2.9902193251895355,2.9726084444897785,2.9902193251895355,2.9902193251895355,24.507199651197407,1.1836698651235267e-06,0.24855603098584625,True,0.005889494643886989,False,,,,,,,,,confirmed,1,2.9902193251895355,,False,176.5,2.9902193251895355,0.017610880699751138,1,False,,no_prior,,"All 3 methods agree (spread=0.6%), p=1.18e-06, sparse regime. Moderate confidence.",sparse,6,1,3.5,1.06388888892252,low,mbls,,0
2002 AV162,2026-03-21T04:55:37.940657+00:00,True,10.692346173086543,0.66559831602511,13.052930111947852,24,,3,915.2055555555853,"Lg,Li,Lr,Lz",True,False,8.531848672581024,16.78226177406657,8.531848672581024,16.78226177406657,13.165904995567896,2.6600766810047638e-05,0.522117204477914,True,0.016493235047634947,False,,,,,,,,,confirmed,1,16.78226177406657,,False,54.5,16.78226177406657,0.276793788070619,1,False,,no_prior,,"All 3 methods agree (spread=1.6%), p=2.66e-05, sparse regime. Moderate confidence.",sparse,6,1,3.0,0.7701388888817746,low,mbls,,0
2002 AY184,2026-03-21T04:55:38.918807+00:00,True,0.8056528264132066,0.6109818672817927,22.754675426802038,20,,2,551.6316666668281,"Lg,Li,Lr,Ly,Lz",False,True,7.9709490040118425,12.760839406031792,7.9709490040118425,7.9709490040118425,36.73996683244364,1.3884271421460426e-07,0.37090120945687327,False,0.6009184602245677,True,False,True,12.760839406031792,6.579365264849908,12.735232370434405,12.78644644162918,0.05121407119477439,1.2324946793863365,followup_needed,0,,,False,,,,0,False,,no_prior,,No reliable period. Methods disagree at Tier 2 and Tier 3 could not resolve ambiguity. More observations needed.,sparse,6,1,2.5,1.1441666666069068,low,mbls,,0
2002 CA21,2026-03-21T04:55:40.214294+00:00,True,6.7893946973486745,0.5102382603517743,13.683578389152794,69,,3,263.8147222222178,"Lg,Li,Lr",False,True,3.8009323726551507,9.96742227399128,3.8009323726551507,3.8009323726551507,17.046813040139572,1.4551246874106027e-09,0.27503992562197116,False,1.6223624355165494,True,False,True,9.96742227399128,3.391601194061519,9.947420757722405,9.987423790260156,0.0400030325377525,5.604269589171406,followup_needed,0,,,False,,,,0,False,,no_prior,,No reliable period. Methods disagree at Tier 2 and Tier 3 could not resolve ambiguity. More observations needed.,dense,4,1,20.0,0.5483333333395422,high,"gls,mbls,mhaov,ce,clean",,0
2002 CA55,2026-03-21T04:55:41.636448+00:00,True,5.449224612306153,0.6896408482507875,16.649440854973808,23,,2,747.3099999999977,"Lg,Li,Lr,Ly,Lz",False,True,1.4533574215632028,8.152844993807431,1.4533574215632028,1.4533574215632028,15.832941159891778,1.0201016234057114e-05,0.32299915258649187,False,4.609662752493313,True,False,True,8.152844993807431,1.1724073915753996,8.136484769739592,8.16920521787527,0.03272044813567909,3.049206654623435,followup_needed,0,,,False,,,,0,False,,no_prior,,No reliable period. Methods disagree at Tier 2 and Tier 3 could not resolve ambiguity. More observations needed.,sparse,7,1,3.0,0.8019444445380941,low,mbls,,0
2002 CA72,2026-03-21T04:55:51.137328+00:00,True,0.06489541143878934,0.2930940240655055,18.085280764262574,31,,4,913.552777777717,"Lg,Li,Lr,Ly,Lz",True,False,0.0648947645635087,0.0648947645635087,0.0648947645635087,0.0648947645635087,11.04816183579618,2.269480747685293e-05,0.1700016391840682,True,0.0,False,,,,,,,,,confirmed,2,0.0648947645635087,,False,14077.4,0.0648947645635087,0.0,2,False,,no_prior,,"All 3 methods agree (spread=0.0%), p=2.27e-05, sparse regime. Moderate confidence.",sparse,4,1,5.0,0.9398611111391801,medium,"mbls,mhaov,clean",,0
2002 CA77,2026-03-21T04:55:51.934477+00:00,True,8.682091045522762,0.8319891882400898,48.23327081326675,20,,2,504.7297222223715,"Lg,Li,Lr,Lz",True,False,15.35088134263864,15.521587631928668,15.35088134263864,15.35088134263864,36.45425331383772,1.4632347333787266e-07,0.40274781129077736,True,0.011120292410564222,False,,,,,,,,,confirmed,1,15.35088134263864,,False,32.9,15.35088134263864,0.17070628929001638,1,False,,no_prior,,"All 3 methods agree (spread=1.1%), p=1.46e-07, sparse regime. Moderate confidence.",sparse,6,1,3.0,0.6033333333616611,low,mbls,,0
2002 CE109,2026-03-21T04:55:51.991889+00:00,False,,0.0,74.30868336240356,19,n_obs=19 < min_obs=20,1,145.36999999999534,"Lg,Li,Lr,Lu,Ly,Lz",,,,,,,,,,,,False,,,,,,,,,t1_rejected,0,,,False,,,,0,False,,no_prior,,Tier 1 failed: n_obs=19 < min_obs=20,sparse,3,1,5.0,1.9694444445194677,low,mbls,,0
2002 CE219,2026-03-21T04:55:56.830208+00:00,True,0.08199871682131735,0.2563908270278732,21.055910246665448,49,,3,381.79222222213866,"Lg,Li,Lr,Ly,Lz",False,False,1.579280731864193,4.277581126631672,1.579280731864193,1.579280731864193,5.456294892810175,0.00117521605710047,0.21898146656532066,False,1.7085628541675926,False,,,,,,,,,t2_rejected,0,,,False,,,,0,False,,no_prior,,No reliable period. Methods disagree at Tier 2 and Tier 3 could not resolve ambiguity. More observations needed.,sparse,4,1,4.0,0.9801388889027294,medium,"mbls,mhaov,clean",,0
2002 CE240,2026-03-21T04:55:57.647170+00:00,True,23.964732366183092,0.846103315135461,41.638819304348445,20,,1,401.2411111111287,"Lg,Li,Lr,Ly,Lz",True,False,17.115330673005726,16.75935767149997,17.115330673005726,17.115330673005726,105.50594980857039,8.569578380246412e-11,0.40389654725217994,True,0.020798488110263354,False,,,,,,,,,confirmed,1,17.115330673005726,,False,23.4,17.115330673005726,0.3559730015057353,1,False,,no_prior,,"All 3 methods agree (spread=2.1%), p=8.57e-11, sparse regime. Moderate confidence.",sparse,5,1,3.0,0.9372222223319113,low,mbls,,0
2002 CE315,2026-03-21T04:56:04.758099+00:00,True,0.30468067118096126,0.6695437033175642,5.954408095125264,20,,2,242.08722222206416,"Lg,Li,Lr,Ly,Lz",True,False,0.3010331597298442,0.601541584741962,0.3010331597298442,0.601541584741962,18.110815300002194,1.3058099082030594e-05,0.1286152148547057,True,0.0008715563398338667,False,,,,,,,,,confirmed,1,0.601541584741962,,False,402.4,0.601541584741962,0.0005242773818555681,1,False,,no_prior,,"All 3 methods agree (spread=0.1%), p=1.31e-05, sparse regime. Moderate confidence.",sparse,5,1,4.0,1.0711111110867932,low,mbls,,0
2002 CG18,2026-03-21T04:56:05.701292+00:00,True,2.028264132066033,0.8444782546213488,24.05053240497838,21,,2,552.1355555556365,"Lg,Li,Lr,Ly,Lz",False,True,4.858684740002546,21.345702402718533,4.858684740002546,4.858684740002546,39.90986142731063,3.922416635937509e-08,0.5892380439219703,False,3.3933087954794856,True,False,True,21.345702402718533,3.9454470062629365,21.310969435772925,21.38043536966414,0.06946593389121247,1.5470808200600579,followup_needed,0,,,False,,,,0,False,,no_prior,,No reliable period. Methods disagree at Tier 2 and Tier 3 could not resolve ambiguity. More observations needed.,sparse,5,1,4.0,1.4244444444193505,low,mbls,,0
2002 CH47,2026-03-21T04:56:05.756115+00:00,False,,0.0,23.329604419427426,19,n_obs=19 < min_obs=20,2,747.2877777778194,"Lg,Li,Lr,Lz",,,,,,,,,,,,False,,,,,,,,,t1_rejected,0,,,False,,,,0,False,,no_prior,,Tier 1 failed: n_obs=19 < min_obs=20,sparse,4,1,5.0,1.2072222222341225,low,mbls,,0
2002 CJ112,2026-03-21T04:56:06.795760+00:00,True,1.0172586293146573,0.7129464951673857,11.453633507687373,21,,2,550.1924999998882,"Lg,Li,Lr,Lz",False,True,4.2902748890283755,5.221812390022954,4.2902748890283755,4.2902748890283755,13.258670547244002,5.949434609131554e-05,0.1809674094214605,False,0.21712769579790916,True,True,False,5.221812390022954,5.2183195389259485,5.2132031427540015,5.230421637291907,0.017218494537905915,3.5861739862001696,tentative,1,5.221812390022954,0.008609247268952958,False,105.4,5.221812390022954,0.008609247268952958,1,False,,no_prior,,"Tier 3 tentative: CI=0.017hr, CLEAN ratio=3.6. Both criteria met. Moderate confidence.",sparse,6,1,2.0,0.6284722222771961,low,mbls,,0
2002 CJ186,2026-03-21T04:56:08.394645+00:00,True,0.9467233616808404,0.21611929985550285,35.1351302104596,29,,2,163.51638888887828,"Lg,Li,Lr,Ly,Lz",False,True,3.792428558393902,7.584857116787804,3.792428558393902,7.584857116787804,3.201543393367339,0.030578498708789814,0.21432429428380356,False,0.0,True,False,True,7.584857116787804,3.084677676927749,7.5696366677240166,7.600077565851591,0.030440898127574556,1.7479416613782368,followup_needed,0,,,False,,,,0,False,,no_prior,,No reliable period. Methods disagree at Tier 2 and Tier 3 could not resolve ambiguity. More observations needed.,sparse,3,1,4.0,0.685555555508472,low,mbls,,0
2002 CJ99,2026-03-21T04:56:10.200836+00:00,True,1.0995497748874437,0.5072846782741686,223.3330985551747,21,,2,507.47777777770534,"Lg,Li,Lr,Lu,Lz",False,True,3.5296192132821007,4.793475794654422,3.5296192132821007,3.5296192132821007,18.775166668060788,6.87563734380614e-06,0.5359994365324192,False,0.358071651643333,True,False,True,4.793475794654422,2.8756362553696313,4.786392946734792,4.800558642574052,0.014165695839259751,3.6482620042668734,followup_needed,0,,,False,,,,0,False,,no_prior,,No reliable period. Methods disagree at Tier 2 and Tier 3 could not resolve ambiguity. More observations needed.,sparse,6,1,4.0,2.8561111110902857,low,mbls,,0
2002 CM254,2026-03-21T04:56:11.545933+00:00,True,12.996498249124564,0.2629185308717051,19.182959748692674,22,,1,533.4608333333745,"Lg,Li,Lr,Ly,Lz",False,False,0.8827329185282727,2.128439657383386,0.8827329185282727,0.8827329185282727,3.1007412460207324,0.04353923151891126,0.0997513906932019,False,1.4111932530290066,False,,,,,,,,,t2_rejected,0,,,False,,,,0,False,,no_prior,,No reliable period. Methods disagree at Tier 2 and Tier 3 could not resolve ambiguity. More observations needed.,sparse,4,1,2.0,0.7463888889178634,low,mbls,,0
2002 CN310,2026-03-21T04:56:12.695874+00:00,True,1.7696348174087044,0.17435883512689704,29.642821335435457,20,,3,332.90555555548053,"Lg,Lr,Ly",False,False,0.41538242399109293,1.2292440757195697,0.41538242399109293,0.41538242399109293,3.715357255902925,0.027067907157679927,0.4149994986960964,False,1.9593069054456893,False,,,,,,,,,t2_rejected,0,,,False,,,,0,False,,no_prior,,No reliable period. Methods disagree at Tier 2 and Tier 3 could not resolve ambiguity. More observations needed.,sparse,3,1,3.0,0.2272222222527489,low,mbls,,0
2002 CN84,2026-03-21T04:56:19.703194+00:00,True,0.4169028034864172,0.3833445643978147,8.630986910566099,33,,2,167.83333333331393,"Lg,Li,Lr,Lz",False,True,0.4168929215952726,0.5998932841054371,0.4168929215952726,0.4168929215952726,7.259435100561095,0.0003836095671067019,0.05955380968290608,False,0.4389625081890589,True,False,True,0.5998932841054371,0.33518748612542987,0.5990567096808311,0.600729858530043,0.0016731488492118252,2.970953958465777,followup_needed,0,,,False,,,,0,False,,no_prior,,No reliable period. Methods disagree at Tier 2 and Tier 3 could not resolve ambiguity. More observations needed.,sparse,3,1,5.0,0.7016666667186655,medium,"mbls,mhaov,clean",,0
2002 CO184,2026-03-21T04:56:21.801529+00:00,True,2.32216108054027,0.17677913898093783,13.536489248090046,26,,1,381.6708333333372,"Lg,Li,Lr,Ly,Lz",False,False,0.5083120695239481,0.8545614381137312,0.5083120695239481,0.5083120695239481,3.937656078724642,0.015430988931217415,0.11099921183433839,False,0.6811747927082991,False,,,,,,,,,t2_rejected,0,,,False,,,,0,False,,no_prior,,No reliable period. Methods disagree at Tier 2 and Tier 3 could not resolve ambiguity. More observations needed.,sparse,3,1,8.0,1.2680555556435138,medium,"mbls,mhaov,clean",,0
2002 CO216,2026-03-21T04:56:25.941862+00:00,True,0.7385954990306415,0.6909312691416171,16.62774380358407,22,,2,552.1130555556156,"Lg,Li,Lr,Ly,Lz",False,True,2.9896220362263555,0.9076737371471386,2.9896220362263555,2.9896220362263555,18.95134327725661,4.309507755539954e-06,0.4323213388931859,False,0.6963918093494038,True,False,True,0.9076737371471386,0.7856386728216705,0.9016744956028722,0.9136729786914051,0.011998483088532907,1.56807588718028,followup_needed,0,,,False,,,,0,False,,no_prior,,No reliable period. Methods disagree at Tier 2 and Tier 3 could not resolve ambiguity. More observations needed.,sparse,5,1,2.0,1.4244444444193505,low,mbls,,0
2002 CO239,2026-03-21T04:56:27.312005+00:00,True,15.241870935467734,0.5082750187528459,88.08878321722003,34,,4,913.552777777717,"Lg,Li,Lr,Ly,Lz",True,False,2.267236349766332,4.49358943129522,2.267236349766332,4.49358943129522,20.288046478796442,4.606897341385974e-08,0.6122170433596792,True,0.009016101969617845,False,,,,,,,,,confirmed,2,4.49358943129522,,False,203.3,4.49358943129522,0.040514660522154765,2,False,,no_prior,,"All 3 methods agree (spread=0.9%), p=4.61e-08, sparse regime. Moderate confidence.",sparse,6,1,2.0,0.6475000000500586,medium,"mbls,mhaov,clean",,0
2002 CO54,2026-03-21T04:56:32.045015+00:00,True,0.4893857916838327,0.6841638715419108,35.188514916587955,50,,3,381.79222222213866,"Lg,Li,Lr,Ly,Lz",False,True,0.9328638340366612,4.5593829426319195,0.9328638340366612,0.9328638340366612,39.29256012092431,3.852473895449293e-14,0.25687615889109205,False,3.8875117420929515,True,False,True,4.5593829426319195,0.746291067229329,4.55023367920189,4.568532206061949,0.018298526860059283,2.7636242339582644,followup_needed,0,,,False,,,,0,False,,no_prior,,No reliable period. Methods disagree at Tier 2 and Tier 3 could not resolve ambiguity. More observations needed.,sparse,4,1,3.0,0.8593055555247702,medium,"mbls,mhaov,clean",,0
2002 CO79,2026-03-21T04:56:32.100258+00:00,False,,0.0,18.563400233769222,17,n_obs=17 < min_obs=20,2,264.8411111111054,"Lg,Li,Lr,Lz",,,,,,,,,,,,False,,,,,,,,,t1_rejected,0,,,False,,,,0,False,,no_prior,,Tier 1 failed: n_obs=17 < min_obs=20,sparse,5,1,4.0,1.238888888969086,low,mbls,,0
2002 CP172,2026-03-21T04:56:32.158394+00:00,False,,0.0,16.52518851546598,19,n_obs=19 < min_obs=20,2,69.7338888887898,"Lg,Li,Lr,Lz",,,,,,,,,,,,False,,,,,,,,,t1_rejected,0,,,False,,,,0,False,,no_prior,,Tier 1 failed: n_obs=19 < min_obs=20,sparse,3,1,3.0,0.33194444433320314,low,mbls,,0
2002 CP319,2026-03-21T04:56:32.208882+00:00,False,,0.0,5.240347999723875,18,n_obs=18 < min_obs=20,2,387.5616666666465,"Lg,Li,Lr,Lz",,,,,,,,,,,,False,,,,,,,,,t1_rejected,0,,,False,,,,0,False,,no_prior,,Tier 1 failed: n_obs=18 < min_obs=20,sparse,3,1,8.0,2.4344444444286637,low,mbls,,0
2002 CP68,2026-03-21T04:56:33.696092+00:00,True,1.0055027513756878,0.6881477804393596,54.14257507933775,20,,2,915.3469444443472,"Lg,Li,Lr,Lu,Lz",False,True,7.743546602410909,42.77804173844174,7.743546602410909,7.743546602410909,14.486718813986714,4.904616415635221e-05,0.49269743322197357,False,4.524347425650996,True,False,True,42.77804173844174,6.2051965415975046,42.72675862778579,42.829324849097695,0.1025662213119034,4.216068781981497,followup_needed,0,,,False,,,,0,False,,no_prior,,No reliable period. Methods disagree at Tier 2 and Tier 3 could not resolve ambiguity. More observations needed.,sparse,7,1,2.0,0.6319444444379769,low,mbls,,0
2002 CS71,2026-03-21T04:56:35.069953+00:00,True,13.008254127063532,0.8733933020309288,45.32319432721603,30,,4,533.764166666544,"Lg,Li,Lr,Lu,Ly,Lz",False,True,14.046668716152006,5.794331143564446,14.046668716152006,14.046668716152006,115.8989877294691,8.881784197001252e-16,0.3399239574541202,False,0.5874942834736154,True,False,True,5.794331143564446,12.346035246169723,5.76614384848187,5.822518438647022,0.05637459016515223,1.1753385837454935,followup_needed,0,,,False,,,,0,False,,no_prior,,No reliable period. Methods disagree at Tier 2 and Tier 3 could not resolve ambiguity. More observations needed.,sparse,5,1,2.0,1.023333333316259,medium,"mbls,mhaov,clean",,0
2002 CU51,2026-03-21T04:56:36.457978+00:00,True,3.8856928464232117,0.4000675286784272,8.23974522832615,20,,2,478.01194444455905,"Lg,Li,Lr,Lz",False,True,0.7010808191944453,1.6299804484064762,0.7010808191944453,0.7010808191944453,8.279432320508773,0.0009842753453604969,0.21917722307347556,False,1.3249537054487222,True,False,True,1.6299804484064762,1.9428930829835054,1.62670958463041,1.6332513121825423,0.006541727552132226,1.4572370500353682,followup_needed,0,,,False,,,,0,False,,no_prior,,No reliable period. Methods disagree at Tier 2 and Tier 3 could not resolve ambiguity. More observations needed.,sparse,7,1,3.0,0.9852777777705342,low,mbls,,0
2002 CW27,2026-03-21T04:56:37.523128+00:00,True,1.0642821410705352,0.7085335833953573,5.403329906033098,20,,2,478.78194444434484,"Li,Lr,Lz",False,True,1.1148278735780448,1.42387813862088,1.1148278735780448,1.1148278735780448,14.335665013753205,5.210650533882255e-05,0.2131613647930057,False,0.27721792069179246,True,False,True,1.42387813862088,1.0186320236171298,1.4216410258310912,1.426115251410669,0.004474225579577551,5.05861453253938,followup_needed,0,,,False,,,,0,False,,no_prior,,No reliable period. Methods disagree at Tier 2 and Tier 3 could not resolve ambiguity. More observations needed.,sparse,5,1,3.0,0.6688888887874782,low,mbls,,0
2002 EC84,2026-03-21T04:56:38.341806+00:00,True,1.7696348174087044,0.6312167965168375,70.04882172964754,21,,2,51.21666666667443,"Lg,Li,Lr,Ly,Lz",True,False,1.9208599172877536,1.9130165282708043,1.9208599172877536,1.9208599172877536,29.26195336118,3.515949916765848e-07,0.4763319877616033,True,0.004083269657695869,False,,,,,,,,,confirmed,1,1.9208599172877536,,False,26.7,1.9208599172877536,0.007843389016945281,1,False,,no_prior,,"All 3 methods agree (spread=0.4%), p=3.52e-07, sparse regime. Moderate confidence.",sparse,3,1,4.0,1.8636111112427898,low,mbls,,0
2002 ED34,2026-03-21T04:56:39.496711+00:00,True,1.5110055027513758,0.7308788265505374,10.983200411547527,20,,3,240.57527777779615,"Li,Lr,Ly,Lz",False,True,1.4210646990161748,1.8871935967983993,1.4210646990161748,1.4210646990161748,43.870515531737226,4.167945000244089e-08,0.3256518922023842,False,0.32801384631157515,True,False,True,1.8871935967983993,2.1535466730020527,1.8843419619508752,1.8900452316459233,0.0057032696950480855,1.581935755992281,followup_needed,0,,,False,,,,0,False,,no_prior,,No reliable period. Methods disagree at Tier 2 and Tier 3 could not resolve ambiguity. More observations needed.,sparse,6,1,3.0,0.8279166666325182,low,mbls,,0
2002 EJ33,2026-03-21T04:56:40.332599+00:00,True,2.474987493746873,0.8690817134319757,39.10832008431673,20,,2,265.4644444443402,"Li,Lr,Lz",True,False,4.491371852752609,4.491371852752609,4.491371852752609,4.491371852752609,114.61252045676757,4.712308321330738e-11,0.39303861684738317,True,0.0,False,,,,,,,,,confirmed,1,4.491371852752609,,False,59.1,4.491371852752609,0.0,1,False,,no_prior,,"All 3 methods agree (spread=0.0%), p=4.71e-11, sparse regime. Moderate confidence.",sparse,5,1,4.0,1.0013888888061047,low,mbls,,0
2002 ES99,2026-03-21T04:56:41.283477+00:00,True,14.172086043021512,0.3204746607950079,13.317159493258726,29,,3,43.299166666693054,"Lg,Li,Lr",False,True,2.0778276767593535,4.140981878068077,2.0778276767593535,4.140981878068077,4.671952205533788,0.006237359889157079,0.05193692202370903,False,0.0035309654440429405,True,False,True,4.140981878068077,2.4572570786023658,4.132672215436504,4.14929154069965,0.016619325263146578,1.3426565011827516,followup_needed,0,,,False,,,,0,False,,no_prior,,No reliable period. Methods disagree at Tier 2 and Tier 3 could not resolve ambiguity. More observations needed.,sparse,3,1,9.0,0.41222222219221294,medium,"mbls,mhaov,clean",,0
2002 EV62,2026-03-21T04:56:41.350357+00:00,False,,0.0,35.74109172333932,19,n_obs=19 < min_obs=20,3,652.3288888888783,"Lg,Li,Lr,Lz",,,,,,,,,,,,False,,,,,,,,,t1_rejected,0,,,False,,,,0,False,,no_prior,,Tier 1 failed: n_obs=19 < min_obs=20,sparse,5,1,4.0,0.9063888887758367,low,mbls,,0
2002 EW130,2026-03-21T04:56:42.580459+00:00,True,2.32216108054027,0.679398043217017,133.5142080834676,20,,2,915.4588888887665,"Lg,Li,Lr,Lz",False,True,4.208510572780991,11.438141420768535,4.208510572780991,4.208510572780991,18.33086948796757,1.2134659394535952e-05,1.0414108230510473,False,1.717859732786289,True,False,True,11.438141420768535,3.5863829228916275,11.415188628619836,11.461094212917233,0.04590558429739744,1.2714685564181913,followup_needed,0,,,False,,,,0,False,,no_prior,,No reliable period. Methods disagree at Tier 2 and Tier 3 could not resolve ambiguity. More observations needed.,sparse,7,1,2.0,0.8013888890272938,low,mbls,,0
2002 EX123,2026-03-21T04:56:43.384578+00:00,True,2.1693346673336666,0.8147064485231963,14.040403930803823,20,,2,242.01305555569706,"Lg,Li,Lr,Ly,Lz",True,False,11.946559892150145,22.61823409203768,11.946559892150145,22.61823409203768,34.87030488356239,1.9707699794313527e-07,0.2295606042686425,True,0.05335785798471814,False,,,,,,,,,confirmed,1,22.61823409203768,,False,10.7,22.61823409203768,1.2068605225480569,1,False,,no_prior,,"All 3 methods agree (spread=5.3%), p=1.97e-07, sparse regime. Moderate confidence.",sparse,6,1,3.0,0.719861111138016,low,mbls,,0
2002 EZ73,2026-03-21T04:56:43.439820+00:00,False,,0.0,31.642059666990242,19,n_obs=19 < min_obs=20,2,334.6455555555294,"Li,Lr,Ly,Lz",,,,,,,,,,,,False,,,,,,,,,t1_rejected,0,,,False,,,,0,False,,no_prior,,Tier 1 failed: n_obs=19 < min_obs=20,sparse,6,1,3.5,0.7408333333733026,low,mbls,,0
2002 FQ12,2026-03-21T04:56:50.866842+00:00,True,0.10363521423760033,0.4303733164879724,13.93825546566398,26,,2,163.56166666658828,"Lg,Lr,Ly,Lz",True,False,0.1394247937602232,0.2788495875204464,0.1394247937602232,0.2788495875204464,7.423684384219045,0.0006847387353721146,0.07317584119473589,True,0.0,False,,,,,,,,,confirmed,1,0.2788495875204464,,False,586.6,0.2788495875204464,0.0,1,False,,no_prior,,"All 3 methods agree (spread=0.0%), p=6.85e-04, sparse regime. Moderate confidence.",sparse,4,1,2.0,0.6701388889050577,low,mbls,,0
2002 GB23,2026-03-21T04:56:51.876559+00:00,True,1.8754377188594298,0.7590823594783858,37.81800257600508,23,,2,551.5750000000116,"Lg,Li,Lr,Ly,Lz",False,True,3.478463389747558,20.189236498876312,3.478463389747558,3.478463389747558,25.545964798941085,3.280628271262742e-07,0.4954158337456665,False,4.8040675541899835,True,False,True,20.189236498876312,2.9875230718634547,20.149862197199568,20.228610800553056,0.07874860335349254,1.864118126169382,followup_needed,0,,,False,,,,0,False,,no_prior,,No reliable period. Methods disagree at Tier 2 and Tier 3 could not resolve ambiguity. More observations needed.,sparse,5,1,4.0,0.7766666667885147,low,mbls,,0
2002 GC180,2026-03-21T04:57:01.343390+00:00,True,0.07328066438356132,0.3609381168706654,18.709752132407175,28,,3,889.6438888888224,"Lg,Li,Lr,Ly,Lz",False,True,0.15928591940081466,0.31117422383134585,0.15928591940081466,0.31117422383134585,5.890464204632802,0.0020477029373439093,0.232000926441849,False,0.0232211830087927,True,False,True,0.31117422383134585,0.37091134907522294,0.3105497939507479,0.3117986537119438,0.0012488597611959862,1.052967034502778,followup_needed,0,,,False,,,,0,False,,no_prior,,No reliable period. Methods disagree at Tier 2 and Tier 3 could not resolve ambiguity. More observations needed.,sparse,4,1,5.0,1.1302777777891606,medium,"mbls,mhaov,clean",,0
2002 GG170,2026-03-21T04:57:02.783175+00:00,True,1.2641320660330164,0.848786423312006,32.4281054453034,20,,2,534.2591666666558,"Lg,Li,Lr,Lz",False,True,3.119973100689612,2.538863724899079,3.119973100689612,3.119973100689612,79.53652677685366,6.497360427459853e-10,0.28861013846320027,False,0.18625461086888964,True,False,True,2.538863724899079,2.0752451316566387,2.5337690150832284,2.5439584347149298,0.01018941963170139,1.4931681077075964,followup_needed,0,,,False,,,,0,False,,no_prior,,No reliable period. Methods disagree at Tier 2 and Tier 3 could not resolve ambiguity. More observations needed.,sparse,4,1,4.5,0.6052777778240852,low,mbls,,0
2002 GQ181,2026-03-21T04:57:03.730866+00:00,True,1.3346673336668333,0.36347222935231654,3.937951679155225,22,,2,266.02083333337214,"Lg,Li,Lr,Lz",False,False,4.709258526003254,6.669798123736926,4.709258526003254,4.709258526003254,7.31408150520399,0.0012865198839592251,0.214421468930002,False,0.4163159841210003,False,,,,,,,,,t2_rejected,0,,,False,,,,0,False,,no_prior,,No reliable period. Methods disagree at Tier 2 and Tier 3 could not resolve ambiguity. More observations needed.,sparse,6,1,2.0,0.8390277778962627,low,mbls,,0
2002 GR113,2026-03-21T04:57:12.468578+00:00,True,0.07900528367966897,0.44869314770674384,13.223185601554148,20,,2,365.1052777778241,"Lg,Li,Lr,Ly",False,True,0.0782856991294725,0.156571398258945,0.0782856991294725,0.156571398258945,6.117500296052434,0.003987575351310557,0.10710780337258859,False,0.0,True,False,True,0.156571398258945,0.0765576535968487,0.15625720816210437,0.15688558835578564,0.0006283801936813049,1.1223676301422778,followup_needed,0,,,False,,,,0,False,,no_prior,,No reliable period. Methods disagree at Tier 2 and Tier 3 could not resolve ambiguity. More observations needed.,sparse,4,1,3.5,0.6711111111799255,low,mbls,,0
2002 GR35,2026-03-21T04:57:13.417673+00:00,True,1.6050525262631317,0.7127885638929983,12.673683892331308,20,,2,672.5697222221643,"Lg,Li,Lr,Lz",False,True,4.578477560165985,14.83166549672686,4.578477560165985,4.578477560165985,27.05406635571379,1.0489204826935605e-06,0.19390736355266902,False,2.2394317328895945,True,False,True,14.83166549672686,5.494173072199182,14.801902957268549,14.86142803618517,0.05952507891662151,1.3130369730742573,followup_needed,0,,,False,,,,0,False,,no_prior,,No reliable period. Methods disagree at Tier 2 and Tier 3 could not resolve ambiguity. More observations needed.,sparse,6,1,3.0,0.6473611111287028,low,mbls,,0
2002 GS40,2026-03-21T04:57:14.169900+00:00,True,13.454977488744372,0.5457957855410359,9.097542373439435,20,,3,242.01305555569706,"Lg,Li,Lr,Lz",False,False,13.693131410653642,20.405077163456685,13.693131410653642,13.693131410653642,5.044620802374927,0.008872534133146703,0.27974942798326263,False,0.4901687971518677,False,,,,,,,,,t2_rejected,0,,,False,,,,0,False,,no_prior,,No reliable period. Methods disagree at Tier 2 and Tier 3 could not resolve ambiguity. More observations needed.,sparse,5,1,4.0,0.9644444444566034,low,mbls,,0
2002 GU5,2026-03-21T04:57:15.344454+00:00,True,1.4287143571785892,0.6680812742832679,33.804720133257604,21,,3,263.5880555556505,"Lg,Li,Lr",False,True,4.859370746847564,2.239318976227042,4.859370746847564,4.859370746847564,21.367372679142388,2.957568991157622e-06,0.2636768170394093,False,0.5391751128105832,True,False,True,2.239318976227042,1.8603573033270808,2.2295677305811954,2.249070221872888,0.01950249129169279,2.5638555720113207,followup_needed,0,,,False,,,,0,False,,no_prior,,No reliable period. Methods disagree at Tier 2 and Tier 3 could not resolve ambiguity. More observations needed.,sparse,3,1,9.0,0.40305555547820404,low,mbls,,0
2002 GU86,2026-03-21T04:57:16.371135+00:00,True,14.513006503251626,0.733078286748414,127.55041639139739,22,,2,747.4877777777729,"Lg,Li,Lr,Lu,Lz",False,True,5.818406702517647,13.98512927687585,5.818406702517647,5.818406702517647,21.31287792689249,1.924867015445919e-06,0.733414894250535,False,1.4036011904810688,True,False,True,13.98512927687585,5.222944344333567,13.957065472306871,14.01319308144483,0.056127609137959666,1.1294058174692396,followup_needed,0,,,False,,,,0,False,,no_prior,,No reliable period. Methods disagree at Tier 2 and Tier 3 could not resolve ambiguity. More observations needed.,sparse,6,1,3.0,0.9698611111671198,low,mbls,,0
2002 GX18,2026-03-21T04:57:16.414388+00:00,False,,0.0,8.91480810935078,17,n_obs=17 < min_obs=20,2,1.0900000000256114,"Li,Lr,Lz",,,,,,,,,,,,False,,,,,,,,,t1_rejected,0,,,False,,,,0,False,,no_prior,,Tier 1 failed: n_obs=17 < min_obs=20,sparse,3,1,2.0,0.6300000000628643,low,mbls,,0
2002 GX192,2026-03-21T04:57:18.103326+00:00,True,15.876688344172086,0.17914072536120695,29.955754294153877,39,,3,532.9819444442983,"Lg,Li,Lr,Ly,Lz",False,True,0.708170234010617,1.3569982265792229,0.708170234010617,1.3569982265792229,3.981959657597391,0.00935561295471432,0.5002610967123697,False,0.041898288428400314,True,False,True,1.3569982265792229,0.5665361872084936,1.35427515321485,1.3597212999435957,0.00544614672874566,1.5128776744484045,followup_needed,0,,,False,,,,0,False,,no_prior,,No reliable period. Methods disagree at Tier 2 and Tier 3 could not resolve ambiguity. More observations needed.,sparse,5,1,3.0,0.9105555555433966,medium,"mbls,mhaov,clean",,0
2002 GY97,2026-03-21T04:57:18.904380+00:00,True,2.3809404702351173,0.7463808852083198,20.768160952975652,25,,3,50.6338888888713,"Lg,Li,Lr,Ly,Lz",True,False,3.967326694357515,7.918978370479003,3.967326694357515,7.918978370479003,20.158592778429874,8.663373582962208e-07,0.2637556441027908,True,0.0019755139220471096,False,,,,,,,,,confirmed,1,7.918978370479003,,False,6.4,7.918978370479003,0.015644052019271205,1,False,,no_prior,,"All 3 methods agree (spread=0.2%), p=8.66e-07, sparse regime. Moderate confidence.",sparse,3,1,8.0,1.9486111112055369,low,mbls,,0
2002 GZ33,2026-03-21T04:57:20.467656+00:00,True,1.3581790895447723,0.598537217283178,20.850088192697964,26,,4,551.6327777778497,"Lg,Li,Lr,Ly,Lz",False,True,1.3570015411506229,3.032586176823879,1.3570015411506229,1.3570015411506229,17.15015265652243,2.188575893735667e-06,0.18139576727647228,False,1.234769884086695,True,False,True,3.032586176823879,1.3560938478120605,3.0265007196128613,3.0386716340348965,0.012170914422035217,6.667232930427046,followup_needed,0,,,False,,,,0,False,,no_prior,,No reliable period. Methods disagree at Tier 2 and Tier 3 could not resolve ambiguity. More observations needed.,sparse,4,1,4.0,1.790416666714009,low,mbls,,0
2002 GZ73,2026-03-21T04:57:21.860001+00:00,True,1.4052026013006502,0.6102052286614745,6.166707910170481,20,,1,242.26500000001397,"Li,Lr,Ly,Lz",False,True,2.8071796712207835,2.3466263072779046,2.8071796712207835,2.8071796712207835,18.17197356665677,1.2793703719315985e-05,0.19980133628952357,False,0.16406265999440994,True,False,True,2.3466263072779046,1.9495049322001055,2.3420060626918136,2.3512465518639956,0.00924048917218201,3.595149534638806,followup_needed,0,,,False,,,,0,False,,no_prior,,No reliable period. Methods disagree at Tier 2 and Tier 3 could not resolve ambiguity. More observations needed.,sparse,5,1,2.0,0.7008333333651535,low,mbls,,0
2002 HM12,2026-03-21T04:57:23.425716+00:00,True,2.204602301150575,0.6808525141928012,26.173485055283052,21,,2,145.3927777776844,"Lg,Li,Lr,Lu,Ly",False,True,0.965551715504301,12.107469164725742,0.965551715504301,0.965551715504301,17.104703468944393,1.2461352580817042e-05,0.11254598573771712,False,11.539431053043653,True,False,True,12.107469164725742,1.1392864388960446,12.083173239980477,12.131765089471008,0.0485918494905313,1.215623885483781,followup_needed,0,,,False,,,,0,False,,no_prior,,No reliable period. Methods disagree at Tier 2 and Tier 3 could not resolve ambiguity. More observations needed.,sparse,4,1,4.0,1.1497222221514676,low,mbls,,0
2002 JH27,2026-03-21T04:57:24.680247+00:00,True,10.222111055527764,0.5065536826899754,39.479943141825814,21,,2,551.4122222222504,"Lg,Li,Lr,Ly,Lz",False,False,11.066206494377566,38.22357373251481,11.066206494377566,11.066206494377566,5.876089792901372,0.004170719278699386,0.5290312381004659,False,2.454081012489031,False,,,,,,,,,t2_rejected,0,,,False,,,,0,False,,no_prior,,No reliable period. Methods disagree at Tier 2 and Tier 3 could not resolve ambiguity. More observations needed.,sparse,6,1,4.0,1.445138888899237,low,mbls,,0
2002 JJ72,2026-03-21T04:57:24.740757+00:00,False,,0.0,167.5631424779301,19,n_obs=19 < min_obs=20,1,552.1130555556156,"Lg,Li,Lr,Ly,Lz",,,,,,,,,,,,False,,,,,,,,,t1_rejected,0,,,False,,,,0,False,,no_prior,,Tier 1 failed: n_obs=19 < min_obs=20,sparse,4,1,5.0,1.4048611112229992,low,mbls,,0
2002 JT122,2026-03-21T04:57:33.252178+00:00,True,0.11032551618809745,0.4009142493762454,9.496938937861884,26,,3,365.64416666678153,"Lg,Li,Lr,Ly,Lz",False,True,0.22028173888080008,0.2250729458160675,0.22028173888080008,0.22028173888080008,5.281294130384588,0.004193504327765996,0.08024913402493292,False,0.021750359151823755,True,False,True,0.2250729458160675,0.27008753497928095,0.22483692236986041,0.22530896926227456,0.0004720468924141463,4.351923633003541,followup_needed,0,,,False,,,,0,False,,no_prior,,No reliable period. Methods disagree at Tier 2 and Tier 3 could not resolve ambiguity. More observations needed.,sparse,5,1,2.0,0.6702777778264135,medium,"mbls,mhaov,clean",,0
2002 JT61,2026-03-21T04:57:33.298661+00:00,False,,0.0,88.33748841608094,18,n_obs=18 < min_obs=20,1,359.3038888889132,"Li,Lr,Ly,Lz",,,,,,,,,,,,False,,,,,,,,,t1_rejected,0,,,False,,,,0,False,,no_prior,,Tier 1 failed: n_obs=18 < min_obs=20,sparse,6,1,3.5,0.7765277777798474,low,mbls,,0
2002 JV79,2026-03-21T04:57:34.488440+00:00,True,4.826163081540771,0.6347484077653306,10.910054609522962,21,,3,528.8844444444403,"Lg,Li,Lr,Ly,Lz",False,True,1.3454833222039988,2.3752340802856358,1.3454833222039988,1.3454833222039988,12.05287662602098,0.00010412704792783778,0.18765293928379495,False,0.7653389240039523,True,False,True,2.3752340802856358,1.511981258396467,2.3704677242716854,2.380000436299586,0.009532712027900736,2.1945384718253664,followup_needed,0,,,False,,,,0,False,,no_prior,,No reliable period. Methods disagree at Tier 2 and Tier 3 could not resolve ambiguity. More observations needed.,sparse,5,1,4.0,1.4488888888154179,low,mbls,,0
2002 LN14,2026-03-21T04:57:44.759758+00:00,True,0.1829517476744159,0.3721870068323314,26.086739298857093,31,,2,533.5152777776239,"Lg,Li,Lr,Lu,Ly,Lz",False,True,0.05981127631301106,0.05981127631301106,0.05981127631301106,0.05981127631301106,5.366397254171861,0.002749519063046435,0.11999900077474263,False,0.0,True,False,True,0.05981127631301106,0.059131148087378155,0.059691253684958194,0.05993129894106392,0.00024004525610572813,1.923520446914256,followup_needed,0,,,False,,,,0,False,,no_prior,,No reliable period. Methods disagree at Tier 2 and Tier 3 could not resolve ambiguity. More observations needed.,sparse,5,1,3.0,0.5902777778101154,medium,"mbls,mhaov,clean",,0
2002 LQ49,2026-03-21T04:57:46.077908+00:00,True,3.427213606803402,0.8614647546022643,73.31603684766746,21,,3,571.7294444444706,"Lg,Li,Lr,Ly,Lz",False,True,6.857557626162685,7.944605794269745,6.857557626162685,6.857557626162685,34.94889885331721,1.0120159854576372e-07,0.8358028200634091,False,0.1585182695307784,True,False,True,7.944605794269745,8.704524609373808,7.933003196261986,7.956208392277505,0.02320519601551929,1.009747418867005,followup_needed,0,,,False,,,,0,False,,no_prior,,No reliable period. Methods disagree at Tier 2 and Tier 3 could not resolve ambiguity. More observations needed.,sparse,5,1,4.0,1.3330555554712191,low,mbls,,0
2002 MT6,2026-03-21T04:57:46.122352+00:00,False,,0.0,38.15506051126854,19,n_obs=19 < min_obs=20,3,651.0713888888131,"Lg,Li,Lr,Lz",,,,,,,,,,,,False,,,,,,,,,t1_rejected,0,,,False,,,,0,False,,no_prior,,Tier 1 failed: n_obs=19 < min_obs=20,sparse,6,1,4.0,0.7259722221933771,low,mbls,,0
2002 NS12,2026-03-21T04:57:46.177051+00:00,False,,0.0,66.30304752025073,19,n_obs=19 < min_obs=20,2,670.5180555555853,"Lg,Li,Lr,Lu,Lz",,,,,,,,,,,,False,,,,,,,,,t1_rejected,0,,,False,,,,0,False,,no_prior,,Tier 1 failed: n_obs=19 < min_obs=20,sparse,6,1,2.5,1.132500000006985,low,mbls,,0
2002 NZ4,2026-03-21T04:57:47.128291+00:00,True,3.768134067033517,0.6073077291258534,111.2809494817496,20,,2,747.553333333286,"Lg,Li,Lr,Lu,Lz",False,True,4.502201250675355,29.099626839094775,4.502201250675355,4.502201250675355,28.549108024804465,7.392416278007019e-07,0.5786609373050979,False,5.463422050430156,True,False,True,29.099626839094775,3.957118691229041,29.090592321534892,29.108661356654657,0.01806903511976543,2.244830261147038,followup_needed,0,,,False,,,,0,False,,no_prior,,No reliable period. Methods disagree at Tier 2 and Tier 3 could not resolve ambiguity. More observations needed.,sparse,7,1,3.0,0.8013888890272938,low,mbls,,0
2002 OD25,2026-03-21T04:57:49.084962+00:00,True,1.158329164582291,0.29860453279219934,15.500867210800708,21,,3,332.8683333332883,"Lg,Lr,Ly",False,True,0.4111133732887196,0.8222267465774392,0.4111133732887196,0.8222267465774392,2.758641114655282,0.06420317510719586,0.12400693768640567,False,0.0,True,False,True,0.8222267465774392,0.3288906986309757,0.8205767932398257,0.8238766999150527,0.00329990667522706,1.4093214876750566,followup_needed,0,,,False,,,,0,False,,no_prior,,No reliable period. Methods disagree at Tier 2 and Tier 3 could not resolve ambiguity. More observations needed.,sparse,3,1,4.0,0.6611111111124046,low,mbls,,0
2002 PA56,2026-03-21T04:57:50.519072+00:00,True,18.110305152576288,0.8134478485960992,64.85931563243558,39,,3,533.5047222222202,"Lg,Li,Lr,Lu,Ly,Lz",False,True,10.714980406175078,7.850058073384808,10.714980406175078,10.714980406175078,121.47943086888651,1.1102230246251565e-16,0.5318463881859719,False,0.2673754149973936,True,False,True,7.850058073384808,10.951498368318074,7.834305448488383,7.8658106982812335,0.03150524979284963,2.7876921755065758,followup_needed,0,,,False,,,,0,False,,no_prior,,No reliable period. Methods disagree at Tier 2 and Tier 3 could not resolve ambiguity. More observations needed.,sparse,5,1,3.0,0.8033333334024064,medium,"mbls,mhaov,clean",,0
2002 PA73,2026-03-21T04:57:51.461522+00:00,True,1.663831915957979,0.8941359209682541,25.732329066073184,20,,1,527.8694444444845,"Lg,Li,Lr,Ly,Lz",False,True,8.26485249960759,29.674605141850684,8.26485249960759,8.26485249960759,19.410323490530622,8.552980496623341e-06,0.37311877145806116,False,2.590457923266873,True,False,True,29.674605141850684,8.72370384239517,29.65802015355716,29.691190130144207,0.033169976587048566,1.2766718028392587,followup_needed,0,,,False,,,,0,False,,no_prior,,No reliable period. Methods disagree at Tier 2 and Tier 3 could not resolve ambiguity. More observations needed.,sparse,6,1,2.0,0.45333333339658566,low,mbls,,0
2002 PF112,2026-03-21T04:57:52.460256+00:00,True,6.683591795897949,0.8396338916956118,44.543771047858705,21,,2,478.1236111111357,"Lg,Li,Lr,Ly,Lz",False,True,13.799926451221609,18.08848367998604,13.799926451221609,13.799926451221609,58.479012835477185,2.3955388783747367e-09,0.7884247475470991,False,0.31076667284588944,True,True,False,18.08848367998604,16.301451580506594,18.060791519883253,18.11617584008883,0.05538432020557238,3.8198322760794206,tentative,1,18.08848367998604,0.02769216010278619,False,26.4,18.08848367998604,0.02769216010278619,1,False,,no_prior,,"Tier 3 tentative: CI=0.055hr, CLEAN ratio=3.8. Both criteria met. Moderate confidence.",sparse,7,1,3.0,0.6352777778520249,low,mbls,,0
2002 PG189,2026-03-21T04:57:53.941521+00:00,True,2.604302151075538,0.8083774102034328,56.59133355751864,25,,2,915.4699999998556,"Lg,Li,Lr,Lu,Lz",False,True,3.5586820476121295,5.014206346828871,3.5586820476121295,3.5586820476121295,83.0898090893166,3.620992394814948e-12,0.6677777359787199,False,0.4090065590976264,True,False,True,5.014206346828871,4.3735953687390285,5.007065178840351,5.021347514817391,0.014282335977038763,1.1358846174524595,followup_needed,0,,,False,,,,0,False,,no_prior,,No reliable period. Methods disagree at Tier 2 and Tier 3 could not resolve ambiguity. More observations needed.,sparse,7,1,4.0,1.1900000000023283,low,mbls,,0
2002 PQ145,2026-03-21T04:57:55.422309+00:00,True,2.7688844422211107,0.7271668997845292,5.960298007754916,24,,2,1776.8430555554805,"Lg,Li,Lr,Lz",False,True,5.537931360979903,4.949336369647507,5.537931360979903,5.537931360979903,14.416089338955924,1.4303523830694331e-05,0.3415250758443567,False,0.10628426987728892,True,False,True,4.949336369647507,4.317013127772809,4.942057427222455,4.956615312072559,0.01455788485010423,1.637561221047799,followup_needed,0,,,False,,,,0,False,,no_prior,,No reliable period. Methods disagree at Tier 2 and Tier 3 could not resolve ambiguity. More observations needed.,sparse,14,1,1.5,0.13541666671517305,low,mbls,,0
2002 PQ62,2026-03-21T04:57:56.416719+00:00,True,1.4052026013006502,0.7740387954237584,19.544166853603958,22,,2,551.9819444444147,"Lg,Li,Lr,Ly,Lz",False,True,3.1947729866934136,11.073380200436997,3.1947729866934136,3.1947729866934136,24.406332089806018,7.427195535258946e-07,0.40065542049888114,False,2.466092973289932,True,False,True,11.073380200436997,2.696858534586681,11.051159370603346,11.095601030270648,0.04444165966730296,1.1721756814447868,followup_needed,0,,,False,,,,0,False,,no_prior,,No reliable period. Methods disagree at Tier 2 and Tier 3 could not resolve ambiguity. More observations needed.,sparse,6,1,2.0,0.6813888889155351,low,mbls,,0
2002 PQ84,2026-03-21T04:57:57.493879+00:00,True,5.672586293146574,0.8026005861861424,37.540775435851955,20,,3,534.4152777777635,"Lg,Li,Lr,Lu,Lz",False,True,14.596634374879748,3.8109019441847627,14.596634374879748,14.596634374879748,40.14389664439445,7.631055365386885e-08,0.12763863648189666,False,0.7389191339378947,True,False,True,3.8109019441847627,3.1914710596115876,3.7816110390846704,3.840192849284855,0.05858181020018449,2.2162653861022603,followup_needed,0,,,False,,,,0,False,,no_prior,,No reliable period. Methods disagree at Tier 2 and Tier 3 could not resolve ambiguity. More observations needed.,sparse,5,1,4.0,0.8033333334024064,low,mbls,,0
2002 PS204,2026-03-21T04:57:57.541676+00:00,False,,0.0,11.328949037453567,19,n_obs=19 < min_obs=20,3,914.7161111111054,"Lg,Li,Lr,Lu,Lz",,,,,,,,,,,,False,,,,,,,,,t1_rejected,0,,,False,,,,0,False,,no_prior,,Tier 1 failed: n_obs=19 < min_obs=20,sparse,6,1,4.0,1.0173611110949423,low,mbls,,0
2002 PT170,2026-03-21T04:57:58.787660+00:00,True,2.510255127563782,0.5131281526164244,3.8860852622605706,24,,2,1777.0136111110914,"Lg,Li,Lr,Lz",True,False,4.195227817684314,4.195227817684314,4.195227817684314,4.195227817684314,15.238288395479378,9.711273568524526e-06,0.44981436910666106,True,0.0,False,,,,,,,,,confirmed,1,4.195227817684314,,False,423.6,4.195227817684314,0.0,1,False,,no_prior,,"All 3 methods agree (spread=0.0%), p=9.71e-06, sparse regime. Moderate confidence.",sparse,11,1,2.0,0.5924999998533167,low,mbls,,0
2002 PT94,2026-03-21T04:57:59.937874+00:00,True,6.67183591795898,0.8840906418003491,35.66468154390282,20,,3,914.3458333333838,"Lg,Li,Lr,Lu,Lz",True,False,13.344213413825956,13.347890065840922,13.344213413825956,13.344213413825956,34.1647500098823,2.259093684342517e-07,0.1943725144142704,True,0.0002755240718164387,False,,,,,,,,,confirmed,1,13.344213413825956,,False,68.5,13.344213413825956,0.0036766520149648673,1,False,,no_prior,,"All 3 methods agree (spread=0.0%), p=2.26e-07, sparse regime. Moderate confidence.",sparse,7,1,3.0,0.8013888890272938,low,mbls,,0
2002 PT95,2026-03-21T04:58:01.930761+00:00,True,4.097298649324662,0.8260816942630509,12.894542508135956,21,,2,528.8936111111543,"Lg,Li,Lr,Ly,Lz",True,False,3.925343422430055,3.704904294565085,3.925343422430055,3.925343422430055,31.55033630361122,2.080693723982563e-07,0.1740763238598354,True,0.056157921522302624,False,,,,,,,,,confirmed,1,3.925343422430055,,False,134.7,3.925343422430055,0.22043912786491385,1,False,,no_prior,,"All 3 methods agree (spread=5.6%), p=2.08e-07, sparse regime. Moderate confidence.",sparse,3,1,3.0,2.1925000000046566,low,mbls,,0
2002 PU132,2026-03-21T04:58:03.346726+00:00,True,2.4632316158079037,0.41828213764511374,21.19831572386007,26,,3,478.6802777778357,"Li,Lr,Ly,Lz",False,True,0.9277206617043334,0.9277206617043334,0.9277206617043334,0.9277206617043334,6.50384632134603,0.0014385754288358532,0.48650134586258853,False,0.0,True,False,True,0.9277206617043334,0.7496231166146052,0.9258590148915488,0.9295823085171181,0.003723293625569335,1.2176173423571923,followup_needed,0,,,False,,,,0,False,,no_prior,,No reliable period. Methods disagree at Tier 2 and Tier 3 could not resolve ambiguity. More observations needed.,sparse,7,1,2.0,0.5797222222317941,low,mbls,,0
2002 PV170,2026-03-21T04:58:04.770371+00:00,True,2.275137568784392,0.5534651214363596,5.395782923169567,22,,3,1394.0994444445241,"Lg,Li,Lr,Lz",False,True,4.561153467094843,12.17139375100727,4.561153467094843,4.561153467094843,10.715167745084251,0.00015977811457834612,0.39739941229143855,False,1.6684902928201593,True,False,True,12.17139375100727,4.100461712224394,12.146969549500234,12.195817952514307,0.04884840301407145,1.0309634440894175,followup_needed,0,,,False,,,,0,False,,no_prior,,No reliable period. Methods disagree at Tier 2 and Tier 3 could not resolve ambiguity. More observations needed.,sparse,10,1,1.5,0.017638888908550143,low,mbls,,0
2002 PW170,2026-03-21T04:58:04.816318+00:00,False,,0.0,4.507636418360488,19,n_obs=19 < min_obs=20,2,1777.100555555604,"Lg,Li,Lr,Lz",,,,,,,,,,,,False,,,,,,,,,t1_rejected,0,,,False,,,,0,False,,no_prior,,Tier 1 failed: n_obs=19 < min_obs=20,sparse,9,1,2.0,0.021944444335531443,low,mbls,,0
2002 PW197,2026-03-21T04:58:05.862024+00:00,True,2.157578789394697,0.8025006127293249,15.855080878012199,20,,2,521.171388888848,"Lg,Li,Lr,Ly,Lz",False,True,3.248400709190874,5.4626815741982355,3.248400709190874,3.248400709190874,39.11871584360332,9.093153108263863e-08,0.2465465076530897,False,0.6816526233175901,True,False,True,5.4626815741982355,2.9550668658860126,5.451719671373759,5.473643477022712,0.02192380564895302,1.04938908405888,followup_needed,0,,,False,,,,0,False,,no_prior,,No reliable period. Methods disagree at Tier 2 and Tier 3 could not resolve ambiguity. More observations needed.,sparse,6,1,2.0,0.5065277777030133,low,mbls,,0
2002 QA105,2026-03-21T04:58:07.287135+00:00,True,1.757878939469735,0.907062361766242,13.857675472532605,20,,1,401.8736111110775,"Lg,Li,Lr,Ly,Lz",False,True,3.1787237849453542,13.154910309261393,3.1787237849453542,3.1787237849453542,77.32158901931122,7.944037649920688e-10,0.4621534770089625,False,3.1384251036723536,True,False,True,13.154910309261393,2.615271073901529,13.128512495931773,13.181308122591012,0.05279562665923798,2.2018957133714716,followup_needed,0,,,False,,,,0,False,,no_prior,,No reliable period. Methods disagree at Tier 2 and Tier 3 could not resolve ambiguity. More observations needed.,sparse,5,1,5.0,0.5538888889714144,low,mbls,,0
2002 QC11,2026-03-21T04:58:08.372475+00:00,True,3.8856928464232117,0.6853421636286771,21.08340267579519,20,,2,453.61999999999534,"Lg,Li,Lr,Ly,Lz",False,True,6.94159422807638,8.079890101954742,6.94159422807638,6.94159422807638,28.901703236185725,6.822703865205781e-07,0.5281392370286695,False,0.1639819091231492,True,False,True,8.079890101954742,6.082600962394688,8.067841221796158,8.091938982113327,0.024097760317166816,3.8244275658114306,followup_needed,0,,,False,,,,0,False,,no_prior,,No reliable period. Methods disagree at Tier 2 and Tier 3 could not resolve ambiguity. More observations needed.,sparse,6,1,3.5,0.9343055554199964,low,mbls,,0
2002 QF128,2026-03-21T04:58:08.421144+00:00,False,,0.0,25.899324961649274,19,n_obs=19 < min_obs=20,2,504.6963888889295,"Lg,Li,Lr,Lz",,,,,,,,,,,,False,,,,,,,,,t1_rejected,0,,,False,,,,0,False,,no_prior,,Tier 1 failed: n_obs=19 < min_obs=20,sparse,6,1,2.5,0.6016666667419486,low,mbls,,0
2002 QK18,2026-03-21T04:58:08.489655+00:00,False,,0.0,12.944546403668179,18,n_obs=18 < min_obs=20,2,334.6455555555294,"Li,Lr,Ly,Lz",,,,,,,,,,,,False,,,,,,,,,t1_rejected,0,,,False,,,,0,False,,no_prior,,Tier 1 failed: n_obs=18 < min_obs=20,sparse,6,1,2.5,0.5652777777286246,low,mbls,,0
2002 QT70,2026-03-21T04:58:09.957071+00:00,True,9.751875937968984,0.7629557500015968,15.286259927709398,20,,2,504.6963888889295,"Lg,Li,Lr,Lu,Lz",False,True,0.9869582585243415,1.1404178854231275,0.9869582585243415,0.9869582585243415,23.199005572652926,2.8099003891446372e-06,0.4096717660626119,False,0.15548745407741651,True,False,True,1.1404178854231275,1.3227321828252194,1.1387579075449406,1.1420778633013144,0.0033199557563736715,1.8359108864342428,followup_needed,0,,,False,,,,0,False,,no_prior,,No reliable period. Methods disagree at Tier 2 and Tier 3 could not resolve ambiguity. More observations needed.,sparse,6,1,3.5,0.7113888887688518,low,mbls,,0
2002 QT97,2026-03-21T04:58:11.421819+00:00,True,1.0055027513756878,0.6253962248453249,4.246900877386961,21,,3,265.85527777770767,"Lg,Li,Lr,Ly,Lz",False,True,0.8036002311694664,9.124579729544733,0.8036002311694664,0.8036002311694664,18.500172599946406,7.560240726789402e-06,0.19960434123718718,False,10.354625565818372,True,False,True,9.124579729544733,0.9277685612030093,9.106269536107522,9.142889922981944,0.03662038687442326,1.6441093555756867,followup_needed,0,,,False,,,,0,False,,no_prior,,No reliable period. Methods disagree at Tier 2 and Tier 3 could not resolve ambiguity. More observations needed.,sparse,6,1,2.5,0.6461111110984348,low,mbls,,0
2002 QU120,2026-03-21T04:58:13.487701+00:00,True,5.51975987993997,0.3904158736046392,34.280027898392795,31,,3,598.1663888887851,"Lg,Li,Lr,Ly,Lz",False,True,14.010880784185066,8.21382558074887,14.010880784185066,14.010880784185066,10.311823140989906,3.871294987223273e-05,0.42164434315023136,False,0.41375380268592904,True,False,True,8.21382558074887,6.735886395985361,8.185710100914388,8.24194106058335,0.0562309596689623,1.2227555618962385,followup_needed,0,,,False,,,,0,False,,no_prior,,No reliable period. Methods disagree at Tier 2 and Tier 3 could not resolve ambiguity. More observations needed.,sparse,6,1,2.5,0.6411111111519858,medium,"mbls,mhaov,clean",,0
2002 QX,2026-03-21T04:58:15.027960+00:00,True,8.164832416208103,0.7744485885190404,72.51011656226929,20,,1,717.4811111111194,"Lg,Li,Lr,Lu,Ly,Lz",False,True,13.204059098572294,7.645882377667661,13.204059098572294,13.204059098572294,49.06821288231696,1.9305432252814114e-08,0.7359776831070333,False,0.4209445504151975,True,True,False,7.645882377667661,7.620310864698872,7.619385938004976,7.672378817330346,0.05299287932536956,4.324738872719734,tentative,1,7.645882377667661,0.02649643966268478,False,93.8,7.645882377667661,0.02649643966268478,1,False,,no_prior,,"Tier 3 tentative: CI=0.053hr, CLEAN ratio=4.3. Both criteria met. Moderate confidence.",sparse,8,1,2.0,0.5749999999534339,low,mbls,,0
2002 RA242,2026-03-21T04:58:19.191282+00:00,True,0.6926908345066902,0.7680268438217984,11.407382400658749,20,,2,479.1424999998417,"Lg,Li,Lr,Ly,Lz",False,True,0.5821399262529008,3.431651778689474,0.5821399262529008,0.5821399262529008,26.130879924363768,1.3129096771979931e-06,0.3964065384228916,False,4.894891629875523,True,False,True,3.431651778689474,3.8012142779329556,3.4247655209395957,3.438538036439352,0.01377251549975611,1.19341778855309,followup_needed,0,,,False,,,,0,False,,no_prior,,No reliable period. Methods disagree at Tier 2 and Tier 3 could not resolve ambiguity. More observations needed.,sparse,5,1,4.0,0.934999999939464,low,mbls,,0
2002 RB237,2026-03-21T04:58:20.223832+00:00,True,14.90095047523762,0.8292345897717652,38.97995987794111,20,,2,408.37000000005355,"Lg,Li,Lr,Ly,Lz",False,True,12.49504587238601,20.650064487061805,12.49504587238601,12.49504587238601,87.93796399695356,3.1721114623906033e-10,0.24167575124323493,False,0.6526601581109592,True,False,True,20.650064487061805,11.350014912842944,20.612539662260716,20.687589311862894,0.07504964960217464,3.869863589441582,followup_needed,0,,,False,,,,0,False,,no_prior,,No reliable period. Methods disagree at Tier 2 and Tier 3 could not resolve ambiguity. More observations needed.,sparse,5,1,4.0,0.5747222222853452,low,mbls,,0
2002 RB46,2026-03-21T04:58:20.269894+00:00,False,,0.0,30.03261608582903,19,n_obs=19 < min_obs=20,2,311.8850000000093,"Lg,Li,Lr,Ly,Lz",,,,,,,,,,,,False,,,,,,,,,t1_rejected,0,,,False,,,,0,False,,no_prior,,Tier 1 failed: n_obs=19 < min_obs=20,sparse,7,1,3.0,0.5858333331998438,low,mbls,,0
2002 RC198,2026-03-21T04:58:29.985839+00:00,True,0.6158130127870056,0.2883523670502356,17.724862855986043,45,,3,533.4608333333745,"Lg,Li,Lr,Ly,Lz",True,False,0.6452617940390192,1.2464444842735782,0.6452617940390192,1.2464444842735782,9.146637178531867,2.407572320883844e-05,0.20560840912943806,True,0.0341559846031737,False,,,,,,,,,confirmed,2,1.2464444842735782,,False,428.0,1.2464444842735782,0.04257353861355912,2,False,,no_prior,,"All 3 methods agree (spread=3.4%), p=2.41e-05, sparse regime. Moderate confidence.",sparse,4,1,3.5,0.9287500000500586,medium,"mbls,mhaov,clean",,0
2002 RE159,2026-03-21T04:58:30.033940+00:00,False,,0.0,91.2916174587226,19,n_obs=19 < min_obs=20,2,551.6308333333,"Lg,Li,Lr,Ly,Lz",,,,,,,,,,,,False,,,,,,,,,t1_rejected,0,,,False,,,,0,False,,no_prior,,Tier 1 failed: n_obs=19 < min_obs=20,sparse,5,1,4.0,0.5936111112241633,low,mbls,,0
2002 RG297,2026-03-21T04:58:31.190902+00:00,True,2.0165082541270634,0.6840191156328123,10.41219633368263,24,,3,551.5761111112079,"Lg,Li,Lr,Ly,Lz",False,True,5.562414143579726,7.534715770583705,5.562414143579726,5.562414143579726,39.100762310486495,6.40028841036866e-09,0.5825623848695431,False,0.3545765518520591,True,False,True,7.534715770583705,4.554110308857248,7.523553735512976,7.545877805654434,0.022324070141458208,2.69066699723558,followup_needed,0,,,False,,,,0,False,,no_prior,,No reliable period. Methods disagree at Tier 2 and Tier 3 could not resolve ambiguity. More observations needed.,sparse,5,1,3.0,1.8636111112427898,low,mbls,,0
2002 RM262,2026-03-21T04:58:31.244739+00:00,False,,0.0,4.645246185911553,19,n_obs=19 < min_obs=20,2,552.1130555556156,"Lg,Li,Lr,Lz",,,,,,,,,,,,False,,,,,,,,,t1_rejected,0,,,False,,,,0,False,,no_prior,,Tier 1 failed: n_obs=19 < min_obs=20,sparse,5,1,5.0,1.6105555555550382,low,mbls,,0
2002 RP39,2026-03-21T04:58:32.237494+00:00,True,9.469734867433717,0.8116092711313635,51.98861796099448,22,,3,266.2400000001071,"Lg,Li,Lr,Ly,Lz",False,True,6.613828087768459,4.076821505117348,6.613828087768459,6.613828087768459,55.99346049714764,1.4503698242407381e-09,0.631661708226083,False,0.38359124987579274,True,False,True,4.076821505117348,3.2832729713453426,4.06354960928905,4.090093400945645,0.026543791656594706,1.865291882896392,followup_needed,0,,,False,,,,0,False,,no_prior,,No reliable period. Methods disagree at Tier 2 and Tier 3 could not resolve ambiguity. More observations needed.,sparse,6,1,3.0,0.6511111111321952,low,mbls,,0
2002 RQ108,2026-03-21T04:58:33.019696+00:00,True,3.944472236118059,0.34573644557744254,22.674573249651505,20,,2,242.0988888888387,"Li,Lr,Ly,Lz",True,False,5.850135575456951,11.846788724472272,5.850135575456951,11.846788724472272,18.088541661380276,1.3155924156960097e-05,0.3695955439693196,True,0.01252257932047267,False,,,,,,,,,confirmed,-1,11.846788724472272,,False,20.4,11.846788724472272,0.14835235149508527,-1,True,"0.5-day alias (12.0hr, Δ=1.3%)",no_prior,,"Period 11.847hr is close to known alias: 0.5-day alias (12.0hr, Δ=1.3%). Independent confirmation required.",sparse,6,1,3.5,1.1851388888899237,low,mbls,,0
2002 RQ69,2026-03-21T04:58:34.397331+00:00,True,1.7931465732866434,0.633896466001157,64.69721796280594,22,,2,652.3288888888783,"Lg,Li,Lr,Lz",False,True,1.4999484599782076,2.545363638501336,1.4999484599782076,1.4999484599782076,46.710630155949275,5.940929193037903e-09,0.36877414238799383,False,0.6969674001582826,True,False,True,2.545363638501336,2.5572817291163923,2.5402558853805983,2.5504713916220734,0.010215506241475047,1.1487281100423012,followup_needed,0,,,False,,,,0,False,,no_prior,,No reliable period. Methods disagree at Tier 2 and Tier 3 could not resolve ambiguity. More observations needed.,sparse,5,1,4.0,1.2280555555480532,low,mbls,,0
2002 RR33,2026-03-21T04:58:35.417321+00:00,True,1.0172586293146573,0.5946242985968455,29.523111014594807,28,,3,552.0919444444589,"Lg,Li,Lr,Ly,Lz",False,True,9.788889776665593,47.375201188456856,9.788889776665593,9.788889776665593,8.604731660034794,0.00021281718723886733,0.4133235542043273,False,3.839690942417631,True,False,True,47.375201188456856,9.782342024306619,47.30546793953998,47.44493443737373,0.13946649783375875,1.0126744897450983,followup_needed,0,,,False,,,,0,False,,no_prior,,No reliable period. Methods disagree at Tier 2 and Tier 3 could not resolve ambiguity. More observations needed.,sparse,6,1,2.5,1.0805555555562023,low,mbls,,0
2002 RR89,2026-03-21T04:58:36.338761+00:00,True,0.9232116058029014,0.843064598873943,13.737303445245475,21,,2,242.25333333341405,"Li,Lr,Ly,Lz",False,True,2.159034293739067,20.95810376011614,2.159034293739067,2.159034293739067,101.13829314892064,3.816758020747102e-11,0.44646236197047795,False,8.707165755024523,True,False,True,20.95810376011614,1.735892455568133,20.921815213334,20.994392306898277,0.0725770935642771,3.2743260169550017,followup_needed,0,,,False,,,,0,False,,no_prior,,No reliable period. Methods disagree at Tier 2 and Tier 3 could not resolve ambiguity. More observations needed.,sparse,5,1,3.0,0.7000000000116415,low,mbls,,0
2002 RS229,2026-03-21T04:58:37.559021+00:00,True,18.639319659829916,0.29684466802822035,7.955451438880608,277,,3,216.83555555547355,"Lg,Li,Lr",True,False,18.70547527848619,37.39805281100037,18.70547527848619,37.39805281100037,29.753995822963024,1.1102230246251565e-16,0.9466987212267923,True,0.0003447585741605206,False,,,,,,,,,confirmed,3,37.39805281100037,,True,5.8,37.39805281100037,0.012893299363500336,3,False,,no_prior,,"All 3 methods agree (spread=0.0%), p=1.11e-16, dense regime. High confidence.",dense,6,1,41.0,2.7901388888130896,high,"gls,mbls,mhaov,ce,clean",,0
2002 RS281,2026-03-21T04:58:40.734900+00:00,True,0.918235828411548,0.10939673847167103,5.1060005669706205,141,,3,144.4911111111869,"Lg,Li,Lr",True,False,1.8351029454006063,1.8351029454006063,1.8351029454006063,1.8351029454006063,5.197709130589577,0.0006303412222697924,0.7607940844786224,True,0.0,False,,,,,,,,,confirmed,2,1.8351029454006063,,False,78.7,1.8351029454006063,0.0,2,False,,no_prior,,"All 3 methods agree (spread=0.0%), p=6.30e-04, dense regime. High confidence.",dense,4,1,34.0,2.6656944445276167,high,"gls,mbls,mhaov,ce,clean",,0
2002 RT93,2026-03-21T04:58:41.971476+00:00,True,1.5697848924462232,0.7803132597548896,14.502550632905466,21,,2,534.4586111110984,"Lg,Li,Lr,Lz",True,False,3.14011875296318,3.14011875296318,3.14011875296318,3.14011875296318,30.660944464081137,2.5409407800047745e-07,0.17548086265815613,True,0.0,False,,,,,,,,,confirmed,1,3.14011875296318,,False,170.2,3.14011875296318,0.0,1,False,,no_prior,,"All 3 methods agree (spread=0.0%), p=2.54e-07, sparse regime. Moderate confidence.",sparse,5,1,4.0,1.3080555555643514,low,mbls,,0
2002 RV84,2026-03-21T04:58:42.020754+00:00,False,,0.0,8.762568762101965,19,n_obs=19 < min_obs=20,1,242.24277777783573,"Li,Lr,Ly,Lz",,,,,,,,,,,,False,,,,,,,,,t1_rejected,0,,,False,,,,0,False,,no_prior,,Tier 1 failed: n_obs=19 < min_obs=20,sparse,4,1,4.0,0.8677777778066229,low,mbls,,0
2002 RX226,2026-03-21T04:58:43.010122+00:00,True,19.074287143571787,0.8238595911257326,13.53644619669986,25,,3,478.6683333333931,"Li,Lr,Ly,Lz",False,True,10.368866910947972,27.40583279302205,10.368866910947972,10.368866910947972,38.05111554855897,4.393279184888854e-09,0.42910534443538556,False,1.6430884906126,True,False,True,27.40583279302205,9.807075459585572,27.38502570223085,27.42663988381325,0.04161418158239982,1.044162232108543,followup_needed,0,,,False,,,,0,False,,no_prior,,No reliable period. Methods disagree at Tier 2 and Tier 3 could not resolve ambiguity. More observations needed.,sparse,8,1,2.5,0.6504166667000391,low,mbls,,0
2002 RY167,2026-03-21T04:58:44.016219+00:00,True,11.409454727363682,0.796671467165998,51.75046839563622,25,,2,552.0919444444589,"Lg,Li,Lr,Ly,Lz",False,True,22.80043779392197,11.562821298945572,22.80043779392197,22.80043779392197,33.10983139985957,1.4640773260410356e-08,1.148860398383124,False,0.49286845263872847,True,False,True,11.562821298945572,11.168370538914653,11.533926734907801,11.591715862983342,0.05778912807554093,1.7213818079237282,followup_needed,0,,,False,,,,0,False,,no_prior,,No reliable period. Methods disagree at Tier 2 and Tier 3 could not resolve ambiguity. More observations needed.,sparse,7,1,4.0,0.7777777778101154,low,mbls,,0
2002 SE35,2026-03-21T04:58:45.006705+00:00,True,8.787893946973487,0.7645224782018551,15.449379586886444,22,,3,527.5000000001164,"Li,Lr,Lu,Ly,Lz",False,True,20.68269946910768,18.289892528791906,20.68269946910768,20.68269946910768,31.90549170921396,1.0623964341593961e-07,0.33679647499412446,False,0.11569122995233902,True,False,True,18.289892528791906,18.302126570617183,18.26451901919873,18.315266038385083,0.05074701918635682,1.139850121871408,followup_needed,0,,,False,,,,0,False,,no_prior,,No reliable period. Methods disagree at Tier 2 and Tier 3 could not resolve ambiguity. More observations needed.,sparse,8,1,2.0,0.877222222276032,low,mbls,,0
2002 SE5,2026-03-21T04:58:45.775095+00:00,True,13.52551275637819,0.8540855491287307,27.427857021379864,20,,3,242.0988888888387,"Li,Lr,Ly,Lz",True,False,9.232350461659639,9.232350461659639,9.232350461659639,9.232350461659639,63.499897805628194,3.1992967164384822e-09,0.3894755697035941,True,0.0,False,,,,,,,,,confirmed,1,9.232350461659639,,False,26.2,9.232350461659639,0.0,1,False,,no_prior,,"All 3 methods agree (spread=0.0%), p=3.20e-09, sparse regime. Moderate confidence.",sparse,6,1,3.0,0.8976388890005182,low,mbls,,0
2002 SN7,2026-03-21T04:58:47.099328+00:00,True,0.7703851925962981,0.6972456905230145,8.570473490287164,22,,3,552.1130555556156,"Lg,Li,Lr,Ly,Lz",True,False,1.6943025206815185,3.3529159253961276,1.6943025206815185,3.3529159253961276,21.99919227151729,1.543753123778302e-06,0.453378047636191,True,0.010532096697980275,False,,,,,,,,,confirmed,1,3.3529159253961276,,False,164.7,3.3529159253961276,0.03531323474647004,1,False,,no_prior,,"All 3 methods agree (spread=1.1%), p=1.54e-06, sparse regime. Moderate confidence.",sparse,6,1,3.0,1.4998611110786442,low,mbls,,0
2002 SR61,2026-03-21T04:58:48.084806+00:00,True,11.2096048024012,0.6705162960076656,19.91986363593199,22,,2,672.5697222221643,"Lg,Li,Lr,Lu,Lz",False,True,4.709544177461505,14.14818902055918,4.709544177461505,4.709544177461505,17.371717194903894,7.734962105154786e-06,0.27290213181226824,False,2.004152522502337,True,False,True,14.14818902055918,3.7676353419692044,14.11979800580221,14.17658003531615,0.05678202951393985,1.1462605960215702,followup_needed,0,,,False,,,,0,False,,no_prior,,No reliable period. Methods disagree at Tier 2 and Tier 3 could not resolve ambiguity. More observations needed.,sparse,6,1,2.5,0.5376388889271766,low,mbls,,0
2002 SY24,2026-03-21T04:58:49.241760+00:00,True,4.344172086043022,0.6920972852313035,34.99810185667654,22,,2,747.6836111111334,"Lg,Li,Lr,Lz",False,True,10.626471333122671,8.376238145945063,10.626471333122671,10.626471333122671,25.026190738168214,6.211989937998652e-07,0.2904842454104153,False,0.21175732909224795,True,False,True,8.376238145945063,11.856156644581013,8.35942964130437,8.393046650585756,0.033617009281385,2.3581141014845657,followup_needed,0,,,False,,,,0,False,,no_prior,,No reliable period. Methods disagree at Tier 2 and Tier 3 could not resolve ambiguity. More observations needed.,sparse,7,1,3.0,0.5752777777961455,low,mbls,,0
2002 TB144,2026-03-21T04:58:52.169292+00:00,True,0.3819308451580167,0.19359625359658672,11.420111974114539,20,,2,51.26305555558065,"Li,Lr,Ly,Lz",False,False,0.2994647407833145,0.10036119812344065,0.2994647407833145,0.2994647407833145,2.6049553667949867,0.07797328647995116,0.19299989236253567,False,0.6648647254378289,False,,,,,,,,,t2_rejected,0,,,False,,,,0,False,,no_prior,,No reliable period. Methods disagree at Tier 2 and Tier 3 could not resolve ambiguity. More observations needed.,sparse,3,1,4.0,0.5936111112241633,low,mbls,,0
2002 TB217,2026-03-21T04:58:53.258872+00:00,True,0.8291645822911455,0.6395845244175409,12.701505314683018,20,,1,552.125555555569,"Lg,Li,Lr,Ly,Lz",False,True,4.221184533580562,9.066893650226248,4.221184533580562,9.066893650226248,4.781733159330779,0.010933248069368795,0.2095748376922698,False,0.07397503924512225,True,False,True,9.066893650226248,5.003303674585121,9.048699214807735,9.085088085644761,0.03638887083702613,4.659375380393436,followup_needed,0,,,False,,,,0,False,,no_prior,,No reliable period. Methods disagree at Tier 2 and Tier 3 could not resolve ambiguity. More observations needed.,sparse,4,1,4.5,1.807222222269047,low,mbls,,0
2002 TD226,2026-03-21T04:58:53.324798+00:00,False,,0.0,7.163180426678008,17,n_obs=17 < min_obs=20,1,50.211666666786186,"Lg,Li,Lr,Ly,Lz",,,,,,,,,,,,False,,,,,,,,,t1_rejected,0,,,False,,,,0,False,,no_prior,,Tier 1 failed: n_obs=17 < min_obs=20,sparse,4,1,3.5,1.4497222222562414,low,mbls,,0
2002 TE284,2026-03-21T04:58:54.716289+00:00,True,0.8056528264132066,0.4359567563363822,12.050432738103547,21,,3,334.9522222222877,"Lg,Li,Lr,Lz",False,True,0.41650419534057564,0.6542100904183809,0.41650419534057564,0.41650419534057564,24.748478152867445,1.1078150385923635e-06,0.10965893791674228,False,0.570716688418618,True,False,True,0.6542100904183809,0.7071595358636144,0.6528972942503173,0.6555228865864444,0.002625592336127025,1.0978682429163236,followup_needed,0,,,False,,,,0,False,,no_prior,,No reliable period. Methods disagree at Tier 2 and Tier 3 could not resolve ambiguity. More observations needed.,sparse,5,1,4.0,0.8538888889015652,low,mbls,,0
2002 TL249,2026-03-21T04:59:03.538744+00:00,True,0.04812490652620505,0.258308498007047,17.00003110991811,23,,1,913.552777777717,"Lg,Li,Lr,Ly,Lz",False,True,0.09268505398144423,0.19016153712474884,0.09268505398144423,0.19016153712474884,3.828515950067517,0.02016181202323375,0.06800012443967243,False,0.0258479061942057,True,False,True,0.19016153712474884,0.07414804318515539,0.18977994206697346,0.19054313218252422,0.0007631901155507881,12.995318975549191,followup_needed,0,,,False,,,,0,False,,no_prior,,No reliable period. Methods disagree at Tier 2 and Tier 3 could not resolve ambiguity. More observations needed.,sparse,3,1,3.0,0.6247222222737037,low,mbls,,0
2002 TN30,2026-03-21T04:59:05.966726+00:00,True,3.1098049024512258,0.5776954182651081,9.005510602974466,72,,3,379.11361111106817,"Lg,Li,Lr",False,True,1.1672926021080299,1.5546411551193773,1.1672926021080299,1.1672926021080299,32.07373753690621,6.217248937900877e-15,0.4056982526639997,False,0.3318350106147314,True,False,True,1.5546411551193773,0.960381204409951,1.5522987619378896,1.556983548300865,0.004684786362975313,1.1825883990503734,followup_needed,0,,,False,,,,0,False,,no_prior,,No reliable period. Methods disagree at Tier 2 and Tier 3 could not resolve ambiguity. More observations needed.,dense,4,1,20.5,0.3606944444181863,high,"gls,mbls,mhaov,ce,clean",,0
2002 TO329,2026-03-21T04:59:09.409942+00:00,True,1.183867415679725,0.1281803781125756,8.476404401113479,87,,3,307.5691666667699,"Lg,Li,Lr",False,False,4.504625904951635,21.260231979673808,4.504625904951635,4.504625904951635,3.995996893042763,0.005186055419688418,0.2907406709581923,False,3.7196443008286506,False,,,,,,,,,t2_rejected,0,,,False,,,,0,False,,no_prior,,No reliable period. Methods disagree at Tier 2 and Tier 3 could not resolve ambiguity. More observations needed.,sparse,5,1,15.0,0.39305555541068316,medium,"mbls,mhaov,clean",,0
2002 TQ41,2026-03-21T04:59:10.385303+00:00,True,5.249374687343672,0.6253263336092931,92.5961174110169,22,,3,915.3469444443472,"Lg,Li,Lr,Lu,Lz",False,True,5.563839814205202,22.62316774425892,5.563839814205202,5.563839814205202,12.028187740250523,8.032152081638433e-05,0.3935334989968219,False,3.0661069512634036,True,False,True,22.62316774425892,5.247501095671796,22.593561728516818,22.652773760001025,0.05921203148420773,11.898336631371569,followup_needed,0,,,False,,,,0,False,,no_prior,,No reliable period. Methods disagree at Tier 2 and Tier 3 could not resolve ambiguity. More observations needed.,sparse,6,1,3.5,1.7752777777786832,low,mbls,,0
2002 TU313,2026-03-21T04:59:11.806506+00:00,True,2.721860930465233,0.48589757748868717,34.98189855422149,70,,3,193.37777777784504,"Lg,Li,Lr,Lu,Lz",False,True,16.115369038303747,7.344300276180105,16.115369038303747,16.115369038303747,16.90087596971844,1.5184301593862415e-09,0.8010854768916721,False,0.5442673227820983,True,False,True,7.344300276180105,5.875440220944085,7.311961742992876,7.376638809367334,0.06467706637445758,1.5607976744820287,followup_needed,0,,,False,,,,0,False,,no_prior,,No reliable period. Methods disagree at Tier 2 and Tier 3 could not resolve ambiguity. More observations needed.,dense,3,1,28.0,1.4302777777193114,high,"gls,mbls,mhaov,ce,clean",,0
2002 TY132,2026-03-21T04:59:11.859011+00:00,False,,0.0,20.96267074187909,19,n_obs=19 < min_obs=20,2,478.17388888896676,"Lg,Li,Lr,Lz",,,,,,,,,,,,False,,,,,,,,,t1_rejected,0,,,False,,,,0,False,,no_prior,,Tier 1 failed: n_obs=19 < min_obs=20,sparse,6,1,3.0,1.1733333332813345,low,mbls,,0
2002 TY191,2026-03-21T04:59:14.112459+00:00,True,0.6647773457124851,0.6287611165409365,18.822852924662193,33,,2,93.7311111112358,"Lg,Lr",False,True,4.050769556091407,3.229960432281215,4.050769556091407,4.050769556091407,25.104298628818498,6.557875131818491e-09,0.13552454105756778,False,0.20263041687367414,True,False,True,3.229960432281215,2.6314995361327895,3.2234789063301488,3.236441958232281,0.012963051902131983,2.9104805723507936,followup_needed,0,,,False,,,,0,False,,no_prior,,No reliable period. Methods disagree at Tier 2 and Tier 3 could not resolve ambiguity. More observations needed.,sparse,3,1,12.0,0.48388888902263716,medium,"mbls,mhaov,clean",,0
2002 UQ22,2026-03-21T04:59:23.661137+00:00,True,0.28105405289565205,0.7710769622170766,10.844153526361772,22,,3,289.81583333329763,"Lg,Li,Lr,Lu,Lz",False,True,0.29901526049807686,0.5204072085305361,0.29901526049807686,0.29901526049807686,38.18666923239636,2.769857054829572e-08,0.2038700862956013,False,0.7404035087137059,True,False,True,0.5204072085305361,0.2844145153366323,0.5193629131288027,0.5214515039322696,0.0020885908034669054,4.5224085540344365,followup_needed,0,,,False,,,,0,False,,no_prior,,No reliable period. Methods disagree at Tier 2 and Tier 3 could not resolve ambiguity. More observations needed.,sparse,5,1,4.0,1.0091666666558012,low,mbls,,0
2002 VD90,2026-03-21T04:59:27.705451+00:00,True,0.2924951249651421,0.393640992673408,21.226553144922185,43,,4,533.4716666666209,"Lg,Li,Lr,Ly,Lz",False,True,14.015066111977532,3.777262577235813,14.015066111977532,14.015066111977532,7.8320720511898125,0.00010476513043322644,0.184671012360823,False,0.7304855683835536,True,False,True,3.777262577235813,3.0521292262882023,3.7491386987502398,3.805386455721386,0.056247756971146146,1.1007046517242607,followup_needed,0,,,False,,,,0,False,,no_prior,,No reliable period. Methods disagree at Tier 2 and Tier 3 could not resolve ambiguity. More observations needed.,sparse,3,1,7.0,1.2550000000046566,medium,"mbls,mhaov,clean",,0
2002 VG124,2026-03-21T04:59:28.907467+00:00,True,3.380190095047524,0.7179964105643238,46.51298247401056,26,,3,915.5019444444333,"Lg,Li,Lr,Lz",True,False,12.445079116750772,23.16727490954547,12.445079116750772,23.16727490954547,45.63083186177382,4.576979906190104e-10,0.3116369825758708,True,0.0692194604708076,False,,,,,,,,,confirmed,-1,23.16727490954547,,False,39.5,23.16727490954547,1.6036262698176154,-1,True,"1-day alias (24.0hr, Δ=3.5%)",no_prior,,"Period 23.167hr is close to known alias: 1-day alias (24.0hr, Δ=3.5%). Independent confirmation required.",sparse,7,1,3.0,0.5708333333604969,low,mbls,,0
2002 VH16,2026-03-21T04:59:30.856332+00:00,True,1.2641320660330164,0.516193226067045,35.93971549067254,22,,3,747.3099999999977,"Lg,Li,Lr,Lz",False,True,2.561971697187511,6.7111740956113755,2.561971697187511,2.561971697187511,16.200242541214255,1.2267216476735676e-05,0.2731418377291113,False,1.6195348305280532,True,False,True,6.7111740956113755,2.3237683086195755,6.697706856623529,6.724641334599222,0.026934477975693483,3.8832685014925667,followup_needed,0,,,False,,,,0,False,,no_prior,,No reliable period. Methods disagree at Tier 2 and Tier 3 could not resolve ambiguity. More observations needed.,sparse,5,1,4.0,1.6102777777123265,low,mbls,,0
2002 VH3,2026-03-21T04:59:31.734453+00:00,True,7.847423711855928,0.7173631377851968,24.817765662896374,20,,2,915.1944444444962,"Lg,Li,Lr,Lz",True,False,14.446663471223898,15.923028021408978,14.446663471223898,15.923028021408978,16.771065580226438,2.073918368727945e-05,0.2767180871412946,two_of_three,0.09271883138056228,False,,,,,,,,,tentative_2of3,1,15.923028021408978,,False,57.5,15.923028021408978,1.4763645501849871,1,False,,no_prior,,"MHAOV+MBLS agree (Greenstreet-equivalent, spread=9.3%), CE disagrees. p=2.07e-05. Publish as tentative (R=1).",sparse,7,1,4.0,0.8141666666488163,low,mbls,,0
2002 VH9,2026-03-21T04:59:32.492353+00:00,True,4.261880940470235,0.7260581123620966,10.126805759119808,22,,2,265.8336111110402,"Lg,Li,Lr,Lz",True,False,8.512702875278919,9.128806192025655,8.512702875278919,8.512702875278919,23.747367433878047,9.018556380580023e-07,0.17975080222437656,True,0.07237458252370604,False,,,,,,,,,confirmed,1,8.512702875278919,,False,31.2,8.512702875278919,0.6161033167466639,1,False,,no_prior,,"All 3 methods agree (spread=7.2%), p=9.02e-07, sparse regime. Moderate confidence.",sparse,5,1,3.0,0.9450000000069849,low,mbls,,0
2002 VN19,2026-03-21T04:59:32.544161+00:00,False,,0.0,7.199133574818587,18,n_obs=18 < min_obs=20,1,240.6944444445544,"Lg,Li,Lr,Ly,Lz",,,,,,,,,,,,False,,,,,,,,,t1_rejected,0,,,False,,,,0,False,,no_prior,,Tier 1 failed: n_obs=18 < min_obs=20,sparse,6,1,2.5,0.6208333333488554,low,mbls,,0
2002 VS96,2026-03-21T04:59:36.274933+00:00,True,0.9514847963301102,0.8613595723575328,25.046879148101635,20,,2,192.20777777780313,"Lg,Li,Lu",False,True,2.397455431300623,0.9898904069458317,2.397455431300623,2.397455431300623,35.305318982626595,1.8138663981925873e-07,0.20413206505702836,False,0.587107900308536,True,False,True,0.9898904069458317,0.7998579341742909,0.9850794595920515,0.994701354299612,0.009621894707560585,1.1392032865862958,followup_needed,0,,,False,,,,0,False,,no_prior,,No reliable period. Methods disagree at Tier 2 and Tier 3 could not resolve ambiguity. More observations needed.,sparse,5,1,3.0,0.024166666727978736,low,mbls,,0
2002 XH118,2026-03-21T04:59:41.212678+00:00,True,0.45290708971247595,0.4272838586679701,26.206698925658365,41,,4,532.9711111110519,"Lg,Li,Lr,Ly,Lz",False,True,0.9023453564448212,5.9058700201672965,0.9023453564448212,0.9023453564448212,26.039661548175733,3.4036518048452535e-10,0.31185971721533456,False,5.545021790138616,True,False,True,5.9058700201672965,4.780001822342761,5.89401877597967,5.917721264354923,0.02370248837525324,6.375778017220015,followup_needed,0,,,False,,,,0,False,,no_prior,,No reliable period. Methods disagree at Tier 2 and Tier 3 could not resolve ambiguity. More observations needed.,sparse,5,1,2.0,0.9105555555433966,medium,"mbls,mhaov,clean",,0
2002 XJ4,2026-03-21T04:59:43.826554+00:00,True,4.6498249124562285,0.47290455159425165,80.37114506876284,140,,5,193.35444444447057,"Lg,Li,Lr,Lu,Lz",False,True,4.621303816296278,23.38577825091272,4.621303816296278,4.621303816296278,34.24954347569846,1.1102230246251565e-16,0.4098928398506905,False,4.060428654018051,True,False,True,23.38577825091272,20.690677011159007,23.359232879344475,23.41232362248096,0.0530907431364831,1.332523364362719,followup_needed,0,,,False,,,,0,False,,no_prior,,No reliable period. Methods disagree at Tier 2 and Tier 3 could not resolve ambiguity. More observations needed.,dense,3,1,53.0,1.4544444444472902,high,"gls,mbls,mhaov,ce,clean",,0
2002 XO123,2026-03-21T04:59:47.048997+00:00,True,3.583803248686762,0.09763240270350336,7.714088622066262,208,,3,51.0441666666884,"Lg,Li,Lr,Lu",False,True,5.1630201390556225,12.58224778980795,5.1630201390556225,5.1630201390556225,7.287652002255478,1.6724726127126388e-05,0.4937016718122408,False,1.4369937460883029,True,False,True,12.58224778980795,4.234021866543273,12.556999132035763,12.607496447580136,0.050497315544374644,2.5067814612279777,followup_needed,0,,,False,,,,0,False,,no_prior,,No reliable period. Methods disagree at Tier 2 and Tier 3 could not resolve ambiguity. More observations needed.,dense,3,1,68.0,2.926388888794463,high,"gls,mbls,mhaov,ce,clean",,0
2002 YH32,2026-03-21T04:59:50.765561+00:00,True,0.5217283086040855,0.6378374549509633,48.05348005089189,26,,3,552.0472222222597,"Lg,Li,Lr,Ly,Lz",False,True,6.33538964186927,42.75960241045261,6.33538964186927,6.33538964186927,33.019734488486506,8.795686512463874e-09,0.5622257165954352,False,5.749324797303319,True,False,True,42.75960241045261,5.0937380264393735,42.7083933037886,42.81081151711662,0.10241821332802914,1.0218074722735069,followup_needed,0,,,False,,,,0,False,,no_prior,,No reliable period. Methods disagree at Tier 2 and Tier 3 could not resolve ambiguity. More observations needed.,sparse,5,1,4.0,1.9486111112055369,low,mbls,,0
2003 AD64,2026-03-21T04:59:55.536956+00:00,True,0.6792984092792855,0.2123482050051482,22.920670369685006,61,,3,381.78111111104954,"Li,Lr,Ly,Lz",True,False,0.8531762209496059,1.674611853926568,0.8531762209496059,1.674611853926568,6.734679092749941,0.00016910007971471241,0.16961296073566906,True,0.01860142558667255,False,,,,,,,,,confirmed,2,1.674611853926568,,False,228.0,1.674611853926568,0.031150167787374814,2,False,,no_prior,,"All 3 methods agree (spread=1.9%), p=1.69e-04, sparse regime. Moderate confidence.",sparse,4,1,2.0,0.5219444443937391,medium,"mbls,mhaov,clean",,0
2003 AJ1,2026-03-21T04:59:56.935528+00:00,True,2.474987493746873,0.8061320386716199,28.982547518387914,21,,2,650.4386111111962,"Lg,Li,Lr,Lz",False,True,4.824975558162879,7.414773066618319,4.824975558162879,4.824975558162879,47.17983294351089,1.1658993548380181e-08,0.765139254485441,False,0.536748316594784,True,False,True,7.414773066618319,3.866435263330521,7.3998939233408265,7.429652209895812,0.029758286554985247,1.6191361018628385,followup_needed,0,,,False,,,,0,False,,no_prior,,No reliable period. Methods disagree at Tier 2 and Tier 3 could not resolve ambiguity. More observations needed.,sparse,5,1,4.0,1.189444444316905,low,mbls,,0
2003 AM33,2026-03-21T04:59:57.763597+00:00,True,5.954727363681841,0.4687301384065145,28.047157260748115,21,,2,146.7577777779079,"Lg,Li,Lr,Lu,Ly,Lz",False,False,7.126283631979378,45.71017056544278,7.126283631979378,7.126283631979378,6.144517330091936,0.0034155207846986446,0.15425936493411463,False,5.414306941182052,False,,,,,,,,,t2_rejected,0,,,False,,,,0,False,,no_prior,,No reliable period. Methods disagree at Tier 2 and Tier 3 could not resolve ambiguity. More observations needed.,sparse,4,1,5.0,2.424722222291166,low,mbls,,0
2003 AN6,2026-03-21T04:59:57.809115+00:00,False,,0.0,37.782489995380224,18,n_obs=18 < min_obs=20,2,359.969722222304,"Lg,Li,Lr,Lu,Ly,Lz",,,,,,,,,,,,False,,,,,,,,,t1_rejected,0,,,False,,,,0,False,,no_prior,,Tier 1 failed: n_obs=18 < min_obs=20,sparse,6,1,3.5,0.9918055555899628,low,mbls,,0
2003 AO42,2026-03-21T05:00:01.453390+00:00,True,21.45567478377644,0.13280744403730974,105.78400782425776,43,,3,533.4716666667955,"Lg,Li,Lr,Ly,Lz",False,False,21.38011033739802,30.437304754856523,21.38011033739802,21.38011033739802,2.39494927586264,0.06735980623212956,0.8462720625940621,False,0.42362711298151096,False,,,,,,,,,t2_rejected,0,,,False,,,,0,False,,no_prior,,No reliable period. Methods disagree at Tier 2 and Tier 3 could not resolve ambiguity. More observations needed.,sparse,4,1,3.0,0.8505555555748288,medium,"mbls,mhaov,clean",,0
2003 AU61,2026-03-21T05:00:02.252174+00:00,True,3.5917958979489746,0.5890701116837076,6.852372083300295,20,,3,51.21666666667443,"Li,Lr,Ly,Lz",True,False,2.5325712414393258,5.272442719359013,2.5325712414393258,5.272442719359013,15.011986310571968,3.98842002156119e-05,0.2004318834365336,True,0.04092683220285376,False,,,,,,,,,confirmed,1,5.272442719359013,,False,9.7,5.272442719359013,0.2157843784743643,1,False,,no_prior,,"All 3 methods agree (spread=4.1%), p=3.99e-05, sparse regime. Moderate confidence.",sparse,3,1,4.0,1.290277777821757,low,mbls,,0
2003 BA5,2026-03-21T05:00:03.036002+00:00,True,1.8754377188594298,0.7114821526576526,5.469215622136765,20,,2,552.0683333334164,"Lg,Li,Lr,Lz",True,False,4.443561331349235,4.423653182042838,4.443561331349235,4.443561331349235,15.653626794180415,3.121291621033251e-05,0.5767287873543219,True,0.0044802238164106225,False,,,,,,,,,confirmed,1,4.443561331349235,,False,124.2,4.443561331349235,0.019908149306392137,1,False,,no_prior,,"All 3 methods agree (spread=0.4%), p=3.12e-05, sparse regime. Moderate confidence.",sparse,5,1,3.0,0.7783333333209157,low,mbls,,0
2003 BE33,2026-03-21T05:00:04.200493+00:00,True,6.707103551775888,0.745716148474498,91.75657412128662,21,,2,915.3577777777682,"Lg,Li,Lr,Lz",False,True,1.6471648759224895,23.65617634879327,1.6471648759224895,1.6471648759224895,16.8779399271155,1.3556304594541935e-05,0.8441604819158368,False,13.361753759186579,True,False,True,23.65617634879327,1.5865668370089532,23.630716186982408,23.681636510604132,0.050920323621724606,3.5017133412638914,followup_needed,0,,,False,,,,0,False,,no_prior,,No reliable period. Methods disagree at Tier 2 and Tier 3 could not resolve ambiguity. More observations needed.,sparse,6,1,4.0,0.9299999999930151,low,mbls,,0
2003 BE49,2026-03-21T05:00:05.304245+00:00,True,5.425712856428214,0.3004172479438722,24.555910580476542,25,,2,380.8113888889784,"Lg,Li,Lr,Ly,Lz",False,False,0.8803568376596069,0.6682118572207152,0.8803568376596069,0.8803568376596069,3.317716631267401,0.03073613531469499,0.1178683707862874,False,0.2409761262292568,False,,,,,,,,,t2_rejected,0,,,False,,,,0,False,,no_prior,,No reliable period. Methods disagree at Tier 2 and Tier 3 could not resolve ambiguity. More observations needed.,sparse,6,1,2.0,0.5213888888829388,low,mbls,,0
2003 BJ27,2026-03-21T05:00:05.369174+00:00,False,,0.0,18.401798060293853,19,n_obs=19 < min_obs=20,2,479.1533333332627,"Lg,Li,Lr,Ly,Lz",,,,,,,,,,,,False,,,,,,,,,t1_rejected,0,,,False,,,,0,False,,no_prior,,Tier 1 failed: n_obs=19 < min_obs=20,sparse,7,1,2.0,0.8908333334256895,low,mbls,,0
2003 BO43,2026-03-21T05:00:05.457289+00:00,False,,0.0,27.752492089960118,18,n_obs=18 < min_obs=20,1,271.58555555564817,"Lg,Li,Lr,Ly,Lz",,,,,,,,,,,,False,,,,,,,,,t1_rejected,0,,,False,,,,0,False,,no_prior,,Tier 1 failed: n_obs=18 < min_obs=20,sparse,4,1,5.0,1.3923611111822538,low,mbls,,0
2003 BV103,2026-03-21T05:00:06.692464+00:00,True,1.228864432216108,0.692921973251747,7.080968062551371,21,,2,552.0258333332604,"Lg,Li,Lr,Lz",True,False,2.20790926589021,4.615534021216788,2.20790926589021,4.615534021216788,28.757366127813736,3.965988458753955e-07,0.6224170926982655,True,0.04522728640205205,False,,,,,,,,,confirmed,1,4.615534021216788,,False,119.6,4.615534021216788,0.20874807907598664,1,False,,no_prior,,"All 3 methods agree (spread=4.5%), p=3.97e-07, sparse regime. Moderate confidence.",sparse,5,1,4.0,0.9558333334280178,low,mbls,,0
2003 CK2,2026-03-21T05:00:08.586852+00:00,True,2.4279639819909953,0.7194118330266024,18.916691233664256,22,,2,651.1619444444077,"Lg,Li,Lr,Lz",False,True,2.5954840543787334,4.160305063458095,2.5954840543787334,2.5954840543787334,23.84498105461624,8.760440961541605e-07,0.4388672366210107,False,0.6029014150323189,True,False,True,4.160305063458095,2.340275923279286,4.151956625203665,4.168653501712525,0.01669687650885976,1.7770301743874501,followup_needed,0,,,False,,,,0,False,,no_prior,,No reliable period. Methods disagree at Tier 2 and Tier 3 could not resolve ambiguity. More observations needed.,sparse,5,1,4.0,1.1799999999348074,low,mbls,,0
2003 EW32,2026-03-21T05:00:10.099043+00:00,True,5.637318659329665,0.5029612012722998,72.4696404017689,26,,3,552.0919444444589,"Lg,Li,Lr,Ly,Lz",False,True,1.2662642536695905,5.414194695673135,1.2662642536695905,1.2662642536695905,13.82429667283943,1.1271078942831636e-05,0.5761336411940627,False,3.2757226068569083,True,False,True,5.414194695673135,1.4771671293643918,5.403330090932656,5.425059300413615,0.021729209480960243,2.117162760512455,followup_needed,0,,,False,,,,0,False,,no_prior,,No reliable period. Methods disagree at Tier 2 and Tier 3 could not resolve ambiguity. More observations needed.,sparse,5,1,3.0,1.623055555508472,low,mbls,,0
2003 EY48,2026-03-21T05:00:11.375949+00:00,True,6.272136068034017,0.7212192426115056,48.58068287312061,22,,2,914.2586111110286,"Lg,Li,Lr,Lu,Lz",False,True,1.5707571096030424,4.298582983004016,1.5707571096030424,1.5707571096030424,21.26717926299891,1.9537544675429785e-06,0.6655553553617524,False,1.7366312440811458,True,False,True,4.298582983004016,1.399497304341975,4.289957063974576,4.307208902033455,0.0172518380588782,1.2307408304850367,followup_needed,0,,,False,,,,0,False,,no_prior,,No reliable period. Methods disagree at Tier 2 and Tier 3 could not resolve ambiguity. More observations needed.,sparse,8,1,2.5,0.6655555555480532,low,mbls,,0
2003 FD57,2026-03-21T05:00:12.192403+00:00,True,14.360180090045024,0.622796888639526,13.349744084592572,23,,2,552.0372222221922,"Lg,Li,Lr,Ly,Lz",True,False,4.778828779755572,5.261919907149377,4.778828779755572,5.261919907149377,11.986810039256019,6.342424185701301e-05,0.5460045330598362,two_of_three,0.09180890927992584,False,,,,,,,,,tentative_2of3,1,5.261919907149377,,False,104.9,5.261919907149377,0.4830911273937129,1,False,,no_prior,,"MHAOV+MBLS agree (Greenstreet-equivalent, spread=9.2%), CE disagrees. p=6.34e-05. Publish as tentative (R=1).",sparse,5,1,3.0,0.9519444445031695,low,mbls,,0
2003 FH71,2026-03-21T05:00:13.107744+00:00,True,4.508754377188595,0.8870569237919719,20.48285430307996,20,,2,51.26305555558065,"Li,Lr,Ly,Lz",False,True,4.50814044901744,6.558544443945881,4.50814044901744,4.50814044901744,70.07866979759854,1.5960699428774205e-09,0.23452868177026556,False,0.4548225633420265,True,False,True,6.558544443945881,3.805533944254187,6.549498008262233,6.567590879629529,0.01809287136729587,3.044042698786271,followup_needed,0,,,False,,,,0,False,,no_prior,,No reliable period. Methods disagree at Tier 2 and Tier 3 could not resolve ambiguity. More observations needed.,sparse,3,1,2.0,0.5936111112241633,low,mbls,,0
2003 FW54,2026-03-21T05:00:14.073857+00:00,True,1.4522261130565282,0.5071701556357644,11.247472239781619,21,,1,408.07527777773794,"Lg,Li,Lr,Ly,Lz",False,True,6.92673908644886,9.686834330803283,6.92673908644886,6.92673908644886,14.158838028765315,4.012180215906547e-05,0.13946865577329207,False,0.3984696420504335,True,False,True,9.686834330803283,6.4958449492985295,9.672934519927466,9.7007341416791,0.027799621751634973,1.7884510983086068,followup_needed,0,,,False,,,,0,False,,no_prior,,No reliable period. Methods disagree at Tier 2 and Tier 3 could not resolve ambiguity. More observations needed.,sparse,6,1,2.5,0.5909722222422715,low,mbls,,0
2003 FW81,2026-03-21T05:00:15.464056+00:00,True,0.9937468734367183,0.427310156752013,46.41915526413493,21,,1,551.1161111110705,"Lg,Li,Lr,Lu,Lz",True,False,0.7220420045627265,0.7220420045627265,0.7220420045627265,0.7220420045627265,9.38699640604448,0.000419943911996401,0.31100834026970403,True,0.0,False,,,,,,,,,confirmed,1,0.7220420045627265,,False,763.3,0.7220420045627265,0.0,1,False,,no_prior,,"All 3 methods agree (spread=0.0%), p=4.20e-04, sparse regime. Moderate confidence.",sparse,6,1,2.5,0.42722222229349427,low,mbls,,0
2003 GA65,2026-03-21T05:00:16.456018+00:00,True,3.333166583291646,0.6331854661520906,8.224260593510385,22,,2,144.89527777768672,"Lg,Li,Lr,Lu,Ly,Lz",False,True,3.3370971914766985,4.209081032680395,3.3370971914766985,3.3370971914766985,11.627817187553422,9.849422139529551e-05,0.266054830200061,False,0.26130010340441223,True,False,True,4.209081032680395,3.1384338804121996,4.202384516577097,4.215777548783692,0.013393032206594935,1.6984623435610477,followup_needed,0,,,False,,,,0,False,,no_prior,,No reliable period. Methods disagree at Tier 2 and Tier 3 could not resolve ambiguity. More observations needed.,sparse,3,1,7.0,1.9272222222061828,low,mbls,,0
2003 GM26,2026-03-21T05:00:17.427161+00:00,True,4.073786893446723,0.5325801869213604,30.503812307857096,21,,2,551.9819444444147,"Lg,Li,Lr,Ly,Lz",False,True,6.962291374096519,33.720432657142176,6.962291374096519,6.962291374096519,17.797102846169025,9.687130566149449e-06,0.3385923166172138,False,3.8432952379149974,True,False,True,33.720432657142176,6.463986907856834,33.70550115483927,33.73536415944508,0.02986300460581859,2.282317486653954,followup_needed,0,,,False,,,,0,False,,no_prior,,No reliable period. Methods disagree at Tier 2 and Tier 3 could not resolve ambiguity. More observations needed.,sparse,6,1,3.0,1.2054166666930541,low,mbls,,0
2003 GO39,2026-03-21T05:00:22.111796+00:00,True,0.8249823157886846,0.707938628778436,78.37954022855408,23,,2,552.0927777778124,"Lg,Li,Lr,Ly,Lz",True,False,8.392193568465164,17.31384333857427,8.392193568465164,17.31384333857427,35.50984052773667,2.5885834920025275e-08,0.5643326896455894,True,0.03154456563260267,False,,,,,,,,,confirmed,1,17.31384333857427,,False,31.9,17.31384333857427,0.5461576675462565,1,False,,no_prior,,"All 3 methods agree (spread=3.2%), p=2.59e-08, sparse regime. Moderate confidence.",sparse,5,1,3.0,1.9541666666627862,low,mbls,,0
2003 GS4,2026-03-21T05:00:23.223931+00:00,True,1.9107053526763382,0.6879138458684305,5.314654679267302,21,,3,242.124444444431,"Li,Lr,Lz",False,True,8.35950206778782,5.001200119290414,8.35950206778782,8.35950206778782,15.684285722803464,2.144103143331133e-05,0.26892152677092546,False,0.40173468721752637,True,False,True,5.001200119290414,4.362250806391104,4.984425198753048,5.01797503982778,0.033549841074732356,2.7195246637981487,followup_needed,0,,,False,,,,0,False,,no_prior,,No reliable period. Methods disagree at Tier 2 and Tier 3 could not resolve ambiguity. More observations needed.,sparse,5,1,4.0,0.9533333333674818,low,mbls,,0
2003 GY54,2026-03-21T05:00:24.372161+00:00,True,5.7431215607803905,0.6258611901775866,87.84837114058664,21,,2,552.0927777778124,"Lg,Li,Lr,Ly,Lz",False,True,11.361180370017681,45.90777995779043,11.361180370017681,11.361180370017681,16.569377374147656,1.5224183374185074e-05,1.0366107794589223,False,3.040757954951466,True,False,True,45.90777995779043,9.21053552405447,45.84393602484947,45.971623890731394,0.12768786588192427,15.305956456190561,followup_needed,0,,,False,,,,0,False,,no_prior,,No reliable period. Methods disagree at Tier 2 and Tier 3 could not resolve ambiguity. More observations needed.,sparse,4,1,6.0,1.7931944444426335,low,mbls,,0
2003 HC13,2026-03-21T05:00:25.306733+00:00,True,7.294897448724362,0.7599927173246599,20.749748192564233,20,,2,408.11111111106584,"Li,Lr,Ly,Lz",False,True,11.658144719241916,7.588740352170083,11.658144719241916,11.658144719241916,15.358159414683888,3.4908564568336686e-05,0.20127255746787306,False,0.34906106117853214,True,False,True,7.588740352170083,6.284187662867266,7.565346081830468,7.612134622509698,0.04678854067923055,5.305319552520575,followup_needed,0,,,False,,,,0,False,,no_prior,,No reliable period. Methods disagree at Tier 2 and Tier 3 could not resolve ambiguity. More observations needed.,sparse,4,1,3.5,0.9027777776937,low,mbls,,0
2003 HE61,2026-03-21T05:00:25.357809+00:00,False,,0.0,9.26807878930959,19,n_obs=19 < min_obs=20,2,431.17333333339775,"Lg,Li,Lr,Lz",,,,,,,,,,,,False,,,,,,,,,t1_rejected,0,,,False,,,,0,False,,no_prior,,Tier 1 failed: n_obs=19 < min_obs=20,sparse,5,1,4.0,1.2738888889434747,low,mbls,,0
2003 HJ42,2026-03-21T05:00:25.402211+00:00,False,,0.0,4.948745160281296,18,n_obs=18 < min_obs=20,1,170.62944444443565,"Li,Lr,Lz",,,,,,,,,,,,False,,,,,,,,,t1_rejected,0,,,False,,,,0,False,,no_prior,,Tier 1 failed: n_obs=18 < min_obs=20,sparse,4,1,2.5,0.7651388889353257,low,mbls,,0
2003 MN8,2026-03-21T05:00:26.271584+00:00,True,0.9584792396198099,0.6880679847224421,27.12507829823531,21,,3,453.60138888889924,"Lg,Li,Lr,Ly,Lz",True,False,9.980693122486551,9.377373331547401,9.980693122486551,9.980693122486551,9.929797119118213,0.00030986724847748004,0.16817548544905891,True,0.06044868663277571,False,,,,,,,,,confirmed,1,9.980693122486551,,False,45.4,9.980693122486551,0.6033197909390893,1,False,,no_prior,,"All 3 methods agree (spread=6.0%), p=3.10e-04, sparse regime. Moderate confidence.",sparse,7,1,3.0,0.6352777778520249,low,mbls,,0
2003 OA12,2026-03-21T05:00:26.322191+00:00,False,,0.0,70.73774820322222,19,n_obs=19 < min_obs=20,2,551.0858333333745,"Lg,Li,Lr,Ly,Lz",,,,,,,,,,,,False,,,,,,,,,t1_rejected,0,,,False,,,,0,False,,no_prior,,Tier 1 failed: n_obs=19 < min_obs=20,sparse,6,1,3.0,1.2644444444740657,low,mbls,,0
2003 OP32,2026-03-21T05:00:27.704828+00:00,True,3.0980490245122563,0.4991809940335647,11.250374887934662,23,,3,1367.0016666667652,"Lg,Li,Lr,Lu,Ly,Lz",False,False,6.19834162299302,1.0648671472878584,6.19834162299302,6.19834162299302,6.6496476635419075,0.001809414158738365,0.17775592322936767,False,0.828201281559165,False,,,,,,,,,t2_rejected,0,,,False,,,,0,False,,no_prior,,No reliable period. Methods disagree at Tier 2 and Tier 3 could not resolve ambiguity. More observations needed.,sparse,13,1,1.0,0.0,low,mbls,,0
2003 OT20,2026-03-21T05:00:28.878720+00:00,True,1.2406203101550775,0.7262729549273427,33.960117765046256,20,,3,242.08722222206416,"Lg,Li,Lr,Lz",False,True,2.483333837078835,3.3466870171037604,2.483333837078835,2.483333837078835,48.15314052046434,2.198330595337694e-08,0.52128780769346,False,0.34765892814481464,True,False,True,3.3466870171037604,2.368718429213658,3.3417037385009265,3.3516702957065942,0.009966557205667748,2.2263829263216963,followup_needed,0,,,False,,,,0,False,,no_prior,,No reliable period. Methods disagree at Tier 2 and Tier 3 could not resolve ambiguity. More observations needed.,sparse,5,1,4.0,1.0955555556574836,low,mbls,,0
2003 OW3,2026-03-21T05:00:29.857138+00:00,True,1.781390695347674,0.6135792642129428,18.01282596717648,20,,3,478.81583333329763,"Li,Lr,Ly,Lz",False,True,2.576898068907745,14.966475693665439,2.576898068907745,2.576898068907745,35.11727309585504,1.8798865442093415e-07,0.2999135523534883,False,4.8079424538528155,True,False,True,14.966475693665439,2.1442549817533347,14.936442632072803,14.996508755258075,0.0600661231852726,6.354897038208206,followup_needed,0,,,False,,,,0,False,,no_prior,,No reliable period. Methods disagree at Tier 2 and Tier 3 could not resolve ambiguity. More observations needed.,sparse,6,1,3.5,0.8190277777612209,low,mbls,,0
2003 PC10,2026-03-21T05:00:31.478594+00:00,True,16.22936468234117,0.6930861736851114,12.141282986543509,368,,3,144.36111111118225,"Lg,Li,Lr",True,False,9.640119159279541,19.799734854089266,9.640119159279541,19.799734854089266,219.69145979999072,1.1102230246251565e-16,0.9834439219100242,True,0.02694450799553093,False,,,,,,,,,confirmed,3,19.799734854089266,,False,7.3,19.799734854089266,0.5334941140854007,3,False,,no_prior,,"All 3 methods agree (spread=2.7%), p=1.11e-16, dense regime. High confidence.",dense,5,1,88.0,2.98499999998603,high,"gls,mbls,mhaov,ce,clean",,0
2003 QA71,2026-03-21T05:00:33.209053+00:00,True,2.7571285642821413,0.8077425331226277,55.140410933881505,21,,2,408.2786111111054,"Lg,Li,Lr,Ly,Lz",False,True,5.516089269931408,4.240672114713483,5.516089269931408,5.516089269931408,70.55474417874022,5.884346343520974e-10,0.3694407532570061,False,0.23121764221077468,True,False,True,4.240672114713483,3.488981070968284,4.232162404784292,4.249181824642674,0.01701941985838218,1.5746416893317334,followup_needed,0,,,False,,,,0,False,,no_prior,,No reliable period. Methods disagree at Tier 2 and Tier 3 could not resolve ambiguity. More observations needed.,sparse,5,1,5.0,1.5533333332277834,low,mbls,,0
2003 QA91,2026-03-21T05:00:33.264344+00:00,False,,0.0,2.693303947403429,27,SNR=2.69 < threshold=3.0,3,1561.2350000000442,"Lg,Li,Lr,Lz",,,,,,,,,,,,False,,,,,,,,,t1_rejected,0,,,False,,,,0,False,,no_prior,,Tier 1 failed: SNR=2.69 < threshold=3.0,sparse,14,1,2.0,0.03888888889923692,medium,"mbls,mhaov,clean",,0
2003 QA92,2026-03-21T05:00:34.820664+00:00,True,1.0055027513756878,0.6492175475059686,8.882015337348212,25,,3,3066.2416666665813,"Lg,Li,Lr,Lz",False,True,3.9084759828970617,34.61312205358836,3.9084759828970617,3.9084759828970617,23.391088552673516,2.6515456919007363e-07,0.47696422361559904,False,7.855912689509322,True,False,True,34.61312205358836,3.2418128553795027,34.594607851366604,34.63163625581012,0.03702840444351452,2.3418515884024904,followup_needed,0,,,False,,,,0,False,,no_prior,,No reliable period. Methods disagree at Tier 2 and Tier 3 could not resolve ambiguity. More observations needed.,sparse,12,1,2.0,0.016250000044237822,low,mbls,,0
2003 QE112,2026-03-21T05:00:36.067016+00:00,True,4.508754377188595,0.5408148424536133,4.089933580829812,20,,1,1392.03361111111,"Lg,Li,Lr,Lz",False,False,5.5117700821282005,1.2816350511797967,5.5117700821282005,5.5117700821282005,6.468961025490624,0.003120202704601005,0.44253081344578565,False,0.7674730563714478,False,,,,,,,,,t2_rejected,0,,,False,,,,0,False,,no_prior,,No reliable period. Methods disagree at Tier 2 and Tier 3 could not resolve ambiguity. More observations needed.,sparse,11,1,1.0,0.0,low,mbls,,0
2003 QG95,2026-03-21T05:00:37.248470+00:00,True,6.377938969484743,0.4283815729369658,122.65916404924018,37,,3,365.623333333293,"Lg,Li,Lr,Lu,Ly,Lz",False,True,17.601566163208314,3.111617871289763,17.601566163208314,17.601566163208314,28.480589898690965,3.8592551376837037e-10,0.41704115776741657,False,0.8232192611476445,True,False,True,3.111617871289763,2.6349887792995585,3.0762970027348313,3.1469387398446944,0.0706417371098631,5.780472139600042,followup_needed,0,,,False,,,,0,False,,no_prior,,No reliable period. Methods disagree at Tier 2 and Tier 3 could not resolve ambiguity. More observations needed.,sparse,3,1,5.0,1.2669444444472902,medium,"mbls,mhaov,clean",,0
2003 QK102,2026-03-21T05:00:38.238368+00:00,True,2.7336168084042023,0.8565943555970291,55.916081296962126,22,,2,478.8919444443891,"Lg,Li,Lr,Ly,Lz",False,True,9.165930414356897,33.55843773003541,9.165930414356897,9.165930414356897,45.70692838561417,7.023963299879199e-09,0.6514223471096088,False,2.661214542657783,True,False,True,33.55843773003541,7.332744331485518,33.54004455863536,33.57683090143546,0.03678634280009163,1.5944769998655244,followup_needed,0,,,False,,,,0,False,,no_prior,,No reliable period. Methods disagree at Tier 2 and Tier 3 could not resolve ambiguity. More observations needed.,sparse,7,1,3.0,0.7694444444496185,low,mbls,,0
2003 QM85,2026-03-21T05:00:38.287369+00:00,False,,0.0,11.220353158371788,18,n_obs=18 < min_obs=20,1,51.419166666513775,"Lg,Li,Lr,Ly,Lz",,,,,,,,,,,,False,,,,,,,,,t1_rejected,0,,,False,,,,0,False,,no_prior,,Tier 1 failed: n_obs=18 < min_obs=20,sparse,4,1,3.5,2.250138888921356,low,mbls,,0
2003 QQ65,2026-03-21T05:00:39.318809+00:00,True,0.7703851925962981,0.7948217170855408,52.25770829727377,35,,2,307.83305555570405,"Lg,Li,Lr",False,True,20.371075084057534,4.347165246511218,20.371075084057534,20.371075084057534,58.702657109348905,9.29256671611256e-14,0.3867070413998259,False,0.7866010886232456,True,False,True,4.347165246511218,3.4777321972089745,4.308520731798409,4.385809761224027,0.07728902942561788,1.156333891289936,followup_needed,0,,,False,,,,0,False,,no_prior,,No reliable period. Methods disagree at Tier 2 and Tier 3 could not resolve ambiguity. More observations needed.,sparse,4,1,9.5,0.437361111107748,medium,"mbls,mhaov,clean",,0
2003 QR91,2026-03-21T05:00:40.802139+00:00,True,2.5220110055027516,0.6169446361134566,4.064493420239402,22,,3,1560.785277777817,"Lg,Li,Lr,Lz",False,True,3.55751713211275,14.908406853758171,3.55751713211275,3.55751713211275,13.897594110355497,3.288121712863301e-05,0.33999487460302596,False,3.1906774584950846,True,False,True,14.908406853758171,3.2695843073731896,14.87849031826568,14.938323389250662,0.059833070984982584,2.4075725452041805,followup_needed,0,,,False,,,,0,False,,no_prior,,No reliable period. Methods disagree at Tier 2 and Tier 3 could not resolve ambiguity. More observations needed.,sparse,11,1,2.0,0.619444444484543,low,mbls,,0
2003 QS20,2026-03-21T05:00:41.580840+00:00,True,1.5110055027513758,0.7315722275566913,28.842094358384955,24,,3,242.124444444431,"Li,Lr,Ly,Lz",True,False,5.074218252840993,10.614649438757393,5.074218252840993,10.614649438757393,23.90895240295173,3.4296229578512083e-07,0.4109998446069856,True,0.045939385127387336,False,,,,,,,,,confirmed,1,10.614649438757393,,False,22.8,10.614649438757393,0.4876304685592817,1,False,,no_prior,,"All 3 methods agree (spread=4.6%), p=3.43e-07, sparse regime. Moderate confidence.",sparse,6,1,3.0,0.8158333334431518,low,mbls,,0
2003 QW56,2026-03-21T05:00:42.507143+00:00,True,0.7586293146573286,0.759936433064805,9.932015174517769,22,,1,241.34555555542465,"Li,Lr,Ly,Lz",False,True,12.953402092843685,5.896064904743135,12.953402092843685,12.953402092843685,45.18552031568668,7.672482982279405e-09,0.2055927141125178,False,0.5448249917293114,True,False,True,5.896064904743135,4.992921852444688,5.8700714557273965,5.922058353758873,0.05198689803147616,1.7656368980529056,followup_needed,0,,,False,,,,0,False,,no_prior,,No reliable period. Methods disagree at Tier 2 and Tier 3 could not resolve ambiguity. More observations needed.,sparse,5,1,4.0,0.689722222276032,low,mbls,,0
2003 QX113,2026-03-21T05:00:44.552791+00:00,True,5.566783391695848,0.46674235494906496,6.081977934285415,25,,3,1656.894722222176,"Lg,Li,Lr,Lz",False,True,4.214101800243791,14.984433334306859,4.214101800243791,4.214101800243791,10.302332203929257,0.00010726179782238887,0.5376468493908307,False,2.5557834254116587,True,False,True,14.984433334306859,3.641885970511691,14.95436423731494,15.014502431298778,0.06013819398383902,1.471963280766149,followup_needed,0,,,False,,,,0,False,,no_prior,,No reliable period. Methods disagree at Tier 2 and Tier 3 could not resolve ambiguity. More observations needed.,sparse,10,1,2.0,0.31555555554223247,low,mbls,,0
2003 QY113,2026-03-21T05:00:45.960171+00:00,True,2.8394197098549276,0.4409264661405372,3.7176829395910547,20,,2,2897.696944444324,"Lg,Li,Lr,Lz",False,False,4.592691720720487,5.1334073881401725,4.592691720720487,4.592691720720487,6.170715416010984,0.0038402875802748815,0.3842225318067355,False,0.11773393475988451,False,,,,,,,,,t2_rejected,0,,,False,,,,0,False,,no_prior,,No reliable period. Methods disagree at Tier 2 and Tier 3 could not resolve ambiguity. More observations needed.,sparse,10,2,1.5,0.005277777701849118,low,mbls,,0
2003 QY121,2026-03-21T05:00:47.482190+00:00,True,1.134817408704352,0.2336041396637733,6.781455440340022,26,,3,365.6883333332953,"Lg,Li,Lr,Ly,Lz",False,True,0.8000844818223249,1.5402766869811106,0.8000844818223249,1.5402766869811106,2.181936759162938,0.10618122485089776,0.2465059052563598,False,0.03742872035655987,True,False,True,1.5402766869811106,0.64006758545786,1.5371858307530553,1.543367543209166,0.006181712456110766,1.3176286819256842,followup_needed,0,,,False,,,,0,False,,no_prior,,No reliable period. Methods disagree at Tier 2 and Tier 3 could not resolve ambiguity. More observations needed.,sparse,3,1,4.0,1.2550000000046566,low,mbls,,0
2003 RA5,2026-03-21T05:00:47.530583+00:00,False,,0.0,31.042096212873624,19,n_obs=19 < min_obs=20,2,266.22888888884336,"Lg,Li,Lr,Ly,Lz",,,,,,,,,,,,False,,,,,,,,,t1_rejected,0,,,False,,,,0,False,,no_prior,,Tier 1 failed: n_obs=19 < min_obs=20,sparse,7,1,2.0,0.6894444444333203,low,mbls,,0
2003 RB10,2026-03-21T05:00:48.719825+00:00,True,1.9577288644322162,0.5693248056916246,37.71517446373747,21,,3,242.26444444450317,"Li,Lr,Ly,Lz",False,True,2.917212367710449,1.5328873160770065,2.917212367710449,2.917212367710449,8.657180834475845,0.000643885324534077,0.38846629697649593,False,0.4745369473116023,True,False,True,1.5328873160770065,1.468290726837641,1.5270333782153807,1.5387412539386323,0.011707875723251604,1.10660657566214,followup_needed,0,,,False,,,,0,False,,no_prior,,No reliable period. Methods disagree at Tier 2 and Tier 3 could not resolve ambiguity. More observations needed.,sparse,6,1,4.0,1.3680555555329192,low,mbls,,0
2003 RZ19,2026-03-21T05:00:49.519587+00:00,True,22.70685342671336,0.948708982547138,124.89186244710288,25,,2,747.5980555554852,"Lg,Li,Lr,Lz",True,False,22.705345920709604,23.4870238553755,22.705345920709604,22.705345920709604,113.9342391061956,1.8240964294591322e-13,1.0740700170450848,True,0.03442704363085224,False,,,,,,,,,confirmed,1,22.705345920709604,,False,32.9,22.705345920709604,0.7816779346658626,1,False,,no_prior,,"All 3 methods agree (spread=3.4%), p=1.82e-13, sparse regime. Moderate confidence.",sparse,6,1,3.0,0.9040277778112795,low,mbls,,0
2003 SB147,2026-03-21T05:00:50.706093+00:00,True,2.0165082541270634,0.8852817893233473,117.88639226451286,36,,3,533.5047222222202,"Lg,Li,Lr,Lu,Ly,Lz",False,True,5.986497646122161,17.339822691439085,5.986497646122161,5.986497646122161,183.34918584766697,1.1102230246251565e-16,0.38313077485966684,False,1.8964886844429492,True,False,True,17.339822691439085,4.8853024269358105,17.305027060620148,17.374618322258023,0.06959126163787843,1.486091291726039,followup_needed,0,,,False,,,,0,False,,no_prior,,No reliable period. Methods disagree at Tier 2 and Tier 3 could not resolve ambiguity. More observations needed.,sparse,6,1,2.5,0.73680555561441,medium,"mbls,mhaov,clean",,0
2003 SD334,2026-03-21T05:00:52.165653+00:00,True,2.9569784892446225,0.7847904367282534,23.37700760364889,20,,3,652.3288888888783,"Lg,Li,Lr,Lu,Lz",False,True,5.805868633153932,2.042606063626888,5.805868633153932,5.805868633153932,25.1090002527487,1.6969007640144085e-06,0.7398822906554874,False,0.6481825213950927,True,False,True,2.042606063626888,6.244706864288644,2.030955491118888,2.054256636134888,0.023301145016000113,8.799214656989605,followup_needed,0,,,False,,,,0,False,,no_prior,,No reliable period. Methods disagree at Tier 2 and Tier 3 could not resolve ambiguity. More observations needed.,sparse,5,1,4.0,0.6427777776843868,low,mbls,,0
2003 SD476,2026-03-21T05:00:53.058065+00:00,True,1.158329164582291,0.33722558304771744,5.717136523850267,36,,3,51.033055555599276,"Lg,Li,Lr",False,True,2.432137542595906,2.432137542595906,2.432137542595906,2.432137542595906,5.637454334655964,0.0015739175302179609,0.4173509662410695,False,0.0,True,False,True,2.432137542595906,2.0010228611324177,2.427256999032169,2.437018086159643,0.009761087127474699,1.553361013329824,followup_needed,0,,,False,,,,0,False,,no_prior,,No reliable period. Methods disagree at Tier 2 and Tier 3 could not resolve ambiguity. More observations needed.,sparse,3,1,13.0,2.7830555556574836,medium,"mbls,mhaov,clean",,0
2003 SG1,2026-03-21T05:00:54.025482+00:00,True,23.13006503251626,0.7759227881490547,27.18264265197511,20,,2,581.1522222222411,"Lg,Li,Lr,Ly,Lz",False,True,11.106560741190869,13.413101223836327,11.106560741190869,11.106560741190869,88.39476621803341,3.0566194020309467e-10,0.4743371142769657,False,0.2076736927292884,True,False,True,13.413101223836327,8.885248592952696,13.390813810977752,13.435388636694901,0.04457482571714877,1.3262722435769008,followup_needed,0,,,False,,,,0,False,,no_prior,,No reliable period. Methods disagree at Tier 2 and Tier 3 could not resolve ambiguity. More observations needed.,sparse,5,1,4.0,0.8025000000488944,low,mbls,,0
2003 SH388,2026-03-21T05:00:55.501907+00:00,True,0.6151080898089003,0.7164580761506464,19.249100693181546,21,,2,51.241111111070495,"Lg,Li,Lr,Ly,Lz",True,False,0.629863379810428,1.259726759620856,0.629863379810428,1.259726759620856,20.621867753129408,3.7361302394067764e-06,0.3060607010215866,True,0.0,False,,,,,,,,,confirmed,1,1.259726759620856,,False,40.7,1.259726759620856,0.0,1,False,,no_prior,,"All 3 methods agree (spread=0.0%), p=3.74e-06, sparse regime. Moderate confidence.",sparse,3,1,4.0,1.9944444444263354,low,mbls,,0
2003 SJ151,2026-03-21T05:00:55.582115+00:00,False,,0.0,37.00057072856136,18,n_obs=18 < min_obs=20,2,263.8591666665743,"Li,Lr,Ly,Lz",,,,,,,,,,,,False,,,,,,,,,t1_rejected,0,,,False,,,,0,False,,no_prior,,Tier 1 failed: n_obs=18 < min_obs=20,sparse,7,1,2.0,0.5661111112567596,low,mbls,,0
2003 SJ350,2026-03-21T05:00:57.087383+00:00,True,14.701100550275138,0.8395652520204964,20.267281794042134,20,,1,265.8494444444077,"Lg,Li,Lr,Lz",False,True,14.537452096709048,39.5019542245927,14.537452096709048,14.537452096709048,154.7032683605506,5.323852469985013e-12,0.7357023291237295,False,1.7172543002589387,True,False,True,39.5019542245927,11.766098352520368,39.463819291249855,39.54008915793555,0.07626986668568847,1.121473188376095,followup_needed,0,,,False,,,,0,False,,no_prior,,No reliable period. Methods disagree at Tier 2 and Tier 3 could not resolve ambiguity. More observations needed.,sparse,5,1,4.0,0.9900000000488944,low,mbls,,0
2003 SJ441,2026-03-21T05:00:58.471108+00:00,True,2.32216108054027,0.6412198193490732,35.72679931998422,20,,2,551.4972222222132,"Lg,Li,Lr,Ly,Lz",False,True,5.141031748478613,21.177066664544995,5.141031748478613,5.141031748478613,14.49338537961699,4.8915865697440886e-05,0.9396148221155849,False,3.119225031202892,True,False,True,21.177066664544995,4.339787335505024,21.141656898650197,21.212476430439793,0.07081953178959921,1.505835784896816,followup_needed,0,,,False,,,,0,False,,no_prior,,No reliable period. Methods disagree at Tier 2 and Tier 3 could not resolve ambiguity. More observations needed.,sparse,6,1,2.5,0.934583333262708,low,mbls,,0
2003 SK332,2026-03-21T05:01:00.212650+00:00,True,1.1230615307653826,0.34000141564717756,20.898914668035122,42,,2,533.4502777777961,"Lg,Li,Lr,Ly,Lz",False,True,0.5431987699688073,0.4339050228952456,0.5431987699688073,0.5431987699688073,6.966017222582641,0.0002762738128740949,0.3281129602881514,False,0.20120396642215638,True,False,True,0.4339050228952456,0.37846966545511723,0.4330343104747201,0.4347757353157711,0.0017414248410510536,3.5524171772712827,followup_needed,0,,,False,,,,0,False,,no_prior,,No reliable period. Methods disagree at Tier 2 and Tier 3 could not resolve ambiguity. More observations needed.,sparse,4,1,3.0,0.6751388888515066,medium,"mbls,mhaov,clean",,0
2003 SL234,2026-03-21T05:01:01.183669+00:00,True,1.8754377188594298,0.4876273639651934,34.31844002040878,25,,2,747.5536111111287,"Lg,Li,Lr,Lz",False,True,11.200926676242421,7.7211164768779845,11.200926676242421,11.200926676242421,16.30175759006068,4.3923922297128826e-06,0.4289805002551098,False,0.3106716345840324,True,False,True,7.7211164768779845,6.414465996175557,7.705622597660168,7.736610356095801,0.03098775843563306,2.4840445129513604,followup_needed,0,,,False,,,,0,False,,no_prior,,No reliable period. Methods disagree at Tier 2 and Tier 3 could not resolve ambiguity. More observations needed.,sparse,5,1,4.0,1.7641666666022502,low,mbls,,0
2003 SL426,2026-03-21T05:01:01.931637+00:00,True,3.286143071535768,0.8878592245838225,12.788346792372284,21,,2,241.97833333321614,"Li,Lr,Lz",True,False,7.615090306073344,7.622819037061046,7.615090306073344,7.615090306073344,72.12605081525801,4.985202251006626e-10,0.8644922431643663,True,0.0010149230904769005,False,,,,,,,,,confirmed,1,7.615090306073344,,False,31.8,7.615090306073344,0.007728730987700645,1,False,,no_prior,,"All 3 methods agree (spread=0.1%), p=4.99e-10, sparse regime. Moderate confidence.",sparse,5,1,3.0,0.9533333333674818,low,mbls,,0
2003 SM290,2026-03-21T05:01:10.868013+00:00,True,0.6745070586006229,0.7520486761699551,18.67493355846015,23,,2,332.8455555555993,"Lg,Li,Lr,Ly",False,True,0.9011122443822988,0.7472007216187142,0.9011122443822988,0.9011122443822988,16.0716460990491,9.2103364508489e-06,0.07656722758968662,False,0.17080172167554797,True,False,True,0.7472007216187142,0.5987601769225549,0.7457013221773389,0.7487001210600895,0.002998798882750675,1.3319807724092045,followup_needed,0,,,False,,,,0,False,,no_prior,,No reliable period. Methods disagree at Tier 2 and Tier 3 could not resolve ambiguity. More observations needed.,sparse,3,1,3.0,0.44499999994877726,low,mbls,,0
2003 SO152,2026-03-21T05:01:10.930796+00:00,False,,0.0,42.234135888801696,19,n_obs=19 < min_obs=20,2,766.1622222221922,"Lg,Li,Lr,Lu,Lz",,,,,,,,,,,,False,,,,,,,,,t1_rejected,0,,,False,,,,0,False,,no_prior,,Tier 1 failed: n_obs=19 < min_obs=20,sparse,6,1,3.5,0.7270833333896007,low,mbls,,0
2003 SP201,2026-03-21T05:01:12.040703+00:00,True,2.0870435217608803,0.6867766805119685,80.19534606140745,20,,2,408.13999999989755,"Lg,Li,Lr,Ly,Lz",False,True,4.171995156778564,7.211176720353184,4.171995156778564,4.171995156778564,16.86529707448862,2.0056282466374142e-05,0.40498649761010763,False,0.7284719778823082,True,False,True,7.211176720353184,3.3375961254228517,7.1967061316166925,7.225647309089676,0.028941177472983526,1.3184888473271854,followup_needed,0,,,False,,,,0,False,,no_prior,,No reliable period. Methods disagree at Tier 2 and Tier 3 could not resolve ambiguity. More observations needed.,sparse,5,1,4.0,0.9422222222783603,low,mbls,,0
2003 SP43,2026-03-21T05:01:12.109136+00:00,False,,0.0,35.95482842868756,17,n_obs=17 < min_obs=20,1,550.7966666665161,"Lg,Li,Lr,Ly",,,,,,,,,,,,False,,,,,,,,,t1_rejected,0,,,False,,,,0,False,,no_prior,,Tier 1 failed: n_obs=17 < min_obs=20,sparse,7,1,2.0,1.0091666666558012,low,mbls,,0
2003 SQ418,2026-03-21T05:01:12.155438+00:00,False,,0.0,15.933402799253804,18,n_obs=18 < min_obs=20,2,504.7297222223715,"Lg,Li,Lr,Lz",,,,,,,,,,,,False,,,,,,,,,t1_rejected,0,,,False,,,,0,False,,no_prior,,Tier 1 failed: n_obs=18 < min_obs=20,sparse,5,1,4.0,0.5747222222853452,low,mbls,,0
2003 SS283,2026-03-21T05:01:13.177889+00:00,True,1.0407703851925962,0.738010172210774,15.314729566943202,25,,2,552.0919444444589,"Lg,Li,Lr,Ly,Lz",False,True,2.2796782686107977,15.6319756452084,2.2796782686107977,2.2796782686107977,18.811677141480356,1.4831991327346472e-06,0.20981179506712186,False,5.857097275717084,True,False,True,15.6319756452084,2.0463734023248765,15.600607132207985,15.663344158208814,0.06273702600082842,1.165779967935306,followup_needed,0,,,False,,,,0,False,,no_prior,,No reliable period. Methods disagree at Tier 2 and Tier 3 could not resolve ambiguity. More observations needed.,sparse,6,1,3.0,1.1887499999720603,low,mbls,,0
2003 SS288,2026-03-21T05:01:13.225385+00:00,False,,0.0,28.687775330071553,19,n_obs=19 < min_obs=20,2,553.0869444444543,"Lg,Li,Lr,Ly,Lz",,,,,,,,,,,,False,,,,,,,,,t1_rejected,0,,,False,,,,0,False,,no_prior,,Tier 1 failed: n_obs=19 < min_obs=20,sparse,5,1,3.0,0.9558333334280178,low,mbls,,0
2003 ST168,2026-03-21T05:01:13.270717+00:00,False,,0.0,98.64118923491736,19,n_obs=19 < min_obs=20,1,747.5752777777961,"Lg,Li,Lr,Lu,Lz",,,,,,,,,,,,False,,,,,,,,,t1_rejected,0,,,False,,,,0,False,,no_prior,,Tier 1 failed: n_obs=19 < min_obs=20,sparse,4,1,4.5,4.242638888885267,low,mbls,,0
2003 SU354,2026-03-21T05:01:14.087325+00:00,True,6.0605302651325665,0.27139874158960275,13.850871664727881,24,,2,381.96083333337447,"Lg,Li,Lr,Ly",False,False,6.062123884549811,36.4045833353489,6.062123884549811,6.062123884549811,3.051008885184527,0.042333477433856626,0.12119512706636898,False,5.005252289239119,False,,,,,,,,,t2_rejected,0,,,False,,,,0,False,,no_prior,,No reliable period. Methods disagree at Tier 2 and Tier 3 could not resolve ambiguity. More observations needed.,sparse,3,1,3.0,0.46805555565515533,low,mbls,,0
2003 SU444,2026-03-21T05:01:15.185423+00:00,True,1.4757378689344671,0.3245769711902131,13.33392321114384,29,,2,335.2572222223389,"Lg,Li,Lr,Ly",False,True,1.0740528193401693,1.0407705345388243,1.0740528193401693,1.0740528193401693,6.403387173378316,0.0011813274289012021,0.09467085479912127,False,0.030987568024597286,True,False,True,1.0407705345388243,0.8354010979575848,1.0396201354897192,1.0419209335879294,0.002300798098209933,1.519811522695157,followup_needed,0,,,False,,,,0,False,,no_prior,,No reliable period. Methods disagree at Tier 2 and Tier 3 could not resolve ambiguity. More observations needed.,sparse,3,1,3.0,0.25916666665580124,medium,"mbls,mhaov,clean",,0
2003 SV258,2026-03-21T05:01:15.969621+00:00,True,6.413206603301651,0.6009456757913126,9.567775721131108,21,,2,52.72694444441004,"Lg,Li,Lr,Ly,Lz",True,False,4.2171210647004065,4.232057175636834,4.2171210647004065,4.2171210647004065,17.797055478317645,9.687294875382335e-06,0.21240462100911062,True,0.0035417790258495253,False,,,,,,,,,confirmed,1,4.2171210647004065,,False,12.5,4.2171210647004065,0.01493611093642412,1,False,,no_prior,,"All 3 methods agree (spread=0.4%), p=9.69e-06, sparse regime. Moderate confidence.",sparse,3,1,9.0,3.3622222222038545,low,mbls,,0
2003 SW157,2026-03-21T05:01:26.062370+00:00,True,0.09963431539905954,0.21041530375250767,10.78171554622911,57,,3,381.64833333331626,"Lg,Li,Lr,Ly,Lz",True,False,0.19713820977940127,0.39523470539117184,0.19713820977940127,0.39523470539117184,7.612308858276825,6.616427487360355e-05,0.10997349857153693,True,0.002430492377503033,False,,,,,,,,,confirmed,2,0.39523470539117184,,False,965.6,0.39523470539117184,0.0009606149387779001,2,False,,no_prior,,"All 3 methods agree (spread=0.2%), p=6.62e-05, sparse regime. Moderate confidence.",sparse,4,1,3.5,0.9809722222562414,medium,"mbls,mhaov,clean",,0
2003 SX91,2026-03-21T05:01:27.029601+00:00,True,3.8386693346673337,0.6730344022012317,28.328744400470782,20,,2,504.71861111110775,"Lg,Li,Lr,Ly,Lz",False,True,17.279492697332326,20.668223074524924,17.279492697332326,17.279492697332326,17.196890908452534,1.784793921877359e-05,0.2960353789849197,False,0.1961128394536471,True,False,True,20.668223074524924,15.464857009385053,20.63771656989673,20.698729579153117,0.06101300925638142,4.142175375144094,followup_needed,0,,,False,,,,0,False,,no_prior,,No reliable period. Methods disagree at Tier 2 and Tier 3 could not resolve ambiguity. More observations needed.,sparse,6,1,3.0,1.0874999999650754,low,mbls,,0
2003 TC11,2026-03-21T05:01:28.022512+00:00,True,1.7226113056528265,0.6617015023436128,22.37600841414959,20,,1,551.9819444444147,"Lg,Li,Lr,Ly,Lz",False,True,5.006417847136306,11.820291939901262,5.006417847136306,5.006417847136306,14.585792308529559,4.7149547502289835e-05,0.2953633110667746,False,1.361027844821455,True,False,True,11.820291939901262,4.534240645500039,11.796572290523535,11.844011589278988,0.047439298755451276,2.1518269378912667,followup_needed,0,,,False,,,,0,False,,no_prior,,No reliable period. Methods disagree at Tier 2 and Tier 3 could not resolve ambiguity. More observations needed.,sparse,6,1,2.0,1.0680555556027684,low,mbls,,0
2003 UA230,2026-03-21T05:01:29.566442+00:00,True,1.7696348174087044,0.5127864758284378,26.496243270863477,29,,3,333.1958333333605,"Lg,Li,Lr,Ly,Lz",False,True,1.2502500312539067,0.7215901987748469,1.2502500312539067,1.2502500312539067,9.468621005923456,9.679296478970478e-05,0.23316694078359862,False,0.4228432867531552,True,False,True,0.7215901987748469,1.3614762882149565,0.7190813358358761,0.7240990617138177,0.005017725877941581,2.8489156056944225,followup_needed,0,,,False,,,,0,False,,no_prior,,No reliable period. Methods disagree at Tier 2 and Tier 3 could not resolve ambiguity. More observations needed.,sparse,3,1,14.0,0.7124999999650754,medium,"mbls,mhaov,clean",,0
2003 UB316,2026-03-21T05:01:29.617928+00:00,False,,0.0,79.08660772143355,19,n_obs=19 < min_obs=20,1,672.5697222221643,"Lg,Li,Lr,Lu,Lz",,,,,,,,,,,,False,,,,,,,,,t1_rejected,0,,,False,,,,0,False,,no_prior,,Tier 1 failed: n_obs=19 < min_obs=20,sparse,7,1,3.0,0.6086111112381332,low,mbls,,0
2003 UC344,2026-03-21T05:01:30.415021+00:00,True,3.4859929964982492,0.493936230410396,5.274378026921973,21,,3,915.459444444452,"Lg,Li,Lr,Lz",False,False,6.307385978751297,4.762299997948291,6.307385978751297,6.307385978751297,5.43117314549545,0.005870627163228059,0.17141728587496413,False,0.24496455203596867,False,,,,,,,,,t2_rejected,0,,,False,,,,0,False,,no_prior,,No reliable period. Methods disagree at Tier 2 and Tier 3 could not resolve ambiguity. More observations needed.,sparse,7,1,4.0,0.6702777778264135,low,mbls,,0
2003 UD337,2026-03-21T05:01:32.081050+00:00,True,3.8856928464232117,0.45079112733490895,9.734944779760221,61,,3,287.3844444444403,"Lg,Li,Lr",False,True,2.9688884986786648,1.3102628098275741,2.9688884986786648,2.9688884986786648,15.340268788836514,1.573308983093824e-08,0.2998362992166148,False,0.5586689057499872,True,False,True,1.3102628098275741,1.0692445672171509,1.3043051740442728,1.3162204456108755,0.011915271566602659,2.2372954871459334,followup_needed,0,,,False,,,,0,False,,no_prior,,No reliable period. Methods disagree at Tier 2 and Tier 3 could not resolve ambiguity. More observations needed.,sparse,5,1,13.0,0.4958333332906477,medium,"mbls,mhaov,clean",,0
2003 UE450,2026-03-21T05:01:32.130927+00:00,False,,0.0,8.202630777953576,17,n_obs=17 < min_obs=20,2,432.6000000000349,"Lg,Li,Lr,Lz",,,,,,,,,,,,False,,,,,,,,,t1_rejected,0,,,False,,,,0,False,,no_prior,,Tier 1 failed: n_obs=17 < min_obs=20,sparse,5,1,2.0,0.5747222222853452,low,mbls,,0
2003 UF206,2026-03-21T05:01:33.492741+00:00,True,16.029514757378692,0.6208440010137978,11.36810528538747,20,,2,551.0858333333745,"Lg,Li,Lr,Ly,Lz",False,True,8.669362240175206,2.7289190372552343,8.669362240175206,8.669362240175206,25.50410015012762,1.5350566816563216e-06,0.26317163735671995,False,0.6852226309555189,True,False,True,2.7289190372552343,3.2674013890882065,2.711522323729802,2.7463157507806666,0.03479342705086452,1.3204988487705929,followup_needed,0,,,False,,,,0,False,,no_prior,,No reliable period. Methods disagree at Tier 2 and Tier 3 could not resolve ambiguity. More observations needed.,sparse,5,1,4.0,1.8991666667279787,low,mbls,,0
2003 UF298,2026-03-21T05:01:34.738765+00:00,True,1.1935967983991995,0.8110929641774111,27.615471959220063,20,,2,915.0277777778101,"Lg,Li,Lr,Lu,Lz",True,False,5.610303067505743,5.995080276049996,5.610303067505743,5.610303067505743,49.112101680871326,1.918660808009065e-08,0.5329786088129471,True,0.06858403261185145,False,,,,,,,,,confirmed,1,5.610303067505743,,False,163.1,5.610303067505743,0.3847772085441841,1,False,,no_prior,,"All 3 methods agree (spread=6.9%), p=1.92e-08, sparse regime. Moderate confidence.",sparse,7,1,2.0,0.7033333332510665,low,mbls,,0
2003 UH160,2026-03-21T05:01:36.084731+00:00,True,12.867183591795898,0.7256234470515113,9.078609796319606,20,,2,478.7261111110565,"Li,Lr,Lz",False,True,8.398263403125371,19.27304115545602,8.398263403125371,8.398263403125371,21.809368197233816,4.147802879495011e-06,0.5465323097384404,False,1.2948841004775298,True,False,True,19.27304115545602,15.934099577353606,19.23436615648186,19.31171615443018,0.07734999794831765,1.6253655935253628,followup_needed,0,,,False,,,,0,False,,no_prior,,No reliable period. Methods disagree at Tier 2 and Tier 3 could not resolve ambiguity. More observations needed.,sparse,6,1,2.5,0.831805555644678,low,mbls,,0
2003 UO207,2026-03-21T05:01:37.339253+00:00,True,4.4029514757378685,0.6129502453288895,51.19150304990372,23,,3,651.2074999999604,"Lg,Li,Lr,Ly,Lz",False,True,2.2968116616779586,7.005461801065965,2.2968116616779586,2.2968116616779586,26.432824662795767,2.536248042694922e-07,0.4914384292790757,False,2.0500810832465057,True,False,True,7.005461801065965,8.181629635224866,6.9914040181875725,7.019519583944358,0.028115565756785088,1.1942138180048356,followup_needed,0,,,False,,,,0,False,,no_prior,,No reliable period. Methods disagree at Tier 2 and Tier 3 could not resolve ambiguity. More observations needed.,sparse,4,1,3.0,0.8680555554747116,low,mbls,,0
2003 US332,2026-03-21T05:01:38.101473+00:00,True,5.731365682841421,0.5480937346752848,18.76049285244765,21,,3,914.525277777866,"Lg,Li,Lr,Lz",True,False,8.423024199662352,16.69327423798595,8.423024199662352,16.69327423798595,9.870527004723309,0.00032015022421505446,0.39959849775713496,True,0.009068842598414348,False,,,,,,,,,confirmed,1,16.69327423798595,,False,54.8,16.69327423798595,0.1513886765164598,1,False,,no_prior,,"All 3 methods agree (spread=0.9%), p=3.20e-04, sparse regime. Moderate confidence.",sparse,7,1,3.0,0.565000000060536,low,mbls,,0
2003 UT441,2026-03-21T05:01:39.033051+00:00,True,9.622561280640321,0.4584363523101149,11.749219815093147,22,,2,552.1019444445265,"Lg,Li,Lr,Lz",False,True,9.795009708922484,6.826051717922983,9.795009708922484,9.795009708922484,16.010590280349117,1.3249838499707067e-05,0.8200955430935016,False,0.30310924432210723,True,False,True,6.826051717922983,5.497368741390817,6.81235395527832,6.8397494805676455,0.02739552528932432,1.180054695152025,followup_needed,0,,,False,,,,0,False,,no_prior,,No reliable period. Methods disagree at Tier 2 and Tier 3 could not resolve ambiguity. More observations needed.,sparse,6,1,3.0,1.09652777784504,low,mbls,,0
2003 UU157,2026-03-21T05:01:40.389968+00:00,True,11.585792896448224,0.24113950260745548,6.721085685589464,26,,2,533.4494444444426,"Lg,Li,Lr,Ly,Lz",True,False,0.24595913095940394,0.24595913095940394,0.24595913095940394,0.24595913095940394,7.925387144557162,0.00046605216533968097,0.10484893669519563,True,0.0,False,,,,,,,,,confirmed,2,0.24595913095940394,,False,2168.9,0.24595913095940394,0.0,2,False,,no_prior,,"All 3 methods agree (spread=0.0%), p=4.66e-04, sparse regime. Moderate confidence.",sparse,4,1,4.0,0.5815277777728625,medium,"mbls,mhaov,clean",,0
2003 UW103,2026-03-21T05:01:41.353632+00:00,True,0.7821410705352676,0.8820447853876526,12.598166637302553,20,,2,551.1425000000163,"Lg,Li,Lr,Ly,Lz",False,True,9.673663148680042,13.072899654228582,9.673663148680042,9.673663148680042,70.25025852548573,1.5686921761570716e-09,0.3558982075037971,False,0.3513908282005881,True,False,True,13.072899654228582,9.343658586417378,13.053487621154307,13.092311687302857,0.03882406614854972,1.4628484586362753,followup_needed,0,,,False,,,,0,False,,no_prior,,No reliable period. Methods disagree at Tier 2 and Tier 3 could not resolve ambiguity. More observations needed.,sparse,6,1,3.5,0.7626388888747897,low,mbls,,0
2003 UX63,2026-03-21T05:01:41.402372+00:00,False,,0.0,28.8568166454587,17,n_obs=17 < min_obs=20,2,366.4091666666209,"Lg,Li,Lr,Lz",,,,,,,,,,,,False,,,,,,,,,t1_rejected,0,,,False,,,,0,False,,no_prior,,Tier 1 failed: n_obs=17 < min_obs=20,sparse,5,1,3.0,1.0491666667512618,low,mbls,,0
2003 UY228,2026-03-21T05:01:41.453636+00:00,False,,0.0,40.3583141184579,18,n_obs=18 < min_obs=20,2,265.7294444444706,"Li,Lr,Ly,Lz",,,,,,,,,,,,False,,,,,,,,,t1_rejected,0,,,False,,,,0,False,,no_prior,,Tier 1 failed: n_obs=18 < min_obs=20,sparse,5,1,4.0,1.0236111109843478,low,mbls,,0
2003 UZ149,2026-03-21T05:01:42.446531+00:00,True,0.9819909954977488,0.6108296129985032,34.79059565208572,26,,2,747.5980555554852,"Lg,Li,Lr,Lz",False,True,4.567783057917755,18.817615439096674,4.567783057917755,4.567783057917755,8.901348705636055,0.00022875599231153565,0.4505382136945101,False,3.1196386081592173,True,False,True,18.817615439096674,3.684780179163086,18.779854337881098,18.85537654031225,0.0755222024311486,1.1155248703701242,followup_needed,0,,,False,,,,0,False,,no_prior,,No reliable period. Methods disagree at Tier 2 and Tier 3 could not resolve ambiguity. More observations needed.,sparse,6,1,4.5,1.3530555555189494,low,mbls,,0
2003 WA155,2026-03-21T05:01:43.934706+00:00,True,2.251625812906453,0.7018748766900681,82.7861255994923,21,,2,667.3644444443635,"Lg,Li,Lr,Ly,Lz",False,True,0.7541721151236951,4.114418316796853,0.7541721151236951,0.7541721151236951,33.55631883451878,1.349161533603649e-07,1.1341699207130445,False,4.455542885084758,True,False,True,4.114418316796853,0.6467215060793159,4.106161958970506,4.122674674623201,0.016512715652694965,3.829601314323995,followup_needed,0,,,False,,,,0,False,,no_prior,,No reliable period. Methods disagree at Tier 2 and Tier 3 could not resolve ambiguity. More observations needed.,sparse,7,1,2.0,0.628611111023929,low,mbls,,0
2003 WO39,2026-03-21T05:01:43.997540+00:00,False,,0.0,16.544727470518108,18,n_obs=18 < min_obs=20,3,745.6997222222853,"Lg,Li,Lr,Lz",,,,,,,,,,,,False,,,,,,,,,t1_rejected,0,,,False,,,,0,False,,no_prior,,Tier 1 failed: n_obs=18 < min_obs=20,sparse,5,1,4.0,1.6102777777123265,low,mbls,,0
2003 WS54,2026-03-21T05:01:53.466316+00:00,True,0.06001633406213977,0.1804731354348917,18.729407173832527,39,,3,651.2411111110705,"Li,Lr,Ly,Lz",False,True,0.06025542724286865,0.1205108544857373,0.06025542724286865,0.1205108544857373,4.103284626378551,0.008074693666530353,0.08053645084747986,False,0.0,True,False,True,0.1205108544857373,0.04820434179429492,0.12026902668409369,0.12075268228738091,0.00048365560328722523,1.09230815593157,followup_needed,0,,,False,,,,0,False,,no_prior,,No reliable period. Methods disagree at Tier 2 and Tier 3 could not resolve ambiguity. More observations needed.,sparse,4,1,3.0,0.9566666666069068,medium,"mbls,mhaov,clean",,0
2003 WZ22,2026-03-21T05:01:53.520957+00:00,False,,0.0,29.965916490726116,17,n_obs=17 < min_obs=20,0,551.548055555555,"Lg,Li,Lr,Ly,Lz",,,,,,,,,,,,False,,,,,,,,,t1_rejected,0,,,False,,,,0,False,,no_prior,,Tier 1 failed: n_obs=17 < min_obs=20,sparse,4,1,4.5,2.0519444445089903,low,mbls,,0
2003 WZ23,2026-03-21T05:01:57.922119+00:00,True,0.3817964899108011,0.38815438884065495,12.742802950757044,31,,3,365.6991666665417,"Lg,Li,Lr,Ly,Lz",False,True,0.8142358598319156,0.6304101083369769,0.8142358598319156,0.8142358598319156,9.397524305451364,7.750778697757088e-05,0.14909079452385743,False,0.22576474528235652,True,False,True,0.6304101083369769,0.5068581606829741,0.6291450713302805,0.6316751453436732,0.002530074013392669,2.507668335226761,followup_needed,0,,,False,,,,0,False,,no_prior,,No reliable period. Methods disagree at Tier 2 and Tier 3 could not resolve ambiguity. More observations needed.,sparse,3,1,5.0,1.3024999999324791,medium,"mbls,mhaov,clean",,0
2003 XA16,2026-03-21T05:01:59.562555+00:00,True,4.3794397198599295,0.6410547929676377,27.054029636915207,29,,2,550.8519444444682,"Lg,Li,Lr,Ly",False,True,3.8545549051162165,4.584690286206646,3.8545549051162165,3.8545549051162165,13.628106910755587,6.212108412229078e-06,0.2516024756233114,False,0.1894214504821605,True,False,True,4.584690286206646,3.23318518462591,4.577328921459003,4.592051650954289,0.014722729495286302,1.1143646294570553,followup_needed,0,,,False,,,,0,False,,no_prior,,No reliable period. Methods disagree at Tier 2 and Tier 3 could not resolve ambiguity. More observations needed.,sparse,4,1,2.0,0.3641666666662786,low,mbls,,0
2003 XW9,2026-03-21T05:01:59.613348+00:00,False,,0.0,9.117387041125614,18,n_obs=18 < min_obs=20,2,241.4641666666721,"Lg,Li,Lr,Ly,Lz",,,,,,,,,,,,False,,,,,,,,,t1_rejected,0,,,False,,,,0,False,,no_prior,,Tier 1 failed: n_obs=18 < min_obs=20,sparse,5,1,3.0,0.8213888889877126,low,mbls,,0
2003 XY24,2026-03-21T05:01:59.661861+00:00,False,,0.0,39.76044442768706,18,n_obs=18 < min_obs=20,2,551.1311111110845,"Lg,Li,Lr,Ly,Lz",,,,,,,,,,,,False,,,,,,,,,t1_rejected,0,,,False,,,,0,False,,no_prior,,Tier 1 failed: n_obs=18 < min_obs=20,sparse,6,1,3.0,0.6277777777577285,low,mbls,,0
2003 YA69,2026-03-21T05:02:01.518653+00:00,True,0.7586293146573286,0.7442893339553414,22.438473265098303,22,,1,552.0463888889062,"Lg,Li,Lr,Ly,Lz",True,False,0.7692032039272543,1.6162210371343941,0.7692032039272543,1.6162210371343941,25.933191072310503,4.814426483035206e-07,0.40613636609827924,True,0.050581321608219765,False,,,,,,,,,confirmed,1,1.6162210371343941,,False,341.6,1.6162210371343941,0.08175059606926528,1,False,,no_prior,,"All 3 methods agree (spread=5.1%), p=4.81e-07, sparse regime. Moderate confidence.",sparse,4,1,5.5,2.071111111115897,low,mbls,,0
2003 YL188,2026-03-21T05:02:03.620949+00:00,True,1.5676527802728806,0.05593539201046603,6.664570926901124,158,,3,50.974166666565,"Lg,Li,Lr",False,True,1.3848362702203851,1.3848362702203851,1.3848362702203851,1.3848362702203851,3.573893211235684,0.008119564392533585,0.7064445182515191,False,0.0,True,False,True,1.3848362702203851,1.563614464302348,1.3820573345610803,1.38761520587969,0.005557871318609964,1.116424074559147,followup_needed,0,,,False,,,,0,False,,no_prior,,No reliable period. Methods disagree at Tier 2 and Tier 3 could not resolve ambiguity. More observations needed.,dense,3,1,50.0,2.88916666660225,high,"gls,mbls,mhaov,ce,clean",,0
2003 YW32,2026-03-21T05:02:12.640498+00:00,True,0.5106236146343164,0.6200200772859676,16.873520643221912,22,,2,552.1019444445265,"Lg,Li,Lr,Ly,Lz",False,True,2.164744928343687,0.09959092527419809,2.164744928343687,2.164744928343687,12.595304556404615,6.0652244494030505e-05,0.36868642605439883,False,0.9539941523958888,True,False,True,0.09959092527419809,0.10352126948234369,0.09524695551832495,0.10393489503007124,0.00868793951174629,1.0768644895637238,followup_needed,0,,,False,,,,0,False,,no_prior,,No reliable period. Methods disagree at Tier 2 and Tier 3 could not resolve ambiguity. More observations needed.,sparse,5,1,5.0,2.0036111111403443,low,mbls,,0
2004 AJ14,2026-03-21T05:02:14.327283+00:00,True,1.0407703851925962,0.6220910881786267,29.22527484188224,26,,3,552.0341666666209,"Lg,Li,Lr,Ly,Lz",True,False,16.989156160778226,16.98331379091221,16.989156160778226,16.989156160778226,28.558997955281434,3.170512274941473e-08,0.19142555021432867,True,0.00034388817259234714,False,,,,,,,,,confirmed,1,16.989156160778226,,False,32.5,16.989156160778226,0.00584236986601604,1,False,,no_prior,,"All 3 methods agree (spread=0.0%), p=3.17e-08, sparse regime. Moderate confidence.",sparse,5,1,4.0,1.5674999998882413,low,mbls,,0
2004 AM5,2026-03-21T05:02:15.619540+00:00,True,1.8754377188594298,0.5948682843617668,17.851355661515058,21,,3,455.3916666667792,"Lg,Li,Lr,Ly,Lz",True,False,2.2170054429640125,2.4438183743703332,2.2170054429640125,2.4438183743703332,19.879564909702935,4.74781884363118e-06,0.44092848483942193,two_of_three,0.09281087898550065,False,,,,,,,,,tentative_2of3,1,2.4438183743703332,,False,186.3,2.4438183743703332,0.22681293140622794,1,False,,no_prior,,"MHAOV+MBLS agree (Greenstreet-equivalent, spread=9.3%), CE disagrees. p=4.75e-06. Publish as tentative (R=1).",sparse,7,1,3.0,0.8213888889877126,low,mbls,,0
2004 BA6,2026-03-21T05:02:15.686221+00:00,False,,0.0,11.024262592854654,17,n_obs=17 < min_obs=20,1,336.5194444445078,"Lg,Li,Lr,Lz",,,,,,,,,,,,False,,,,,,,,,t1_rejected,0,,,False,,,,0,False,,no_prior,,Tier 1 failed: n_obs=17 < min_obs=20,sparse,4,1,4.5,1.057222222269047,low,mbls,,0
2004 BG118,2026-03-21T05:02:15.736095+00:00,False,,0.0,50.47225060788738,17,n_obs=17 < min_obs=20,1,551.6327777778497,"Lg,Li,Lr,Ly,Lz",,,,,,,,,,,,False,,,,,,,,,t1_rejected,0,,,False,,,,0,False,,no_prior,,Tier 1 failed: n_obs=17 < min_obs=20,sparse,5,1,4.0,0.7661111110355705,low,mbls,,0
2004 BM139,2026-03-21T05:02:19.269358+00:00,True,0.17989316167353142,0.724666226528621,6.037957504943081,20,,2,313.6758333334001,"Lg,Li,Lr,Lz",False,True,2.857210388169206,41.38689478529291,2.857210388169206,2.857210388169206,16.98058595621996,1.925515904177555e-05,0.1793273378968095,False,13.485070807753363,True,False,True,41.38689478529291,2.404261316599907,41.341194873111135,41.432594697474684,0.09139982436354188,1.258490857628312,followup_needed,0,,,False,,,,0,False,,no_prior,,No reliable period. Methods disagree at Tier 2 and Tier 3 could not resolve ambiguity. More observations needed.,sparse,6,1,2.5,0.6559722222445998,low,mbls,,0
2004 BM84,2026-03-21T05:02:20.589834+00:00,True,2.533766883441721,0.6965411210558218,21.500166642325862,26,,3,550.4688888889505,"Lg,Li,Lr,Ly,Lz",True,False,1.8328222431005479,1.8269563585393147,1.8328222431005479,1.8328222431005479,35.08498684401639,5.10228026495696e-09,0.3063773746531435,True,0.003200465611606045,False,,,,,,,,,confirmed,1,1.8328222431005479,,False,300.3,1.8328222431005479,0.005865884561229958,1,False,,no_prior,,"All 3 methods agree (spread=0.3%), p=5.10e-09, sparse regime. Moderate confidence.",sparse,5,1,3.0,1.1516666666138917,low,mbls,,0
2004 BR55,2026-03-21T05:02:21.561857+00:00,True,1.710855427713857,0.7606551398131851,11.520597510268466,20,,1,552.0463888889062,"Lg,Li,Lr,Ly,Lz",False,True,4.006126792138984,8.989369935050886,4.006126792138984,4.006126792138984,21.520665254851508,4.50900226989237e-06,0.3652029410755104,False,1.2439054981207833,True,False,True,8.989369935050886,3.210260800657193,8.971331065616004,9.007408804485769,0.036077738869764175,1.7701541795697724,followup_needed,0,,,False,,,,0,False,,no_prior,,No reliable period. Methods disagree at Tier 2 and Tier 3 could not resolve ambiguity. More observations needed.,sparse,5,1,4.0,1.5797222221735865,low,mbls,,0
2004 BW42,2026-03-21T05:02:22.554113+00:00,True,8.141320660330166,0.6540397936345724,197.67556796782412,21,,2,747.5536111111287,"Lg,Li,Lr,Lu,Lz",False,True,10.37581659702809,8.73370531964882,10.37581659702809,10.37581659702809,19.29450483168604,5.76454618184119e-06,0.5139564767163427,False,0.15826332915805932,True,False,True,8.73370531964882,7.08043534944105,8.717083117406727,8.750327521890913,0.03324440448418464,1.448929234413619,followup_needed,0,,,False,,,,0,False,,no_prior,,No reliable period. Methods disagree at Tier 2 and Tier 3 could not resolve ambiguity. More observations needed.,sparse,6,1,3.0,1.8483333332987968,low,mbls,,0
2004 CQ86,2026-03-21T05:02:23.586866+00:00,True,4.097298649324662,0.6446055354043376,16.518104807821583,21,,1,365.66611111111706,"Lg,Li,Lr,Ly,Lz",False,True,2.0338139226332075,5.428454828447903,2.0338139226332075,2.0338139226332075,27.16499134872774,5.871876000984599e-07,0.2725487293290561,False,1.6691010264193376,True,False,True,5.428454828447903,1.6841883854313786,5.41756160805637,5.4393480488394355,0.021786440783065686,1.0287941995382384,followup_needed,0,,,False,,,,0,False,,no_prior,,No reliable period. Methods disagree at Tier 2 and Tier 3 could not resolve ambiguity. More observations needed.,sparse,4,1,3.0,0.46208333334652707,low,mbls,,0
2004 CT26,2026-03-21T05:02:25.882191+00:00,True,2.7923961980990497,0.672201054615614,82.41726070513148,69,,3,289.7561111112591,"Lg,Li,Lr,Lz",False,True,2.465282448304015,5.514749213778864,2.465282448304015,2.465282448304015,41.82044848685129,1.1102230246251565e-16,0.725271894205157,False,1.2369644571848086,True,False,True,5.514749213778864,2.470229503384224,5.5036828273967,5.525815600161028,0.022132772764327235,1.643872872644343,followup_needed,0,,,False,,,,0,False,,no_prior,,No reliable period. Methods disagree at Tier 2 and Tier 3 could not resolve ambiguity. More observations needed.,sparse,6,1,11.5,0.4116666667687241,medium,"mbls,mhaov,clean",,0
2004 EK117,2026-03-21T05:02:26.878449+00:00,True,4.026763381690845,0.6815426317682459,29.618596661482744,20,,2,915.4588888887665,"Lg,Li,Lr,Lz",False,True,5.343651992181062,8.042761951785142,5.343651992181062,5.343651992181062,30.376771171486187,4.922071783486359e-07,0.5523868277366532,False,0.5051058645946566,True,False,True,8.042761951785142,4.289218990379448,8.026622630142766,8.058901273427518,0.032278643284751496,1.1340863847903555,followup_needed,0,,,False,,,,0,False,,no_prior,,No reliable period. Methods disagree at Tier 2 and Tier 3 could not resolve ambiguity. More observations needed.,sparse,6,1,3.0,0.8673611111298669,low,mbls,,0
2004 ER86,2026-03-21T05:02:27.835347+00:00,True,5.390445222611306,0.8517927054007158,32.197048936767935,20,,2,407.9994444444892,"Lg,Li,Lr,Ly,Lz",False,True,3.719351902526789,12.828648589883471,3.719351902526789,3.719351902526789,37.13150252838268,1.292847732203839e-07,0.34611827607025525,False,2.4491623610999853,True,False,True,12.828648589883471,4.403513623727369,12.802905482345244,12.854391697421699,0.05148621507645501,13.861005713371565,followup_needed,0,,,False,,,,0,False,,no_prior,,No reliable period. Methods disagree at Tier 2 and Tier 3 could not resolve ambiguity. More observations needed.,sparse,8,1,2.0,0.5415277777647134,low,mbls,,0
2004 EU91,2026-03-21T05:02:28.876016+00:00,True,1.499249624812406,0.7684806772908954,16.673532217093204,24,,2,551.9819444444147,"Lg,Li,Lr,Ly,Lz",False,True,6.05431900678582,42.6984326608119,6.05431900678582,6.05431900678582,13.888003858403383,1.8498892309981585e-05,0.5010396431236508,False,6.052557457403296,True,False,True,42.6984326608119,4.843455205428657,42.647469051470864,42.74939627015294,0.10192721868208565,5.952882646052561,followup_needed,0,,,False,,,,0,False,,no_prior,,No reliable period. Methods disagree at Tier 2 and Tier 3 could not resolve ambiguity. More observations needed.,sparse,5,1,4.0,1.5141666666604578,low,mbls,,0
2004 EZ86,2026-03-21T05:02:32.762021+00:00,True,0.05052069305199466,0.43520893463356225,12.236545877769009,25,,3,533.4608333333745,"Li,Lr,Ly,Lz",False,False,0.8300972693196527,2.307777131565401,0.8300972693196527,0.8300972693196527,5.008397027154246,0.005814462566987588,0.10523429454881347,False,1.780128566686015,False,,,,,,,,,t2_rejected,0,,,False,,,,0,False,,no_prior,,No reliable period. Methods disagree at Tier 2 and Tier 3 could not resolve ambiguity. More observations needed.,sparse,3,1,3.0,0.590555555478204,low,mbls,,0
2004 FB167,2026-03-21T05:02:33.798235+00:00,True,3.286143071535768,0.7860651512634808,63.72557067917045,22,,2,652.3616666666348,"Lg,Li,Lr,Lz",False,True,3.960539867152154,6.416209744861935,3.960539867152154,3.960539867152154,29.188405949293184,2.0441507209145726e-07,1.354168376932372,False,0.6200341266795334,True,False,True,6.416209744861935,3.284996277771686,6.403334407581277,6.429085082142593,0.025750674561315634,1.6927647183421737,followup_needed,0,,,False,,,,0,False,,no_prior,,No reliable period. Methods disagree at Tier 2 and Tier 3 could not resolve ambiguity. More observations needed.,sparse,5,1,4.0,1.2397222221479751,low,mbls,,0
2004 FN134,2026-03-21T05:02:34.632197+00:00,True,17.745872936468235,0.560927943443697,29.858227116261382,22,,2,530.792499999865,"Lg,Li,Lr,Ly,Lz",True,False,6.931184665357019,7.0617300981267555,6.931184665357019,6.931184665357019,12.534888037903679,6.246754416461275e-05,0.14779822422549382,True,0.018834505077061463,False,,,,,,,,,confirmed,1,6.931184665357019,,False,76.6,6.931184665357019,0.13054543276971733,1,False,,no_prior,,"All 3 methods agree (spread=1.9%), p=6.25e-05, sparse regime. Moderate confidence.",sparse,4,1,6.0,2.2086111111275386,low,mbls,,0
2004 FU2,2026-03-21T05:02:35.457285+00:00,True,3.8621810905452727,0.6505286993569406,17.83674788146964,20,,3,266.01138888899004,"Lg,Li,Lr,Ly,Lz",True,False,4.60699314312041,8.914991048375137,4.60699314312041,8.914991048375137,13.748627782239275,6.623627421098455e-05,0.31571043750201266,True,0.03245015008456626,False,,,,,,,,,confirmed,1,8.914991048375137,,False,29.8,8.914991048375137,0.28929279752233794,1,False,,no_prior,,"All 3 methods agree (spread=3.2%), p=6.62e-05, sparse regime. Moderate confidence.",sparse,7,1,3.0,0.6877777777262963,low,mbls,,0
2004 FV60,2026-03-21T05:02:36.737145+00:00,True,3.603551775887944,0.7368140525122018,36.5083118553158,20,,2,552.0908333334373,"Lg,Li,Lr,Ly,Lz",False,True,10.09327596442436,15.630694140000978,10.09327596442436,10.09327596442436,35.572025485655416,1.7246865924303023e-07,0.45270306700591595,False,0.5486244699038981,True,False,True,15.630694140000978,9.397886382928903,15.599328198582919,15.662060081419037,0.0627318828361183,2.321201998503152,followup_needed,0,,,False,,,,0,False,,no_prior,,No reliable period. Methods disagree at Tier 2 and Tier 3 could not resolve ambiguity. More observations needed.,sparse,5,1,3.0,2.0036111111403443,low,mbls,,0
2004 GD17,2026-03-21T05:02:41.481302+00:00,True,0.5942519347330237,0.5920503352449044,9.912487932702392,37,,3,381.79222222213866,"Lg,Li,Lr,Ly,Lz",True,False,1.2534830037494569,2.536368517754206,1.2534830037494569,2.536368517754206,16.866098945422646,1.5614376602801627e-07,0.12291485036550967,True,0.011728324264202613,False,,,,,,,,,confirmed,2,2.536368517754206,,False,150.5,2.536368517754206,0.029747352429736272,2,False,,no_prior,,"All 3 methods agree (spread=1.2%), p=1.56e-07, sparse regime. Moderate confidence.",sparse,4,1,3.5,0.951944444415858,medium,"mbls,mhaov,clean",,0
2004 GT25,2026-03-21T05:02:41.533774+00:00,False,,0.0,11.839600466167903,18,n_obs=18 < min_obs=20,2,551.5766666667187,"Lg,Li,Lr,Ly,Lz",,,,,,,,,,,,False,,,,,,,,,t1_rejected,0,,,False,,,,0,False,,no_prior,,Tier 1 failed: n_obs=18 < min_obs=20,sparse,4,1,4.0,1.7600000000093132,low,mbls,,0
2004 GY76,2026-03-21T05:02:42.759667+00:00,True,0.18170243540255684,0.29205586349602236,10.45445335570385,37,,2,49.416944444412366,"Lg,Lr",False,False,0.42671456900755556,0.3715631659270251,0.42671456900755556,0.42671456900755556,5.3899768253994225,0.0019614225940109975,0.08259018151006042,False,0.1292465903113439,False,,,,,,,,,t2_rejected,0,,,False,,,,0,False,,no_prior,,No reliable period. Methods disagree at Tier 2 and Tier 3 could not resolve ambiguity. More observations needed.,sparse,4,1,7.5,0.23624999995809048,medium,"mbls,mhaov,clean",,0
2004 HH59,2026-03-21T05:02:43.702336+00:00,True,18.592296148074038,0.7590237698334952,11.341419114144314,22,,2,242.26500000001397,"Li,Lr,Ly,Lz",False,True,20.791174117402146,27.638665614901484,20.791174117402146,20.791174117402146,17.759588931332786,6.675034848302452e-06,0.3385413605572078,False,0.32934607054094556,True,False,True,27.638665614901484,16.63293929392172,27.62918868760343,27.648142542199537,0.01895385459610921,7.652648950302862,followup_needed,0,,,False,,,,0,False,,no_prior,,No reliable period. Methods disagree at Tier 2 and Tier 3 could not resolve ambiguity. More observations needed.,sparse,5,1,3.0,0.7116666666115634,low,mbls,,0
2004 JC33,2026-03-21T05:02:44.658508+00:00,True,1.8636818409204603,0.5970788228183435,59.42341187209369,20,,2,552.0463888889062,"Lg,Li,Lr,Ly,Lz",False,True,6.940032036691903,33.81412246636823,6.940032036691903,6.940032036691903,13.407179291163478,7.642959948450656e-05,0.6685133835610539,False,3.872329448565845,True,False,True,33.81412246636823,24.0,33.798814951453046,33.82942998128342,0.030615029830375562,1.089003497183252,followup_needed,0,,,False,,,,0,False,,no_prior,,No reliable period. Methods disagree at Tier 2 and Tier 3 could not resolve ambiguity. More observations needed.,sparse,4,1,5.0,2.0649999999732245,low,mbls,,0
2004 JU57,2026-03-21T05:02:52.787572+00:00,True,3.244596562930156,0.1479874649181126,8.077058527921519,337,,3,216.71861111110775,"Lg,Li,Lr",False,True,7.515174510268265,6.479073846279498,7.515174510268265,7.515174510268265,24.90408247805962,1.1102230246251565e-16,0.38769880934023293,False,0.13786781166198686,True,False,True,6.479073846279498,5.75532446010647,6.467955243149822,6.490192449409173,0.022237206259352327,1.3440809306593706,followup_needed,0,,,False,,,,0,False,,no_prior,,No reliable period. Methods disagree at Tier 2 and Tier 3 could not resolve ambiguity. More observations needed.,dense,6,1,49.0,2.18861111116712,high,"gls,mbls,mhaov,ce,clean",,0
2004 KD11,2026-03-21T05:02:53.630711+00:00,True,4.085542771385693,0.5053116425354388,20.276435619070583,22,,2,668.3463888888946,"Lg,Li,Lr,Ly,Lz",False,False,5.4260942158308225,12.871848228215473,5.4260942158308225,5.4260942158308225,6.6145772426928175,0.002117541737195139,0.42681896978143574,False,1.3722124453091924,False,,,,,,,,,t2_rejected,0,,,False,,,,0,False,,no_prior,,No reliable period. Methods disagree at Tier 2 and Tier 3 could not resolve ambiguity. More observations needed.,sparse,7,1,2.0,0.4591666666092351,low,mbls,,0
2004 KH20,2026-03-21T05:03:02.347150+00:00,True,0.09344490553462004,0.5671155655420298,17.447965681392024,23,,2,365.67694444436347,"Lg,Li,Lr,Lu,Lz",True,False,0.1837581017848772,0.18471634761646227,0.1837581017848772,0.1837581017848772,13.462543998339083,3.0105145153336288e-05,0.3350009410827268,True,0.0052147133773816625,False,,,,,,,,,confirmed,1,0.1837581017848772,,False,1990.0,0.1837581017848772,0.0009582458315798602,1,False,,no_prior,,"All 3 methods agree (spread=0.5%), p=3.01e-05, sparse regime. Moderate confidence.",sparse,3,1,2.0,0.5625,low,mbls,,0
2004 KK21,2026-03-21T05:03:04.169893+00:00,True,3.603551775887944,0.7440848637039282,9.150221620819387,23,,2,552.0908333334373,"Lg,Li,Lr,Ly,Lz",False,True,7.154870007592209,11.611050347659036,7.154870007592209,7.154870007592209,39.52801019583349,1.105205948981336e-08,0.3413032664565631,False,0.6228177919847099,True,False,True,11.611050347659036,5.752611203428653,11.587750581075106,11.634350114242967,0.046599533167860585,2.162423617560903,followup_needed,0,,,False,,,,0,False,,no_prior,,No reliable period. Methods disagree at Tier 2 and Tier 3 could not resolve ambiguity. More observations needed.,sparse,4,1,5.5,2.11013888893649,low,mbls,,0
2004 KW8,2026-03-21T05:03:04.959975+00:00,True,3.4389694847423713,0.5171540813478751,12.077951906429316,21,,2,51.26388888893416,"Lg,Li,Lr,Ly,Lz",True,False,4.658466862641057,9.657794135480545,4.658466862641057,9.657794135480545,16.651332452023972,1.475973561171351e-05,0.13889644692393713,True,0.03658504184412594,False,,,,,,,,,confirmed,1,9.657794135480545,,False,5.3,9.657794135480545,0.35333080256850985,1,False,,no_prior,,"All 3 methods agree (spread=3.7%), p=1.48e-05, sparse regime. Moderate confidence.",sparse,3,1,6.0,1.9944444444263354,low,mbls,,0
2004 LB3,2026-03-21T05:03:05.903591+00:00,True,5.613806903451726,0.8920226947635853,77.98676711002739,20,,2,651.6549999999697,"Li,Lr,Ly,Lz",True,False,3.5026594408092357,3.3084037507023014,3.5026594408092357,3.5026594408092357,101.8084257814787,1.1082179618426835e-10,0.5303100163481863,True,0.05545948539661597,False,,,,,,,,,confirmed,1,3.5026594408092357,,False,186.0,3.5026594408092357,0.19425569010687888,1,False,,no_prior,,"All 3 methods agree (spread=5.5%), p=1.11e-10, sparse regime. Moderate confidence.",sparse,4,1,3.0,0.9169444443541579,low,mbls,,0
2004 LX17,2026-03-21T05:03:06.807167+00:00,True,4.931965982991496,0.6920456522157173,106.21658898767357,57,,3,69.37111111107515,"Lg,Li,Lr,Lz",True,False,6.488804609874126,7.161430185749761,6.488804609874126,7.161430185749761,135.96949096643962,1.1102230246251565e-16,0.4142446970519269,two_of_three,0.09392335866290658,False,,,,,,,,,tentative_2of3,1,7.161430185749761,,False,9.7,7.161430185749761,0.6726255758755404,1,False,,no_prior,,"MHAOV+MBLS agree (Greenstreet-equivalent, spread=9.4%), CE disagrees. p=1.11e-16. Publish as tentative (R=1).",sparse,4,1,18.0,0.8352777778054588,medium,"mbls,mhaov,clean",,0
2004 MU8,2026-03-21T05:03:07.974420+00:00,True,12.82016008004002,0.714358437972838,6.616334633929971,25,,3,2466.883055555576,"Lg,Li,Lr,Lz",True,False,7.605413225133862,7.605413225133862,7.605413225133862,7.605413225133862,28.96572697075313,4.5529131020849434e-08,0.680159200368001,True,0.0,False,,,,,,,,,confirmed,1,7.605413225133862,,False,324.4,7.605413225133862,0.0,1,False,,no_prior,,"All 3 methods agree (spread=0.0%), p=4.55e-08, sparse regime. Moderate confidence.",sparse,13,1,2.0,0.33333333337213844,low,mbls,,0
2004 OE18,2026-03-21T05:03:09.037791+00:00,True,14.371935967983992,0.5837397550866822,59.91894712969668,23,,2,1129.1030555554898,"Lg,Li,Lr,Lz",False,True,8.401689113484187,21.126884124238774,8.401689113484187,8.401689113484187,8.599830150769739,0.00046014679874539777,1.4740060993905384,False,1.5145996047782735,True,False,True,21.126884124238774,6.8562279053182,21.091272956844417,21.16249529163313,0.07122233478871465,1.083852875267702,followup_needed,0,,,False,,,,0,False,,no_prior,,No reliable period. Methods disagree at Tier 2 and Tier 3 could not resolve ambiguity. More observations needed.,sparse,9,1,3.0,0.6780555555014871,low,mbls,,0
2004 OK14,2026-03-21T05:03:10.157095+00:00,True,2.204602301150575,0.5713166682066001,3.4626043361012497,21,,2,1393.7916666665697,"Lg,Li,Lr,Lz",False,True,4.409568014526744,5.914039351927046,4.409568014526744,4.409568014526744,8.27084515426771,0.0008149556608391118,0.34729921491095533,False,0.34118338405115356,True,False,True,5.914039351927046,3.8403060567985428,5.905190720459769,5.9228879833943235,0.01769726293455509,4.289976618222657,followup_needed,0,,,False,,,,0,False,,no_prior,,No reliable period. Methods disagree at Tier 2 and Tier 3 could not resolve ambiguity. More observations needed.,sparse,10,1,1.5,0.2598611110879574,low,mbls,,0
2004 OS15,2026-03-21T05:03:11.357535+00:00,True,2.5925462731365685,0.5361209334427016,4.865768385804732,20,,2,1368.7861111111706,"Lg,Li,Lr,Lz",False,True,12.902826285851685,22.97867377128822,12.902826285851685,12.902826285851685,13.16076141507929,8.489211250228834e-05,0.4814677817753783,False,0.7809023590811425,True,False,True,22.97867377128822,10.322261028681348,22.95049453558771,23.006853006988734,0.05635847140102612,1.5263104241772805,followup_needed,0,,,False,,,,0,False,,no_prior,,No reliable period. Methods disagree at Tier 2 and Tier 3 could not resolve ambiguity. More observations needed.,sparse,12,1,1.0,0.0,low,mbls,,0
2004 OS2,2026-03-21T05:03:12.734947+00:00,True,1.0055027513756878,0.7537805919143042,29.617210249241005,20,,3,484.23722222226206,"Lg,Li,Lr,Lz",False,True,1.633319941631023,1.1765544292336192,1.633319941631023,1.633319941631023,35.037065992856824,1.9088712366333027e-07,0.3020955445422583,False,0.2796546474177012,True,False,True,1.1765544292336192,0.9443915151039084,1.174193450445859,1.1789154080213793,0.004721957575519964,1.2143934688218414,followup_needed,0,,,False,,,,0,False,,no_prior,,No reliable period. Methods disagree at Tier 2 and Tier 3 could not resolve ambiguity. More observations needed.,sparse,5,1,3.0,0.6713888888480142,low,mbls,,0
2004 PB78,2026-03-21T05:03:13.961966+00:00,True,3.873936968484242,0.8690803147322316,74.76531167055788,22,,2,454.5980555556016,"Lg,Li,Lr,Ly,Lz",False,True,5.331333679261991,3.620743213221518,5.331333679261991,5.331333679261991,89.09163280366333,3.591915653800015e-11,1.0392378322207545,False,0.32085601257600277,True,False,True,3.620743213221518,6.190766065015931,3.6134775077769254,3.62800891866611,0.014531410889184748,6.3049387102663115,followup_needed,0,,,False,,,,0,False,,no_prior,,No reliable period. Methods disagree at Tier 2 and Tier 3 could not resolve ambiguity. More observations needed.,sparse,6,1,4.0,0.9545833333977498,low,mbls,,0
2004 PK36,2026-03-21T05:03:14.079746+00:00,False,,0.0,20.06595628071506,18,n_obs=18 < min_obs=20,0,551.1080555555527,"Lg,Li,Lr,Ly,Lz",,,,,,,,,,,,False,,,,,,,,,t1_rejected,0,,,False,,,,0,False,,no_prior,,Tier 1 failed: n_obs=18 < min_obs=20,sparse,6,1,2.5,1.492499999993015,low,mbls,,0
2004 PO55,2026-03-21T05:03:14.122309+00:00,False,,0.0,10.147630108668965,17,n_obs=17 < min_obs=20,2,551.5988888888969,"Lg,Li,Lr,Ly,Lz",,,,,,,,,,,,False,,,,,,,,,t1_rejected,0,,,False,,,,0,False,,no_prior,,Tier 1 failed: n_obs=17 < min_obs=20,sparse,4,1,5.5,1.7762499999662396,low,mbls,,0
2004 PP60,2026-03-21T05:03:16.332864+00:00,True,2.275137568784392,0.7074604205282646,19.90411397428173,22,,3,454.56583333335584,"Lg,Li,Lr,Ly,Lz",False,True,2.073350214299549,1.093009937898065,2.073350214299549,2.073350214299549,31.016560877619106,1.3088591732657306e-07,0.5324350488120364,False,0.4728290809916088,True,False,True,1.093009937898065,1.2443497754531818,1.0888493689061602,1.09717050688997,0.008321137983809734,1.7820524468754502,followup_needed,0,,,False,,,,0,False,,no_prior,,No reliable period. Methods disagree at Tier 2 and Tier 3 could not resolve ambiguity. More observations needed.,sparse,6,1,3.0,1.0418055555783212,low,mbls,,0
2004 PT117,2026-03-21T05:03:17.688118+00:00,True,5.225862931465733,0.5174144566331773,3.5738455030132843,23,,2,1798.8972222221782,"Lg,Li,Lr",False,True,2.3456032851405078,4.001754299452514,2.3456032851405078,2.3456032851405078,11.744258202045193,7.212223403474383e-05,0.4681737608947403,False,0.7060661215829142,True,False,True,4.001754299452514,4.668267222906478,3.9937240232663225,4.009784575638706,0.016060552372383796,1.199725126799052,followup_needed,0,,,False,,,,0,False,,no_prior,,No reliable period. Methods disagree at Tier 2 and Tier 3 could not resolve ambiguity. More observations needed.,sparse,10,1,1.0,0.0,low,mbls,,0
2004 PV117,2026-03-21T05:03:18.928666+00:00,True,3.8621810905452727,0.6953867957499915,4.041568425022891,25,,2,1799.5855555554153,"Lg,Li,Lr,Lz",True,False,7.721243583724604,7.7249801454046185,7.721243583724604,7.721243583724604,13.498940489018967,1.726473989360766e-05,0.3835448435346724,True,0.0004839326255540198,False,,,,,,,,,confirmed,1,7.721243583724604,,False,233.1,7.721243583724604,0.0037365616800139768,1,False,,no_prior,,"All 3 methods agree (spread=0.0%), p=1.73e-05, sparse regime. Moderate confidence.",sparse,14,1,1.5,0.09888888895511627,low,mbls,,0
2004 PV79,2026-03-21T05:03:23.534614+00:00,True,0.24467556720198205,0.09085632178182038,29.568579491464078,75,,3,331.8188888890436,"Lg,Li,Lr",False,True,2.2274042418726245,1.141608262155079,2.2274042418726245,2.2274042418726245,8.625693020477119,1.0181155647326356e-05,0.3429955221009833,False,0.4874714518834745,True,False,True,1.141608262155079,0.9193955502573345,1.1371385546463049,1.146077969663853,0.008939415017548136,2.1222997816657703,followup_needed,0,,,False,,,,0,False,,no_prior,,No reliable period. Methods disagree at Tier 2 and Tier 3 could not resolve ambiguity. More observations needed.,sparse,6,1,11.0,0.5406944444985129,medium,"mbls,mhaov,clean",,0
2004 PW117,2026-03-21T05:03:24.739153+00:00,True,0.887943971985993,0.5336758530103168,4.8927782873415895,24,,2,1344.7733333333745,"Lg,Li,Lr",True,False,3.3702017753761897,3.3702017753761897,3.3702017753761897,3.3702017753761897,10.868565107632785,9.341775414473119e-05,0.4388822123745406,True,0.0,False,,,,,,,,,confirmed,1,3.3702017753761897,,False,399.0,3.3702017753761897,0.0,1,False,,no_prior,,"All 3 methods agree (spread=0.0%), p=9.34e-05, sparse regime. Moderate confidence.",sparse,10,1,2.0,0.36597222220734693,low,mbls,,0
2004 PW52,2026-03-21T05:03:26.130325+00:00,True,2.8394197098549276,0.8097396074638188,16.586672426123403,40,,3,360.4224999999278,"Lg,Li,Lr",False,True,2.787055333222167,3.552589243968389,2.787055333222167,2.787055333222167,67.94020341679571,5.551115123125783e-16,0.2396774165574832,False,0.27467481596818505,True,False,True,3.552589243968389,3.7640811788935973,3.5469964907913543,3.5581819971454234,0.011185506354068675,1.4632025348028328,followup_needed,0,,,False,,,,0,False,,no_prior,,No reliable period. Methods disagree at Tier 2 and Tier 3 could not resolve ambiguity. More observations needed.,sparse,5,1,8.0,0.6099999999278225,medium,"mbls,mhaov,clean",,0
2004 PW60,2026-03-21T05:03:27.576061+00:00,True,3.8034017008504253,0.5709072472541891,12.217336427657418,21,,2,551.6330555555178,"Lg,Li,Lr,Ly,Lz",True,False,15.259442701299454,14.908063513411996,15.259442701299454,15.259442701299454,15.0942976451881,2.7164712011362724e-05,0.20891645291294186,True,0.02302700005272883,False,,,,,,,,,confirmed,1,15.259442701299454,,False,36.2,15.259442701299454,0.3513791878874351,1,False,,no_prior,,"All 3 methods agree (spread=2.3%), p=2.72e-05, sparse regime. Moderate confidence.",sparse,4,1,5.5,1.2331944445031695,low,mbls,,0
2004 PX113,2026-03-21T05:03:29.463459+00:00,True,4.602801400700351,0.7223994540254,6.734625417968251,21,,3,478.7594444444985,"Li,Lr,Ly,Lz",False,True,1.600652620346928,0.9237820325964957,1.600652620346928,1.600652620346928,29.31250568810123,3.474122697300075e-07,0.14277405886092692,False,0.42287163319877824,True,False,True,0.9237820325964957,0.8514860474367699,0.9205700206493115,0.92699404454368,0.006424023894368469,1.9537002096405498,followup_needed,0,,,False,,,,0,False,,no_prior,,No reliable period. Methods disagree at Tier 2 and Tier 3 could not resolve ambiguity. More observations needed.,sparse,6,1,3.5,0.8326388889108784,low,mbls,,0
2004 PX117,2026-03-21T05:03:30.723227+00:00,True,0.864432216108054,0.34825347676252744,7.498020402857583,24,,2,1366.0486111110658,"Li,Lr,Lz",True,False,0.9482441976745448,0.9482441976745448,0.9482441976745448,0.9482441976745448,11.30057271697753,7.282408097752935e-05,0.7884168453604748,True,0.0,False,,,,,,,,,confirmed,1,0.9482441976745448,,False,1440.6,0.9482441976745448,0.0,1,False,,no_prior,,"All 3 methods agree (spread=0.0%), p=7.28e-05, sparse regime. Moderate confidence.",sparse,11,1,2.0,0.03333333326736465,low,mbls,,0
2004 PY107,2026-03-21T05:03:31.714945+00:00,True,3.145072536268134,0.5790638156626153,4.3364258461079555,21,,2,1534.8155555556295,"Lg,Li,Lr,Lz",False,True,11.111359640361995,15.441276660120401,11.111359640361995,11.111359640361995,9.154501528278344,0.00048003889310077597,0.31655908676588074,False,0.3896838154738148,True,False,True,15.441276660120401,15.740806441487285,15.41897961736382,15.463573702876982,0.044594085513162796,1.1443755961225501,followup_needed,0,,,False,,,,0,False,,no_prior,,No reliable period. Methods disagree at Tier 2 and Tier 3 could not resolve ambiguity. More observations needed.,sparse,12,1,1.5,0.12611111107980832,low,mbls,,0
2004 QW7,2026-03-21T05:03:32.556473+00:00,True,1.7226113056528265,0.6084695035688418,21.1557677213001,22,,2,552.0919444444589,"Lg,Li,Lr,Ly,Lz",True,False,2.241891932128118,4.8940549175888375,2.241891932128118,4.8940549175888375,16.45335775781756,1.108019493001322e-05,0.48975602274809726,True,0.09150107716009745,False,,,,,,,,,confirmed,1,4.8940549175888375,,False,112.8,4.8940549175888375,0.4478112966400506,1,False,,no_prior,,"All 3 methods agree (spread=9.2%), p=1.11e-05, sparse regime. Moderate confidence.",sparse,5,1,4.0,1.6113888889085501,low,mbls,,0
2004 RC144,2026-03-21T05:03:33.485082+00:00,True,17.722361180590294,0.8666139576770425,16.61463645301466,20,,2,313.5450000000419,"Lg,Li,Lr,Lz",False,True,10.096009888071745,7.357242455005428,10.096009888071745,10.096009888071745,127.87366012916601,2.1310397890772492e-11,0.23925076492341113,False,0.2712722613615751,True,False,True,7.357242455005428,10.210814013889284,7.342478757771303,7.372006152239553,0.029527394468249923,1.2521170205213328,followup_needed,0,,,False,,,,0,False,,no_prior,,No reliable period. Methods disagree at Tier 2 and Tier 3 could not resolve ambiguity. More observations needed.,sparse,7,1,3.0,0.7902777777635492,low,mbls,,0
2004 RC17,2026-03-21T05:03:36.234482+00:00,True,0.3255903962899829,0.5103972370301627,13.233792032403079,20,,2,271.4994444444892,"Lg,Li,Lr,Ly,Lz",False,False,0.6001491501445264,2.753174076140446,0.6001491501445264,0.6001491501445264,4.675332418620347,0.011916186333762013,0.1667457796082788,False,3.5874830872856287,False,,,,,,,,,t2_rejected,0,,,False,,,,0,False,,no_prior,,No reliable period. Methods disagree at Tier 2 and Tier 3 could not resolve ambiguity. More observations needed.,sparse,4,1,5.0,0.6779166666674428,low,mbls,,0
2004 RC60,2026-03-21T05:03:37.493549+00:00,True,4.896698349174588,0.7036414853486613,24.30068216016252,20,,2,915.0822222222341,"Lg,Li,Lr,Lz",True,False,8.140745832348603,14.705672602834735,8.140745832348603,14.705672602834735,16.813351754378218,2.0429528055143642e-05,0.5139594276874373,True,0.09678591460260291,False,,,,,,,,,confirmed,1,14.705672602834735,,False,62.2,14.705672602834735,1.4233019727118,1,False,,no_prior,,"All 3 methods agree (spread=9.7%), p=2.04e-05, sparse regime. Moderate confidence.",sparse,7,1,3.0,0.565000000060536,low,mbls,,0
2004 RD175,2026-03-21T05:03:47.147417+00:00,True,0.17141523734104605,0.20521390642320947,31.974126155782383,43,,3,365.6991666665417,"Lg,Li,Lr,Ly,Lz",False,False,0.3381454294883783,0.28113006695869613,0.3381454294883783,0.3381454294883783,3.513009768952047,0.015523140680447911,0.15987063077891192,False,0.1686119567423374,False,,,,,,,,,t2_rejected,0,,,False,,,,0,False,,no_prior,,No reliable period. Methods disagree at Tier 2 and Tier 3 could not resolve ambiguity. More observations needed.,sparse,5,1,2.0,0.6702777778264135,medium,"mbls,mhaov,clean",,0
2004 RD235,2026-03-21T05:03:48.132758+00:00,True,0.9937468734367183,0.6422218528995216,17.309656644071545,25,,4,551.9819444444147,"Lg,Li,Lr,Ly,Lz",False,True,8.409334710703135,33.216661181541085,8.409334710703135,8.409334710703135,13.33109254094903,1.8855920996041498e-05,0.35138602987465234,False,2.949974917666319,True,False,True,33.216661181541085,9.337455264058331,33.199786262389175,33.233536100692994,0.0337498383038195,1.0514991011406514,followup_needed,0,,,False,,,,0,False,,no_prior,,No reliable period. Methods disagree at Tier 2 and Tier 3 could not resolve ambiguity. More observations needed.,sparse,6,1,3.0,0.8327777778322343,low,mbls,,0
2004 RE90,2026-03-21T05:03:50.436353+00:00,True,0.14085029433399257,0.38722967095863814,9.437559873456589,24,,2,51.20194444450317,"Lg,Li,Lr,Ly,Lz",True,False,0.11443342130569135,0.11443342130569135,0.11443342130569135,0.11443342130569135,10.825211520066004,9.58160972551747e-05,0.09437559873456589,True,0.0,False,,,,,,,,,confirmed,1,0.11443342130569135,,False,447.4,0.11443342130569135,0.0,1,False,,no_prior,,"All 3 methods agree (spread=0.0%), p=9.58e-05, sparse regime. Moderate confidence.",sparse,3,1,7.0,2.4849999999278225,low,mbls,,0
2004 RF235,2026-03-21T05:03:51.527046+00:00,True,15.218359179589795,0.7811733059912579,49.91178877987898,20,,2,552.0055555556319,"Lg,Li,Lr,Ly,Lz",False,True,12.489723771522307,3.6223946626531007,12.489723771522307,12.489723771522307,68.18748286846608,1.9365977710350535e-09,0.6738091485283663,False,0.709969993818983,True,False,True,3.6223946626531007,14.753747277932035,3.59733167180724,3.6474576534989613,0.05012598169172122,1.0480442993630177,followup_needed,0,,,False,,,,0,False,,no_prior,,No reliable period. Methods disagree at Tier 2 and Tier 3 could not resolve ambiguity. More observations needed.,sparse,6,1,2.0,0.937083333323244,low,mbls,,0
2004 RG79,2026-03-21T05:03:52.982528+00:00,True,1.687343671835918,0.6864804252775641,75.38718197271145,20,,2,367.02055555558763,"Lg,Li,Lr,Lu,Lz",False,True,3.935331286850494,14.463363579922671,3.935331286850494,3.935331286850494,104.00337584876219,9.503353659567892e-11,1.1232690113934005,False,2.6752594700852352,True,False,True,14.463363579922671,3.1956469446397993,14.43434010785594,14.492387051989402,0.05804694413346212,4.534325058350676,followup_needed,0,,,False,,,,0,False,,no_prior,,No reliable period. Methods disagree at Tier 2 and Tier 3 could not resolve ambiguity. More observations needed.,sparse,4,1,5.0,4.313611111108912,low,mbls,,0
2004 RH136,2026-03-21T05:03:54.581151+00:00,True,0.7703851925962981,0.38615159775326013,17.537652363649336,55,,3,240.65222222206648,"Lg,Li,Lr,Lz",False,True,2.0574898986672396,9.611592996398166,2.0574898986672396,2.0574898986672396,16.72524350668471,9.197976935659824e-09,0.5313908666185749,False,3.6715140631409673,True,False,True,9.611592996398166,1.67076437256323,9.592305518813422,9.63088047398291,0.038574955169488945,7.929716609819492,followup_needed,0,,,False,,,,0,False,,no_prior,,No reliable period. Methods disagree at Tier 2 and Tier 3 could not resolve ambiguity. More observations needed.,sparse,5,1,8.0,0.4747222221340053,medium,"mbls,mhaov,clean",,0
2004 RK43,2026-03-21T05:03:55.534546+00:00,True,1.0877938969484742,0.694233843878249,11.040750880259408,23,,3,526.486666666693,"Lg,Li,Lr,Lz",False,True,8.928493381402271,3.7617532507500835,8.928493381402271,8.928493381402271,37.340939410592185,1.7389457984684498e-08,0.15788273758770954,False,0.5786799530381846,True,False,True,3.7617532507500835,3.0144350464204686,3.7438365416235238,3.7796699598766432,0.035833418253119476,1.5121816383577937,followup_needed,0,,,False,,,,0,False,,no_prior,,No reliable period. Methods disagree at Tier 2 and Tier 3 could not resolve ambiguity. More observations needed.,sparse,4,1,6.5,0.8443055555108003,low,mbls,,0
2004 RP329,2026-03-21T05:03:56.608626+00:00,True,3.4154577288644323,0.7690880809464893,19.532350398336874,23,,3,527.4666666666744,"Lg,Li,Lr,Ly,Lz",False,True,13.175151266109244,8.71680170442364,13.175151266109244,13.175151266109244,50.57351362623637,1.504025237686335e-09,0.28517231581571834,False,0.3383907684728892,True,False,True,8.71680170442364,6.973441363538912,8.690363273789309,8.74324013505797,0.0528768612686612,1.3033030361713058,followup_needed,0,,,False,,,,0,False,,no_prior,,No reliable period. Methods disagree at Tier 2 and Tier 3 could not resolve ambiguity. More observations needed.,sparse,4,1,3.5,1.8029166665801313,low,mbls,,0
2004 RP95,2026-03-21T05:03:57.630926+00:00,True,1.710855427713857,0.6763938067388532,33.12142524762459,26,,2,51.22777777776355,"Lg,Li,Lr,Ly,Lz",False,True,1.1350796480267478,4.000062802324805,1.1350796480267478,1.1350796480267478,32.01759571818533,1.1577027447806643e-08,0.5895613694077178,False,2.5240371098857195,True,False,True,4.000062802324805,1.3438735632156145,3.992035920447231,4.008089684202378,0.016053763755147443,2.029203849652508,followup_needed,0,,,False,,,,0,False,,no_prior,,No reliable period. Methods disagree at Tier 2 and Tier 3 could not resolve ambiguity. More observations needed.,sparse,3,1,8.0,1.9486111112055369,low,mbls,,0
2004 RQ199,2026-03-21T05:03:59.359060+00:00,True,0.9819909954977488,0.30744656102390994,19.90086841233033,40,,3,532.9819444442983,"Lg,Li,Lr,Ly,Lz",False,True,1.0720779817337098,0.4659239858709202,1.0720779817337098,1.0720779817337098,17.25575720388186,6.640556415860033e-08,0.40000745508783964,False,0.5654010306992621,True,False,True,0.4659239858709202,0.37273918869673617,0.46377265881727414,0.4680753129245663,0.0043026541072921365,1.470870665252974,followup_needed,0,,,False,,,,0,False,,no_prior,,No reliable period. Methods disagree at Tier 2 and Tier 3 could not resolve ambiguity. More observations needed.,sparse,3,1,3.0,1.3024999999324791,medium,"mbls,mhaov,clean",,0
2004 RR171,2026-03-21T05:04:00.169295+00:00,True,1.5932966483241622,0.7655244228539201,27.034519031924113,27,,3,51.22777777776355,"Lg,Li,Lr,Ly,Lz",True,False,1.5973311555744527,3.210449214270356,1.5973311555744527,3.210449214270356,33.53252932049583,4.543731724204747e-09,0.22438650796497014,True,0.004941650034919634,False,,,,,,,,,confirmed,1,3.210449214270356,,False,16.0,3.210449214270356,0.015864916471806816,1,False,,no_prior,,"All 3 methods agree (spread=0.5%), p=4.54e-09, sparse regime. Moderate confidence.",sparse,3,1,8.0,1.9613888890016824,low,mbls,,0
2004 RW127,2026-03-21T05:04:01.129101+00:00,True,6.930465232616308,0.8358212877286739,10.954529222110331,27,,3,1075.617777777894,"Lg,Li,Lr,Lz",True,False,8.09786607084461,7.352283473892424,8.09786607084461,8.09786607084461,72.03883164693444,2.5660584768161243e-12,0.5586809903276269,True,0.09207149024561843,False,,,,,,,,,confirmed,2,8.09786607084461,,False,132.8,8.09786607084461,0.745582596952094,2,False,,no_prior,,"All 3 methods agree (spread=9.2%), p=2.57e-12, sparse regime. Moderate confidence.",sparse,7,1,3.0,0.8275000001303852,medium,"mbls,mhaov,clean",,0
2004 RW41,2026-03-21T05:04:02.199838+00:00,True,12.079539769884942,0.37154580093100226,5.957437296161048,40,,2,43.299166666693054,"Lg,Li,Lr",False,True,3.675141526248286,13.537673596718333,3.675141526248286,3.675141526248286,7.340612903320545,0.00021065423094901448,0.11617002727514045,False,2.6835788499648294,True,False,True,13.537673596718333,3.0876105397778244,13.510507696524254,13.564839496912413,0.05433180038815877,4.26072160811767,followup_needed,0,,,False,,,,0,False,,no_prior,,No reliable period. Methods disagree at Tier 2 and Tier 3 could not resolve ambiguity. More observations needed.,sparse,3,1,14.0,0.45722222223412246,medium,"mbls,mhaov,clean",,0
2004 RX81,2026-03-21T05:04:03.645515+00:00,True,20.120560280140072,0.858614545116394,103.42243831280973,24,,2,914.1774999999907,"Li,Lr,Ly,Lz",False,True,7.873689344985032,44.83513168635824,7.873689344985032,7.873689344985032,136.22358077344174,1.0458300891968975e-13,0.9773420420560519,False,4.694297770956669,True,False,True,44.83513168635824,7.215354115471234,44.77559269631266,44.89467067640382,0.11907798009115922,3.2229645694374978,followup_needed,0,,,False,,,,0,False,,no_prior,,No reliable period. Methods disagree at Tier 2 and Tier 3 could not resolve ambiguity. More observations needed.,sparse,6,1,2.0,0.6076388888759539,low,mbls,,0
2004 RZ38,2026-03-21T05:04:05.873965+00:00,True,0.9937468734367183,0.5253742212921394,17.10960601173886,35,,2,599.4172222221969,"Lg,Li,Lr",False,True,3.7376113672538227,5.336504411413107,3.7376113672538227,3.7376113672538227,16.78449014054569,2.52142331458316e-07,0.2994181052054301,False,0.4277847231970586,True,False,True,5.336504411413107,3.155094010350719,5.329004187933667,5.3440046348925465,0.015000446958878921,1.0055188627317246,followup_needed,0,,,False,,,,0,False,,no_prior,,No reliable period. Methods disagree at Tier 2 and Tier 3 could not resolve ambiguity. More observations needed.,sparse,4,1,8.5,0.3986111111298669,medium,"mbls,mhaov,clean",,0
2004 SC32,2026-03-21T05:04:13.977114+00:00,True,0.09954497716110652,0.2863973230341496,18.461570678959845,22,,2,333.13555555563653,"Lg,Li,Lr,Ly",False,True,0.05642246169465472,0.05546422030760124,0.05642246169465472,0.05642246169465472,5.188014057850212,0.006435570009816316,0.0600001047066195,False,0.016983331784108994,True,False,True,0.05546422030760124,0.06770695403358566,0.055405716571301784,0.05552272404390069,0.00011700747259890676,3.343791067140953,followup_needed,0,,,False,,,,0,False,,no_prior,,No reliable period. Methods disagree at Tier 2 and Tier 3 could not resolve ambiguity. More observations needed.,sparse,3,1,6.0,1.1113888888503425,low,mbls,,0
2004 SF52,2026-03-21T05:04:15.782019+00:00,True,0.10551324747618705,0.34661964802474143,3.8449977329995533,21,,2,42.939166666707024,"Lg,Li,Lr",False,True,0.10550070217261646,0.10550070217261646,0.10550070217261646,0.10550070217261646,6.77899117022018,0.0021690182226210553,0.09996994105798838,False,0.0,True,False,True,0.10550070217261646,0.0849651139905219,0.1052889950779557,0.10571240926727724,0.0004234141893215554,1.121562477207865,followup_needed,0,,,False,,,,0,False,,no_prior,,No reliable period. Methods disagree at Tier 2 and Tier 3 could not resolve ambiguity. More observations needed.,sparse,3,1,8.0,0.39361111109610647,low,mbls,,0
2004 SV45,2026-03-21T05:04:17.065184+00:00,True,10.233866933466734,0.89749075666077,15.323270289337367,20,,2,454.5980555556016,"Lg,Li,Lr,Ly,Lz",False,True,17.100307343568414,21.27444976656384,17.100307343568414,17.100307343568414,69.74296444412532,1.6512141653990398e-09,0.15782968398017488,False,0.24409750884185819,True,False,True,21.27444976656384,16.059419070481642,21.240271934546172,21.30862759858151,0.06835566403534088,2.313379435695671,followup_needed,0,,,False,,,,0,False,,no_prior,,No reliable period. Methods disagree at Tier 2 and Tier 3 could not resolve ambiguity. More observations needed.,sparse,6,1,3.0,0.6865277777833398,low,mbls,,0
2004 TH243,2026-03-21T05:04:18.642211+00:00,True,1.6050525262631317,0.8108252809866309,14.265077390315486,20,,2,527.0177777778008,"Lg,Li,Lr,Ly,Lz",False,True,3.452795066256036,14.873017827686766,3.452795066256036,3.452795066256036,37.88166968975895,1.1298183955066321e-07,0.27745575524163624,False,3.3075298540120706,True,False,True,14.873017827686766,4.129496708003874,14.843172306962314,14.902863348411218,0.0596910414489038,3.205493124212593,followup_needed,0,,,False,,,,0,False,,no_prior,,No reliable period. Methods disagree at Tier 2 and Tier 3 could not resolve ambiguity. More observations needed.,sparse,4,1,3.0,1.1883333333826158,low,mbls,,0
2004 TJ374,2026-03-21T05:04:19.650195+00:00,True,4.167833916958479,0.37289006108713607,4.271460987445071,22,,2,408.07527777773794,"Lg,Li,Lr,Ly,Lz",False,True,8.450491972076641,17.42634845107117,8.450491972076641,17.42634845107117,4.173733886988566,0.015541073953679652,0.15249115725178902,False,0.031084847406153655,True,False,True,17.42634845107117,6.862138631505714,17.39137918996535,17.461317712176992,0.06993852221164687,3.22286770949605,followup_needed,0,,,False,,,,0,False,,no_prior,,No reliable period. Methods disagree at Tier 2 and Tier 3 could not resolve ambiguity. More observations needed.,sparse,5,1,4.0,0.659166666737292,low,mbls,,0
2004 TO386,2026-03-21T05:04:20.636833+00:00,True,3.1215607803901952,0.466805025499585,7.310323002806305,165,,3,99.12972222216194,"Lg,Li,Lr",True,False,3.126352772918637,6.252705545837274,3.126352772918637,6.252705545837274,40.070792540725115,1.1102230246251565e-16,0.8260664993171125,True,0.0,False,,,,,,,,,confirmed,3,6.252705545837274,,False,15.9,6.252705545837274,0.0,3,False,,no_prior,,"All 3 methods agree (spread=0.0%), p=1.11e-16, dense regime. High confidence.",dense,4,1,48.5,2.79486111109145,high,"gls,mbls,mhaov,ce,clean",,0
2004 TP194,2026-03-21T05:04:21.415682+00:00,True,2.0635317658829413,0.5237879961704504,8.985978155938575,21,,2,552.0055555556319,"Lg,Li,Lr,Lz",False,False,12.264197370442474,5.95408649639925,12.264197370442474,12.264197370442474,4.706962069099502,0.010564486445793997,0.4079634082796113,False,0.5145147850645729,False,,,,,,,,,t2_rejected,0,,,False,,,,0,False,,no_prior,,No reliable period. Methods disagree at Tier 2 and Tier 3 could not resolve ambiguity. More observations needed.,sparse,5,1,4.0,1.5141666666604578,low,mbls,,0
2004 TP335,2026-03-21T05:04:22.813597+00:00,True,1.0877938969484742,0.49117212266656035,30.420196637053678,20,,2,332.9388888889225,"Lg,Li,Lr,Ly,Lz",False,True,11.440634166459692,2.9574731425858425,11.440634166459692,11.440634166459692,10.461197870677472,0.0002984102172695069,0.4882441560247116,False,0.7414939504615088,True,False,True,2.9574731425858425,2.6033676626374374,2.9345153482718804,2.9804309368998045,0.04591558862792411,4.000835262029627,followup_needed,0,,,False,,,,0,False,,no_prior,,No reliable period. Methods disagree at Tier 2 and Tier 3 could not resolve ambiguity. More observations needed.,sparse,4,1,3.5,0.8194444444379769,low,mbls,,0
2004 TQ288,2026-03-21T05:04:23.868686+00:00,True,3.3919459729864934,0.6511378211375939,15.58021951679458,22,,2,672.5697222221643,"Lg,Li,Lr,Lu,Lz",False,True,4.630362003871211,12.654638776773888,4.630362003871211,4.630362003871211,18.517975731381483,5.039741376444695e-06,0.3435438403453205,False,1.7329696395643048,True,False,True,12.654638776773888,3.7104840673161945,12.62924485280712,12.680032700740655,0.050787847933534636,1.1227713497869622,followup_needed,0,,,False,,,,0,False,,no_prior,,No reliable period. Methods disagree at Tier 2 and Tier 3 could not resolve ambiguity. More observations needed.,sparse,8,1,2.0,0.5823611111263745,low,mbls,,0
2004 TQ79,2026-03-21T05:04:24.831083+00:00,True,2.1458229114557277,0.6362849015086669,34.49947852231176,20,,2,502.7874999999767,"Lg,Li,Lr,Ly,Lz",False,True,21.76412783333981,16.510174351930882,21.76412783333981,21.76412783333981,28.413330935346405,7.62602867854234e-07,0.5882161088054155,False,0.24140427411753732,True,False,True,16.510174351930882,14.378760539273584,16.47712068437238,16.543228019489383,0.06610733511700317,5.576229156948254,followup_needed,0,,,False,,,,0,False,,no_prior,,No reliable period. Methods disagree at Tier 2 and Tier 3 could not resolve ambiguity. More observations needed.,sparse,7,1,2.0,0.9577777776285075,low,mbls,,0
2004 TU376,2026-03-21T05:04:34.750820+00:00,True,0.10921746122287708,0.14321855445384252,12.258727859385296,56,,3,532.95972222212,"Li,Lr,Ly,Lz",False,True,0.7797759958599249,1.309439389471467,0.7797759958599249,0.7797759958599249,7.141974866371944,0.00012048228611283296,0.18755853624859503,False,0.6792507033084013,True,False,True,1.309439389471467,1.5713272673657606,1.3068117519006215,1.3120670270423127,0.005255275141691218,2.447050982877466,followup_needed,0,,,False,,,,0,False,,no_prior,,No reliable period. Methods disagree at Tier 2 and Tier 3 could not resolve ambiguity. More observations needed.,sparse,3,1,3.0,0.9105555555433966,medium,"mbls,mhaov,clean",,0
2004 TV321,2026-03-21T05:04:35.680697+00:00,True,3.192096048024012,0.5560958013289383,14.352180931295631,20,,2,51.21750000002794,"Lg,Li,Lr,Ly,Lz",False,True,9.488969267895035,15.567088041353122,9.488969267895035,9.488969267895035,10.966787309331698,0.00023198021867543162,0.09759483033281029,False,0.6405457328249702,True,False,True,15.567088041353122,7.591175414316028,15.535849737591214,15.59832634511503,0.06247660752381634,5.387766078114373,followup_needed,0,,,False,,,,0,False,,no_prior,,No reliable period. Methods disagree at Tier 2 and Tier 3 could not resolve ambiguity. More observations needed.,sparse,3,1,4.0,1.8991666667279787,low,mbls,,0
2004 TW33,2026-03-21T05:04:36.614965+00:00,True,1.6403201600800401,0.6798250230096342,33.39623164398232,20,,2,652.4163888889016,"Lg,Li,Lr,Lz",True,False,4.720865691924793,9.793794428214992,4.720865691924793,9.793794428214992,64.38746155302894,2.9016148372917883e-09,0.6245095317424694,True,0.037287975060123574,False,,,,,,,,,confirmed,1,9.793794428214992,,False,66.6,9.793794428214992,0.36519076238325787,1,False,,no_prior,,"All 3 methods agree (spread=3.7%), p=2.90e-09, sparse regime. Moderate confidence.",sparse,5,1,4.0,0.7800000000279397,low,mbls,,0
2004 TX36,2026-03-21T05:04:36.666282+00:00,False,,0.0,3.9137123795464124,19,n_obs=19 < min_obs=20,3,365.5444444444729,"Lg,Li,Lr,Ly,Lz",,,,,,,,,,,,False,,,,,,,,,t1_rejected,0,,,False,,,,0,False,,no_prior,,Tier 1 failed: n_obs=19 < min_obs=20,sparse,3,1,2.0,1.1597222223063,low,mbls,,0
2004 TX49,2026-03-21T05:04:37.930894+00:00,True,16.69959979989995,0.29329299073886517,41.39511569602729,23,,2,385.22583333333023,"Lg,Li,Lr,Lz",False,False,23.899305572276077,0.33088628324663644,23.899305572276077,23.899305572276077,6.628870510308607,0.00183808546112596,0.31046336772020466,False,0.9861549833635559,False,,,,,,,,,t2_rejected,0,,,False,,,,0,False,,no_prior,,No reliable period. Methods disagree at Tier 2 and Tier 3 could not resolve ambiguity. More observations needed.,sparse,3,1,5.0,0.4636111112195067,low,mbls,,0
2004 TZ67,2026-03-21T05:04:39.100700+00:00,True,0.9232116058029014,0.7790632151165622,42.75507443015992,21,,2,915.0311111110495,"Lg,Li,Lr,Lz",False,True,4.60397497596807,2.990649492901478,4.60397497596807,4.60397497596807,48.356999753624635,9.73603997422856e-09,0.45320378895969515,False,0.3504201242377539,True,False,True,2.990649492901478,2.9846481895712413,2.9814107471303064,2.99988823867265,0.01847749154234357,2.8411280546029296,followup_needed,0,,,False,,,,0,False,,no_prior,,No reliable period. Methods disagree at Tier 2 and Tier 3 could not resolve ambiguity. More observations needed.,sparse,5,1,3.0,0.6322222222806886,low,mbls,,0
2004 VA30,2026-03-21T05:04:39.144428+00:00,False,,0.0,39.70247775644682,18,n_obs=18 < min_obs=20,1,531.8727777776658,"Lg,Li,Lr,Lz",,,,,,,,,,,,False,,,,,,,,,t1_rejected,0,,,False,,,,0,False,,no_prior,,Tier 1 failed: n_obs=18 < min_obs=20,sparse,4,1,3.0,0.8729166666744277,low,mbls,,0
2004 VC9,2026-03-21T05:04:40.283359+00:00,True,0.9349674837418709,0.7326631019479346,20.362871885086072,20,,2,504.70722222235054,"Lg,Li,Lr,Lz",False,True,1.436947811210147,7.241086617396562,1.436947811210147,1.436947811210147,30.57691079759266,4.713823473778689e-07,0.3583865451775149,False,4.039213366624869,True,False,True,7.241086617396562,1.1610922782219784,7.22655600879978,7.255617225993343,0.029061217193563138,7.074846431693128,followup_needed,0,,,False,,,,0,False,,no_prior,,No reliable period. Methods disagree at Tier 2 and Tier 3 could not resolve ambiguity. More observations needed.,sparse,7,1,2.0,0.5736111112637445,low,mbls,,0
2004 VJ114,2026-03-21T05:04:41.688505+00:00,True,1.2641320660330164,0.27272959912438627,13.88152783993562,29,,3,365.6991666665417,"Lg,Li,Lr,Lz",True,False,0.7096881357293223,1.2869137093862595,0.7096881357293223,1.2869137093862595,6.664924974913564,0.0009349714281662314,0.4997350022376823,True,0.09332448677345054,False,,,,,,,,,confirmed,2,1.2869137093862595,,False,284.2,1.2869137093862595,0.12010056145019014,2,False,,no_prior,,"All 3 methods agree (spread=9.3%), p=9.35e-04, sparse regime. Moderate confidence.",sparse,3,1,7.0,1.2550000000046566,medium,"mbls,mhaov,clean",,0
2004 VN65,2026-03-21T05:04:43.358721+00:00,True,9.293396698349175,0.6668562377217511,56.72831889987283,21,,1,747.5752777777961,"Lg,Li,Lr,Lu,Lz",False,True,5.169714228058514,5.813668144454347,5.169714228058514,5.169714228058514,38.85986323410323,4.7501307443020835e-08,0.5162277019888428,False,0.12456276846032649,True,False,True,5.813668144454347,6.673079957112815,5.806051928940747,5.821284359967947,0.015232431027200732,1.4521085156211067,followup_needed,0,,,False,,,,0,False,,no_prior,,No reliable period. Methods disagree at Tier 2 and Tier 3 could not resolve ambiguity. More observations needed.,sparse,7,1,2.0,0.5119444445008412,low,mbls,,0
2004 VT100,2026-03-21T05:04:44.738477+00:00,True,1.2171085542771385,0.35786418195246467,28.003043405114088,35,,3,365.6991666665417,"Lg,Li,Lr,Ly,Lz",True,False,3.3441537294070764,6.06442835824692,3.3441537294070764,6.06442835824692,11.714308242019678,7.5474318068646795e-06,0.8064876500672857,True,0.09327907013978014,False,,,,,,,,,confirmed,2,6.06442835824692,,False,60.3,6.06442835824692,0.5656842381865861,2,False,,no_prior,,"All 3 methods agree (spread=9.3%), p=7.55e-06, sparse regime. Moderate confidence.",sparse,4,1,5.0,0.9686111111368518,medium,"mbls,mhaov,clean",,0
2004 VT98,2026-03-21T05:04:46.161226+00:00,True,4.238369184592296,0.8031102943154643,4.983864474726302,21,,2,747.5427777777077,"Lg,Li,Lr,Lz",False,True,1.2724137420557478,1.4755718365591441,1.2724137420557478,1.2724137420557478,46.07041644901833,1.387021952847789e-08,0.30899959743303074,False,0.15966354951103304,True,False,True,1.4755718365591441,1.7588421489955819,1.4734042161197483,1.47773945699854,0.004335240878792002,1.4386282882719232,followup_needed,0,,,False,,,,0,False,,no_prior,,No reliable period. Methods disagree at Tier 2 and Tier 3 could not resolve ambiguity. More observations needed.,sparse,6,1,3.0,0.6669444444123656,low,mbls,,0
2004 VX90,2026-03-21T05:04:47.304572+00:00,True,2.827663831915958,0.7737551536255762,49.248797050919855,21,,2,646.1936111110845,"Li,Lr,Lu,Ly,Lz",False,True,3.108264302848437,9.956573414730125,3.108264302848437,3.108264302848437,127.39395674806026,6.459610624176548e-12,0.7091826775332459,False,2.203258296150569,True,False,True,9.956573414730125,2.5531428521056063,9.93659366874739,9.976553160712859,0.039959491965468885,1.7122593697647046,followup_needed,0,,,False,,,,0,False,,no_prior,,No reliable period. Methods disagree at Tier 2 and Tier 3 could not resolve ambiguity. More observations needed.,sparse,5,1,4.0,0.6047222223132849,low,mbls,,0
2004 VY106,2026-03-21T05:04:48.773729+00:00,True,1.0760380190095047,0.2191344010596198,8.565722109178429,25,,3,914.1333333334769,"Lg,Li,Lr,Lz",False,True,8.953028739647982,3.392820105201994,8.953028739647982,8.953028739647982,7.4825226432841445,0.0007437497744829935,0.5850388200568867,False,0.6210421965722389,True,False,True,3.392820105201994,2.746028312571514,3.374854161242837,3.4107860491611515,0.03593188791831459,5.593117945088754,followup_needed,0,,,False,,,,0,False,,no_prior,,No reliable period. Methods disagree at Tier 2 and Tier 3 could not resolve ambiguity. More observations needed.,sparse,3,1,8.0,1.246388888976071,low,mbls,,0
2004 WJ7,2026-03-21T05:04:49.913306+00:00,True,0.887943971985993,0.5360373615571985,92.01851257206417,37,,2,533.4611111110426,"Lg,Li,Lr,Ly,Lz",False,True,4.360416161732083,5.039689880785675,4.360416161732083,4.360416161732083,8.749018767320445,6.86723399692113e-05,0.5061018191463529,False,0.15578185518503562,True,False,True,5.039689880785675,3.5758329192532,5.032371456981114,5.047008304590236,0.014636847609120984,2.067374675022221,followup_needed,0,,,False,,,,0,False,,no_prior,,No reliable period. Methods disagree at Tier 2 and Tier 3 could not resolve ambiguity. More observations needed.,sparse,4,1,3.0,0.9281944444519468,medium,"mbls,mhaov,clean",,0
2004 XA110,2026-03-21T05:04:50.705442+00:00,True,3.4977488744372187,0.81698084502812,19.265674752637192,20,,2,504.7069444443332,"Lg,Li,Lr,Lz",True,False,4.046166985626858,7.597797836063748,4.046166985626858,7.597797836063748,29.247444336822372,6.311910971668055e-07,0.7532878828281142,True,0.061111681369879246,False,,,,,,,,,confirmed,1,7.597797836063748,,False,66.4,7.597797836063748,0.4643142004702858,1,False,,no_prior,,"All 3 methods agree (spread=6.1%), p=6.31e-07, sparse regime. Moderate confidence.",sparse,6,1,2.5,0.6033333333616611,low,mbls,,0
2004 XB185,2026-03-21T05:04:51.626518+00:00,True,3.1098049024512258,0.24631477171278401,6.855777212942341,41,,3,240.4730555556016,"Lg,Li,Lr",False,True,1.0717015935443548,1.0717015935443548,1.0717015935443548,1.0717015935443548,4.267266435227338,0.006282559929725484,0.8021259339142539,False,0.0,True,False,True,1.0717015935443548,1.2745721962019148,1.0695510217847342,1.0738521653039754,0.00430114351924149,2.7684129567558333,followup_needed,0,,,False,,,,0,False,,no_prior,,No reliable period. Methods disagree at Tier 2 and Tier 3 could not resolve ambiguity. More observations needed.,sparse,4,1,10.5,1.62430555553874,medium,"mbls,mhaov,clean",,0
2004 XF126,2026-03-21T05:04:52.659527+00:00,True,3.8621810905452727,0.5350237604756263,16.34138588344712,24,,2,531.1591666666791,"Lg,Li,Lr,Ly,Lz",False,True,7.612374188928409,11.134049081059368,7.612374188928409,7.612374188928409,8.043278243651871,0.0005697263347905768,0.24593785754587918,False,0.46262503717335546,True,False,True,11.134049081059368,7.271217619926266,11.118773413790615,11.149324748328121,0.030551334537506136,3.042754267880548,followup_needed,0,,,False,,,,0,False,,no_prior,,No reliable period. Methods disagree at Tier 2 and Tier 3 could not resolve ambiguity. More observations needed.,sparse,5,1,2.0,0.7966666667489335,low,mbls,,0
2004 XN23,2026-03-21T05:04:54.547837+00:00,True,21.625312656328166,0.7855731115703294,21.234126817025135,21,,1,401.49611111101694,"Lg,Li,Lr,Lu,Ly,Lz",False,True,1.9229497859318458,17.313961018514007,1.9229497859318458,1.9229497859318458,27.32472726904987,5.64026721661115e-07,0.3439928544358072,False,8.0038549863203,True,False,True,17.313961018514007,1.921663531894433,17.279217284028697,17.348704752999318,0.06948746897061753,7.454902883544977,followup_needed,0,,,False,,,,0,False,,no_prior,,No reliable period. Methods disagree at Tier 2 and Tier 3 could not resolve ambiguity. More observations needed.,sparse,5,1,4.0,1.4655555555364117,low,mbls,,0
2004 XN41,2026-03-21T05:04:56.056085+00:00,True,1.275887943971986,0.712372024995825,62.05919075963928,20,,1,408.62916666670935,"Lg,Li,Lr,Ly,Lz",False,True,8.66197211643501,46.188421903515945,8.66197211643501,8.66197211643501,29.445111713278465,6.039420515913108e-07,0.5926652717545551,False,4.3323217025687315,True,False,True,46.188421903515945,6.975929383403179,46.12345164838478,46.25339215864711,0.12994051026232967,2.6566144999953525,followup_needed,0,,,False,,,,0,False,,no_prior,,No reliable period. Methods disagree at Tier 2 and Tier 3 could not resolve ambiguity. More observations needed.,sparse,5,1,4.0,1.433055555447936,low,mbls,,0
2004 XW121,2026-03-21T05:05:04.283873+00:00,True,0.2877035517075219,0.39492225510710716,5.178521769865354,21,,1,313.7641666667769,"Lg,Li,Lr,Ly,Lz",False,False,0.34423508456528307,0.46806442768113277,0.34423508456528307,0.34423508456528307,5.920405130051918,0.004034093035495734,0.1900517489540585,False,0.3597231911205906,False,,,,,,,,,t2_rejected,0,,,False,,,,0,False,,no_prior,,No reliable period. Methods disagree at Tier 2 and Tier 3 could not resolve ambiguity. More observations needed.,sparse,6,1,2.5,0.7245833333290648,low,mbls,,0
2004 XW60,2026-03-21T05:05:09.345626+00:00,True,0.5751979269060049,0.4717419420499123,14.895311287762777,41,,3,670.309166666586,"Lg,Li,Lr,Ly,Lz",False,True,1.4051886078543407,5.559950320895759,1.4051886078543407,1.4051886078543407,7.456893803438282,0.00017531301001960653,0.37089325106529314,False,2.956728861745181,True,False,True,5.559950320895759,1.129790439224694,5.548793229950818,5.571107411840699,0.022314181889880658,1.0048597238669654,followup_needed,0,,,False,,,,0,False,,no_prior,,No reliable period. Methods disagree at Tier 2 and Tier 3 could not resolve ambiguity. More observations needed.,sparse,5,1,3.0,0.5841666666674428,medium,"mbls,mhaov,clean",,0
2004 XX180,2026-03-21T05:05:17.770331+00:00,True,0.07263765979202307,0.15177668943028166,5.543730459461374,49,,3,914.1774999999907,"Li,Lr,Lz",False,True,0.06976200648251617,0.0726367973116503,0.06976200648251617,0.06976200648251617,5.04120776685017,0.001967033291877862,0.1823887321162792,False,0.04120854565462381,True,False,True,0.0726367973116503,0.07287972974413073,0.07255721024209286,0.07271638438120775,0.00015917413911491207,2.7006072468340614,followup_needed,0,,,False,,,,0,False,,no_prior,,No reliable period. Methods disagree at Tier 2 and Tier 3 could not resolve ambiguity. More observations needed.,sparse,3,1,3.0,0.6247222222737037,medium,"mbls,mhaov,clean",,0
2004 XZ115,2026-03-21T05:05:18.776955+00:00,True,13.549024512256128,0.7744708745751938,29.175953896944378,21,,2,504.7405555556179,"Lg,Li,Lr,Lu,Lz",False,True,11.625428044132102,13.373286489026441,11.625428044132102,11.625428044132102,34.93498656271822,1.0148760920536404e-07,0.37345220988088806,False,0.15034787865522206,True,False,True,13.373286489026441,9.689152737785017,13.354090879956726,13.392482098096156,0.03839121813942903,1.6138450771897317,followup_needed,0,,,False,,,,0,False,,no_prior,,No reliable period. Methods disagree at Tier 2 and Tier 3 could not resolve ambiguity. More observations needed.,sparse,7,1,2.0,0.6319444444379769,low,mbls,,0
2004 YN16,2026-03-21T05:05:20.254589+00:00,True,11.65632816408204,0.8245065444259404,18.631092730053474,20,,2,478.4736111110542,"Lg,Li,Lr,Ly,Lz",False,True,4.404588026757627,13.064760581357701,4.404588026757627,4.404588026757627,39.676783458541784,8.261371209350443e-08,0.2831926094968128,False,1.9661708432180358,True,False,True,13.064760581357701,3.8890007995451956,13.038543670492102,13.0909774922233,0.05243382173119926,17.104557544044187,followup_needed,0,,,False,,,,0,False,,no_prior,,No reliable period. Methods disagree at Tier 2 and Tier 3 could not resolve ambiguity. More observations needed.,sparse,7,1,3.0,1.128333333239425,low,mbls,,0
2004 YS34,2026-03-21T05:05:29.358613+00:00,True,0.0792701301049808,0.14660868394769397,8.578120219829126,67,,3,262.3399999999674,"Li,Lr,Lz",False,True,0.0797481948957061,0.15662153229425407,0.0797481948957061,0.15662153229425407,4.194683036767289,0.004533391126091857,0.2719264109685833,False,0.018024592913355682,True,False,True,0.15662153229425407,0.06795933130242782,0.15630724159399806,0.1569358229945101,0.0006285814005120016,1.0618074604430545,followup_needed,0,,,False,,,,0,False,,no_prior,,No reliable period. Methods disagree at Tier 2 and Tier 3 could not resolve ambiguity. More observations needed.,sparse,3,1,2.0,0.6702777778264135,medium,"mbls,mhaov,clean",,0
2005 AA76,2026-03-21T05:05:29.415688+00:00,False,,0.0,50.36391887878218,18,n_obs=18 < min_obs=20,2,551.5761111112079,"Lg,Li,Lr,Ly,Lz",,,,,,,,,,,,False,,,,,,,,,t1_rejected,0,,,False,,,,0,False,,no_prior,,Tier 1 failed: n_obs=18 < min_obs=20,sparse,3,1,4.0,1.9375000001164153,low,mbls,,0
2005 AJ41,2026-03-21T05:05:30.422012+00:00,True,1.4757378689344671,0.4757184075377518,29.727743739863072,26,,2,332.9166666667443,"Lg,Li,Lr,Ly,Lz",False,True,20.83822875926126,46.94379008443868,20.83822875926126,20.83822875926126,7.323150083987621,0.0007408403985802448,0.1664753649432332,False,1.2527725665538594,True,False,True,46.94379008443868,16.670583007409007,46.891404342649025,46.99617582622834,0.10477148357930766,6.104127371269645,followup_needed,0,,,False,,,,0,False,,no_prior,,No reliable period. Methods disagree at Tier 2 and Tier 3 could not resolve ambiguity. More observations needed.,sparse,3,1,13.0,0.4333333333488554,medium,"mbls,mhaov,clean",,0
2005 AL22,2026-03-21T05:05:35.069699+00:00,True,0.19401130051494309,0.7679762675741862,14.298982261132098,20,,2,534.8286111109774,"Lg,Li,Lr,Lu,Lz",False,True,7.19748500555884,26.653009995745826,7.19748500555884,7.19748500555884,26.268788607142888,1.2690679386251347e-06,0.23950795287396265,False,2.703100454555748,True,False,True,26.653009995745826,8.559952066811784,26.638566882022296,26.667453109469356,0.02888622744705671,1.00550690378312,followup_needed,0,,,False,,,,0,False,,no_prior,,No reliable period. Methods disagree at Tier 2 and Tier 3 could not resolve ambiguity. More observations needed.,sparse,5,1,4.0,0.8511111109983176,low,mbls,,0
2005 AO26,2026-03-21T05:05:36.048068+00:00,True,2.2398699349674835,0.6708479061605193,38.13889746608348,20,,2,915.335833333258,"Lg,Li,Lr,Lz",False,True,3.5843590689288347,9.611775375176926,3.5843590689288347,3.5843590689288347,28.466705902629233,7.533210200083573e-07,0.3680403605477055,False,1.6815883091890311,True,False,True,9.611775375176926,3.874464384875583,9.592487531614701,9.63106321873915,0.03857568712444959,1.6295706920751956,followup_needed,0,,,False,,,,0,False,,no_prior,,No reliable period. Methods disagree at Tier 2 and Tier 3 could not resolve ambiguity. More observations needed.,sparse,6,1,3.0,0.6983333333046176,low,mbls,,0
2005 AP34,2026-03-21T05:05:37.560559+00:00,True,1.4757378689344671,0.38754278478437515,51.898122569553216,24,,2,747.5752777777961,"Lg,Li,Lr,Lu,Lz",False,True,5.5152039780985636,2.917263998294935,5.5152039780985636,5.5152039780985636,8.418318867974573,0.00043920569532951426,1.024987920748676,False,0.4710505704086089,True,False,True,2.917263998294935,2.603097106170865,2.9061966993422295,2.9283312972476403,0.022134597905410835,1.066353106314687,followup_needed,0,,,False,,,,0,False,,no_prior,,No reliable period. Methods disagree at Tier 2 and Tier 3 could not resolve ambiguity. More observations needed.,sparse,6,1,3.5,1.4736111111415084,low,mbls,,0
2005 AX20,2026-03-21T05:05:37.609604+00:00,False,,0.0,13.135801912012498,18,n_obs=18 < min_obs=20,2,551.5866666666116,"Lg,Li,Lr,Ly,Lz",,,,,,,,,,,,False,,,,,,,,,t1_rejected,0,,,False,,,,0,False,,no_prior,,Tier 1 failed: n_obs=18 < min_obs=20,sparse,4,1,3.5,1.7394444444507826,low,mbls,,0
2005 AX4,2026-03-21T05:05:38.686619+00:00,True,11.268384192096049,0.7455138635292757,10.761281681332848,21,,3,504.7297222223715,"Lg,Li,Lr,Lz",True,False,7.819230724328649,15.284153899199115,7.819230724328649,15.284153899199115,19.185970442357632,5.978943060980235e-06,0.3572745518202506,True,0.022656164138741428,False,,,,,,,,,confirmed,1,15.284153899199115,,False,33.0,15.284153899199115,0.34628029946204,1,False,,no_prior,,"All 3 methods agree (spread=2.3%), p=5.98e-06, sparse regime. Moderate confidence.",sparse,6,1,2.0,0.6036111111170612,low,mbls,,0
2005 AX59,2026-03-21T05:05:40.256046+00:00,True,0.9584792396198099,0.589595505437952,26.06051065717147,25,,3,365.62222222209675,"Lg,Li,Lr,Ly,Lz",False,True,1.3013837835282185,1.6671068375793097,1.3013837835282185,1.3013837835282185,23.64601456468217,2.428922010189183e-07,0.4326044769090464,False,0.28102628807874647,True,False,True,1.6671068375793097,1.0550348800242146,1.6644953651040022,1.6697183100546171,0.005222944950614927,1.6214086995196475,followup_needed,0,,,False,,,,0,False,,no_prior,,No reliable period. Methods disagree at Tier 2 and Tier 3 could not resolve ambiguity. More observations needed.,sparse,3,1,4.0,1.1186111110146157,low,mbls,,0
2005 BH55,2026-03-21T05:05:49.277901+00:00,True,0.08037957444645596,0.3324650073153553,6.952345839559998,35,,3,914.1113888887921,"Li,Lr,Ly,Lz",True,False,0.08756530677389288,0.08756530677389288,0.08756530677389288,0.08756530677389288,7.192714230744087,0.00034731073214899766,0.14599926263075996,True,0.0,False,,,,,,,,,confirmed,2,0.08756530677389288,,False,10439.2,0.08756530677389288,0.0,2,False,,no_prior,,"All 3 methods agree (spread=0.0%), p=3.47e-04, sparse regime. Moderate confidence.",sparse,3,1,2.0,0.6247222222737037,medium,"mbls,mhaov,clean",,0
2005 BP,2026-03-21T05:05:49.326684+00:00,False,,0.0,10.614670650337848,19,n_obs=19 < min_obs=20,3,241.9905555556761,"Li,Lr,Ly,Lz",,,,,,,,,,,,False,,,,,,,,,t1_rejected,0,,,False,,,,0,False,,no_prior,,Tier 1 failed: n_obs=19 < min_obs=20,sparse,6,1,2.0,0.6262500000593718,low,mbls,,0
2005 BS15,2026-03-21T05:05:50.631689+00:00,True,1.0525262631315657,0.48018416511770917,7.832339764574548,33,,3,532.7013888888177,"Lg,Li,Lr,Lz",True,False,0.7955749971497813,0.8456099064659222,0.7955749971497813,0.7955749971497813,10.692458752163072,2.1790695970969054e-05,0.28509716743051355,True,0.06289150550901236,False,,,,,,,,,confirmed,2,0.7955749971497813,,False,669.6,0.7955749971497813,0.050034909316077965,2,False,,no_prior,,"All 3 methods agree (spread=6.3%), p=2.18e-05, sparse regime. Moderate confidence.",sparse,5,1,2.0,0.5894444444566034,medium,"mbls,mhaov,clean",,0
2005 BW20,2026-03-21T05:05:51.885307+00:00,True,0.9819909954977488,0.17330562158296256,7.215756836098495,22,,2,308.22611111111473,"Lg,Li,Lr,Lz",False,False,0.5115332075338832,15.016068823260238,0.5115332075338832,0.5115332075338832,2.0365519512919534,0.1346630187911605,0.14503671240557975,False,28.355022512858543,False,,,,,,,,,t2_rejected,0,,,False,,,,0,False,,no_prior,,No reliable period. Methods disagree at Tier 2 and Tier 3 could not resolve ambiguity. More observations needed.,sparse,3,1,8.0,0.5683333332999609,low,mbls,,0
2005 BX1,2026-03-21T05:05:51.932938+00:00,False,,0.0,45.64803595800552,19,n_obs=19 < min_obs=20,3,915.4588888887665,"Lg,Li,Lr,Lu,Lz",,,,,,,,,,,,False,,,,,,,,,t1_rejected,0,,,False,,,,0,False,,no_prior,,Tier 1 failed: n_obs=19 < min_obs=20,sparse,5,1,4.0,1.7530555555131286,low,mbls,,0
2005 CE20,2026-03-21T05:05:51.990628+00:00,False,,0.0,76.3373265412176,19,n_obs=19 < min_obs=20,2,652.3288888888783,"Lg,Li,Lr,Lu,Lz",,,,,,,,,,,,False,,,,,,,,,t1_rejected,0,,,False,,,,0,False,,no_prior,,Tier 1 failed: n_obs=19 < min_obs=20,sparse,6,1,3.0,0.7634722221409902,low,mbls,,0
2005 CK43,2026-03-21T05:05:53.395076+00:00,True,1.158329164582291,0.4703709780780125,52.15609228664618,34,,4,533.5047222222202,"Lg,Li,Lr,Ly,Lz",True,False,4.328306358454887,8.269081393428305,4.328306358454887,8.269081393428305,36.70062657141209,5.88095128151167e-11,0.936201856545299,True,0.04476708571291659,False,,,,,,,,,confirmed,2,8.269081393428305,,False,64.5,8.269081393428305,0.3701826755066887,2,False,,no_prior,,"All 3 methods agree (spread=4.5%), p=5.88e-11, sparse regime. Moderate confidence.",sparse,5,1,3.0,0.6702777778264135,medium,"mbls,mhaov,clean",,0
2005 CK68,2026-03-21T05:05:54.356465+00:00,True,10.374937468734368,0.7938193367060187,20.900113220496785,20,,1,503.2605555555783,"Lg,Li,Lr,Lz",False,True,18.71692832077926,10.934756558005578,18.71692832077926,18.71692832077926,24.164230317578333,2.1685322951769948e-06,0.5695280852585374,False,0.41578252742110544,True,False,True,10.934756558005578,10.210648933094172,10.897197504519069,10.972315611492087,0.07511810697301868,1.677876076448045,followup_needed,0,,,False,,,,0,False,,no_prior,,No reliable period. Methods disagree at Tier 2 and Tier 3 could not resolve ambiguity. More observations needed.,sparse,5,1,3.0,1.117499999993015,low,mbls,,0
2005 CU43,2026-03-21T05:05:55.267495+00:00,True,23.917708854427215,0.7251649660287399,20.484947097861472,20,,2,312.5886111111031,"Lg,Li,Lr,Lz",False,True,10.369456485495164,17.185728576192062,10.369456485495164,10.369456485495164,25.95225087882864,1.3722702437712897e-06,0.5438753454482221,False,0.6573413081226455,True,False,True,17.185728576192062,8.545264475003371,17.151242164333485,17.22021498805064,0.06897282371715363,1.0683611967720434,followup_needed,0,,,False,,,,0,False,,no_prior,,No reliable period. Methods disagree at Tier 2 and Tier 3 could not resolve ambiguity. More observations needed.,sparse,6,1,3.5,0.5706944444391411,low,mbls,,0
2005 CW43,2026-03-21T05:05:56.693708+00:00,True,4.967233616808405,0.8920495099236894,13.83739762963573,21,,2,334.634722222283,"Li,Lr,Ly,Lz",False,True,8.519811262751851,13.251810957570278,8.519811262751851,8.519811262751851,157.53472706355205,1.2443379659998755e-12,0.9049658049781767,False,0.5554113288290687,True,False,True,13.251810957570278,6.8158490102014815,13.22521869477917,13.278403220361387,0.053184525582217645,1.3752570103466617,followup_needed,0,,,False,,,,0,False,,no_prior,,No reliable period. Methods disagree at Tier 2 and Tier 3 could not resolve ambiguity. More observations needed.,sparse,6,1,3.5,0.7409722222946584,low,mbls,,0
2005 EF52,2026-03-21T05:05:58.101536+00:00,True,1.2993996998499249,0.8164861083758925,9.317724497712698,22,,3,242.01166666665813,"Li,Lr,Lz",True,False,2.745393973582536,2.745393973582536,2.745393973582536,2.745393973582536,107.54995882316878,7.802758439368063e-12,0.6713420500601999,True,0.0,False,,,,,,,,,confirmed,1,2.745393973582536,,False,88.2,2.745393973582536,0.0,1,False,,no_prior,,"All 3 methods agree (spread=0.0%), p=7.80e-12, sparse regime. Moderate confidence.",sparse,5,1,5.0,0.6883333334117197,low,mbls,,0
2005 EG80,2026-03-21T05:05:59.499466+00:00,True,2.1458229114557277,0.6969077673280347,31.72789184648561,22,,2,765.4541666666628,"Lg,Li,Lr,Lz",False,True,3.21870262383187,10.667927806548656,3.21870262383187,3.21870262383187,26.781281767492093,3.819076280775491e-07,0.5806204207906867,False,2.3143564514345094,True,False,True,10.667927806548656,2.7256705831245136,10.646520593558929,10.689335019538383,0.042814425979454285,1.5376792889820872,followup_needed,0,,,False,,,,0,False,,no_prior,,No reliable period. Methods disagree at Tier 2 and Tier 3 could not resolve ambiguity. More observations needed.,sparse,7,1,3.0,0.7755555555922911,low,mbls,,0
2005 EJ112,2026-03-21T05:05:59.548373+00:00,False,,0.0,8.528760873817744,18,n_obs=18 < min_obs=20,2,265.52194444433553,"Li,Lr,Lz",,,,,,,,,,,,False,,,,,,,,,t1_rejected,0,,,False,,,,0,False,,no_prior,,Tier 1 failed: n_obs=18 < min_obs=20,sparse,7,1,3.0,0.5644444443751127,low,mbls,,0
2005 EL268,2026-03-21T05:06:00.827786+00:00,True,3.215607803901951,0.8175502873405904,21.8010435549637,61,,2,307.8555555555504,"Lg,Li,Lr",False,True,15.899254266759877,11.20757236292497,15.899254266759877,15.899254266759877,72.25334140483722,1.1102230246251565e-16,0.15478740924024229,False,0.2950881736411612,True,False,True,11.20757236292497,8.966057890339977,11.185082251159901,11.23006247469004,0.04498022353013731,1.401616256131298,followup_needed,0,,,False,,,,0,False,,no_prior,,No reliable period. Methods disagree at Tier 2 and Tier 3 could not resolve ambiguity. More observations needed.,sparse,5,1,13.0,0.5066666667116806,medium,"mbls,mhaov,clean",,0
2005 EN25,2026-03-21T05:06:01.762391+00:00,True,1.0525262631315657,0.7977727555519679,40.47324611966938,22,,2,717.4102777778171,"Lg,Li,Lr,Lz",False,True,3.3725600921501098,24.161981957967978,3.3725600921501098,3.3725600921501098,29.871912791987228,1.7255653417258543e-07,0.7467313909079002,False,6.16428508248101,True,False,True,24.161981957967978,2.761213078790458,24.13855178522404,24.185412130711917,0.046860345487878874,6.214575905672848,followup_needed,0,,,False,,,,0,False,,no_prior,,No reliable period. Methods disagree at Tier 2 and Tier 3 could not resolve ambiguity. More observations needed.,sparse,6,1,3.0,0.6695833333069459,low,mbls,,0
2005 EN290,2026-03-21T05:06:02.552279+00:00,True,19.46223111555778,0.7725477782390682,43.61134549425111,22,,2,408.12111111095874,"Lg,Li,Lr,Lz",True,False,6.091421669487628,12.197810809372676,6.091421669487628,12.197810809372676,26.469731049630152,4.1552043150705487e-07,0.5974754332712402,True,0.001228569553179277,False,,,,,,,,,confirmed,-1,12.197810809372676,,False,33.5,12.197810809372676,0.014985858975836343,-1,True,"0.5-day alias (12.0hr, Δ=1.6%)",no_prior,,"Period 12.198hr is close to known alias: 0.5-day alias (12.0hr, Δ=1.6%). Independent confirmation required.",sparse,4,1,5.5,4.294027777737938,low,mbls,,0
2005 ET214,2026-03-21T05:06:03.469728+00:00,True,3.650575287643822,0.7631035353249515,77.91492915600709,21,,2,263.7408333333442,"Li,Lr,Lz",False,True,5.58496189158267,15.081149110734092,5.58496189158267,5.58496189158267,28.560378330716414,4.1589880650505506e-07,1.4102602177237284,False,1.700313700163617,True,False,True,15.081149110734092,4.565099285293661,15.050885935261052,15.111412286207132,0.0605263509460805,1.2922523559316932,followup_needed,0,,,False,,,,0,False,,no_prior,,No reliable period. Methods disagree at Tier 2 and Tier 3 could not resolve ambiguity. More observations needed.,sparse,7,1,3.0,1.0783333332510665,low,mbls,,0
2005 EW142,2026-03-21T05:06:04.467953+00:00,True,3.2508754377188596,0.7424942012908828,21.968217342079548,22,,3,747.1002777778194,"Lg,Li,Lr,Lz",False,True,20.049830713273888,10.846049255981775,20.049830713273888,20.049830713273888,60.497158065101374,7.8952788751252e-10,0.36577081874562445,False,0.4590453450162219,True,False,True,10.846049255981775,8.821937053694876,10.806115466202275,10.885983045761275,0.07986757955900003,2.3496975589099525,followup_needed,0,,,False,,,,0,False,,no_prior,,No reliable period. Methods disagree at Tier 2 and Tier 3 could not resolve ambiguity. More observations needed.,sparse,5,1,5.0,1.7872222223086283,low,mbls,,0
2005 EW146,2026-03-21T05:06:05.297895+00:00,True,5.860680340170085,0.19178017901224775,32.71871790515277,45,,3,533.5047222222202,"Lg,Li,Lr,Ly,Lz",False,False,3.595573316001115,14.579817042565963,3.595573316001115,3.595573316001115,4.718563619150365,0.0032554443208713257,0.3795371276997721,False,3.054935266562198,False,,,,,,,,,t2_rejected,0,,,False,,,,0,False,,no_prior,,No reliable period. Methods disagree at Tier 2 and Tier 3 could not resolve ambiguity. More observations needed.,sparse,4,1,2.5,0.9465277777053416,medium,"mbls,mhaov,clean",,0
2005 GH67,2026-03-21T05:06:06.772664+00:00,True,3.603551775887944,0.6349544127146789,46.51440940048926,22,,3,408.0263888889458,"Lg,Li,Lr,Ly,Lz",False,True,9.250046302373589,1.7250447482773765,9.250046302373589,9.250046302373589,18.384446382879755,5.291854055844425e-06,0.40700108225428105,False,0.8135096093696809,True,False,True,1.7250447482773765,1.9662048502104679,1.706482782453218,1.743606714101535,0.037123931648316955,1.747620282538177,followup_needed,0,,,False,,,,0,False,,no_prior,,No reliable period. Methods disagree at Tier 2 and Tier 3 could not resolve ambiguity. More observations needed.,sparse,8,1,2.5,0.7783333334082272,low,mbls,,0
2005 JA55,2026-03-21T05:06:06.828890+00:00,False,,0.0,6.176420117482325,19,n_obs=19 < min_obs=20,1,270.6413888889947,"Lg,Li,Lr,Lz",,,,,,,,,,,,False,,,,,,,,,t1_rejected,0,,,False,,,,0,False,,no_prior,,Tier 1 failed: n_obs=19 < min_obs=20,sparse,3,1,3.0,0.6577777778729796,low,mbls,,0
2005 JL68,2026-03-21T05:06:07.861269+00:00,True,2.0987993996998497,0.6117317775252933,20.531577568393153,20,,2,145.42166666669073,"Lg,Li,Lr,Lu,Ly,Lz",False,True,1.7306976679403387,1.371389387591428,1.7306976679403387,1.7306976679403387,27.629276680292445,9.150355456677417e-07,0.18786393475079732,False,0.20760892384878935,True,False,True,1.371389387591428,1.9379183251719911,1.368637435643084,1.3741413395397721,0.005503903896687978,1.563314539059289,followup_needed,0,,,False,,,,0,False,,no_prior,,No reliable period. Methods disagree at Tier 2 and Tier 3 could not resolve ambiguity. More observations needed.,sparse,4,1,5.0,1.1265277777856681,low,mbls,,0
2005 JT156,2026-03-21T05:06:08.938739+00:00,True,1.3229114557278638,0.777340727739823,20.686382693110858,20,,2,551.9819444444147,"Lg,Li,Lr,Ly,Lz",False,True,3.2548332143731087,12.413492007757796,3.2548332143731087,3.2548332143731087,18.375180513956895,1.19577917232494e-05,0.6195571616586701,False,2.813864241319001,True,False,True,12.413492007757796,2.8085182920008767,12.388581990350925,12.438402025164667,0.049820034813739866,2.550189060237827,followup_needed,0,,,False,,,,0,False,,no_prior,,No reliable period. Methods disagree at Tier 2 and Tier 3 could not resolve ambiguity. More observations needed.,sparse,6,1,2.5,0.8327777778322343,low,mbls,,0
2005 JZ165,2026-03-21T05:06:18.457917+00:00,True,0.13417157520151166,0.23982354679359816,9.607808264824083,43,,3,914.2002777776797,"Lg,Li,Lr,Lz",False,True,0.35911708896494343,0.3710951618597567,0.35911708896494343,0.35911708896494343,4.233721212802574,0.006236155418842704,0.09896042512768806,False,0.03335422697177526,True,False,True,0.3710951618597567,0.28729367117195476,0.3706983856542805,0.37149193806523295,0.0007935524109524139,4.914153638234643,followup_needed,0,,,False,,,,0,False,,no_prior,,No reliable period. Methods disagree at Tier 2 and Tier 3 could not resolve ambiguity. More observations needed.,sparse,3,1,2.0,0.6238888889201917,medium,"mbls,mhaov,clean",,0
2005 LC7,2026-03-21T05:06:19.873345+00:00,True,20.003001500750376,0.88139230297801,22.78712638992615,20,,2,527.0288888888899,"Lg,Li,Lr,Ly,Lz",False,True,3.97229405913517,4.7598160397004685,3.97229405913517,3.97229405913517,77.39529260747365,7.890386122255677e-10,0.3634546659193221,False,0.19825369643871635,True,False,True,4.7598160397004685,3.4807392758977076,4.751967854338738,4.767664225062199,0.015696370723460973,12.16031301021959,followup_needed,0,,,False,,,,0,False,,no_prior,,No reliable period. Methods disagree at Tier 2 and Tier 3 could not resolve ambiguity. More observations needed.,sparse,4,1,2.5,1.2031944444752298,low,mbls,,0
2005 LR5,2026-03-21T05:06:21.017203+00:00,True,3.3449224612306154,0.843596282892816,6.757508885664173,20,,2,289.802222222148,"Li,Lr,Lu,Ly,Lz",False,True,3.8800293916509867,6.404180035794747,3.8800293916509867,3.8800293916509867,39.761937773288714,8.14219538458616e-08,0.22603867222546659,False,0.6505493617070414,True,False,True,6.404180035794747,3.244171732149655,6.391328838398504,6.41703123319099,0.025702394792484817,1.4250472742919311,followup_needed,0,,,False,,,,0,False,,no_prior,,No reliable period. Methods disagree at Tier 2 and Tier 3 could not resolve ambiguity. More observations needed.,sparse,6,1,3.0,0.6187500000523869,low,mbls,,0
2005 ME6,2026-03-21T05:06:22.613851+00:00,True,1.8401700850425213,0.5420709783667141,31.77829482885521,26,,3,146.7577777779079,"Lg,Li,Lr,Lu,Ly,Lz",False,True,3.4185341391514434,7.951207615320293,3.4185341391514434,3.4185341391514434,9.72049159326122,0.00013024952850648752,0.4687298487256143,False,1.3259114262619691,True,False,True,7.951207615320293,2.748547180775943,7.935252014754434,7.967163215886151,0.03191120113171664,1.0785524669109539,followup_needed,0,,,False,,,,0,False,,no_prior,,No reliable period. Methods disagree at Tier 2 and Tier 3 could not resolve ambiguity. More observations needed.,sparse,4,1,6.0,1.6695833334233612,low,mbls,,0
2005 MS46,2026-03-21T05:06:23.833580+00:00,True,1.2993996998499249,0.5346018154733914,9.969571755609513,21,,3,51.21638888900634,"Lg,Li,Lr,Ly,Lz",True,False,2.6063165377286843,2.6063165377286843,2.6063165377286843,2.6063165377286843,10.141276569339276,0.0002760866067570422,0.09471093167829037,True,0.0,False,,,,,,,,,confirmed,1,2.6063165377286843,,False,19.7,2.6063165377286843,0.0,1,False,,no_prior,,"All 3 methods agree (spread=0.0%), p=2.76e-04, sparse regime. Moderate confidence.",sparse,3,1,4.0,1.9486111112055369,low,mbls,,0
2005 NC5,2026-03-21T05:06:25.509121+00:00,True,6.295647823911956,0.8704200244484717,20.81057883154035,33,,2,913.5763888887595,"Lg,Li,Lr,Lu,Ly,Lz",False,True,1.758910334026871,2.7779923215764653,1.758910334026871,1.758910334026871,115.27124585850426,1.1102230246251565e-16,0.3079965667067972,False,0.5793825687611465,True,False,True,2.7779923215764653,1.4165404964336807,2.7724177550448745,2.783566888108056,0.011149133063181438,1.2659981107175742,followup_needed,0,,,False,,,,0,False,,no_prior,,No reliable period. Methods disagree at Tier 2 and Tier 3 could not resolve ambiguity. More observations needed.,sparse,4,1,7.5,0.6808333332301117,medium,"mbls,mhaov,clean",,0
2005 ND51,2026-03-21T05:06:26.721144+00:00,True,1.6168084042021011,0.5152696232881566,22.961323238083832,22,,3,533.4497222222853,"Li,Lr,Ly,Lz",False,False,0.5711787009894496,1.5612123945458165,0.5711787009894496,0.5711787009894496,7.321165223889907,0.0012802245768527287,0.1354718071046946,False,1.7333168968653838,False,,,,,,,,,t2_rejected,0,,,False,,,,0,False,,no_prior,,No reliable period. Methods disagree at Tier 2 and Tier 3 could not resolve ambiguity. More observations needed.,sparse,3,1,3.0,1.2347222223761491,low,mbls,,0
2005 NN69,2026-03-21T05:06:26.768469+00:00,False,,0.0,27.819807533208824,19,n_obs=19 < min_obs=20,1,551.5319444443448,"Lg,Li,Lr,Ly,Lz",,,,,,,,,,,,False,,,,,,,,,t1_rejected,0,,,False,,,,0,False,,no_prior,,Tier 1 failed: n_obs=19 < min_obs=20,sparse,5,1,4.0,2.003055555629544,low,mbls,,0
2005 NY83,2026-03-21T05:06:27.703116+00:00,True,9.152326163081542,0.7570425121758444,11.011065488630598,21,,2,266.01138888899004,"Lg,Li,Lr,Lz",False,True,12.81013043200493,16.996867827878592,12.81013043200493,12.81013043200493,20.1368140346774,4.365910894033043e-06,0.5032056928304183,False,0.32683019256487483,True,False,True,16.996867827878592,10.590850310339864,16.971161880523397,17.022573775233788,0.05141189471039098,1.0970709284023297,followup_needed,0,,,False,,,,0,False,,no_prior,,No reliable period. Methods disagree at Tier 2 and Tier 3 could not resolve ambiguity. More observations needed.,sparse,6,1,2.5,0.8208333333896007,low,mbls,,0
2005 QG129,2026-03-21T05:06:30.129930+00:00,True,2.392696348174087,0.2563815356318024,8.33284543083889,178,,3,98.79833333333954,"Lg,Li,Lr",False,True,3.4203252009465888,2.970580989060719,3.4203252009465888,3.4203252009465888,28.828538974833858,1.1102230246251565e-16,1.141599824024928,False,0.13149165224443268,True,False,True,2.970580989060719,4.104390241135906,2.9656669001568168,2.9754950779646214,0.00982817780780465,1.034039052478817,followup_needed,0,,,False,,,,0,False,,no_prior,,No reliable period. Methods disagree at Tier 2 and Tier 3 could not resolve ambiguity. More observations needed.,dense,4,1,53.0,2.820277777762385,high,"gls,mbls,mhaov,ce,clean",,0
2005 QG144,2026-03-21T05:06:31.251782+00:00,True,7.165582791395698,0.6879442516581458,21.51134725211988,21,,2,914.9108333332697,"Lg,Li,Lr,Lz",True,False,4.52015822581903,9.03287650677854,4.52015822581903,9.03287650677854,20.98107666971728,3.3354425387210895e-06,0.33342588240785814,True,0.0008229739411577206,False,,,,,,,,,confirmed,1,9.03287650677854,,False,101.3,9.03287650677854,0.00743382197877452,1,False,,no_prior,,"All 3 methods agree (spread=0.1%), p=3.34e-06, sparse regime. Moderate confidence.",sparse,7,1,2.0,0.5966666666208766,low,mbls,,0
2005 QH46,2026-03-21T05:06:35.769551+00:00,True,0.7346804506361263,0.7294053569743729,8.122587015373265,20,,3,478.6802777778357,"Li,Lr,Lz",False,True,3.5332602018275017,1.4699127068997242,3.5332602018275017,3.5332602018275017,12.094450385792722,0.00013609540707193446,0.39800676375328997,False,0.5839783590973492,True,False,True,1.4699127068997242,3.35600634554853,1.4628225526485659,1.4770028611508825,0.014180308502316663,1.2123010704016959,followup_needed,0,,,False,,,,0,False,,no_prior,,No reliable period. Methods disagree at Tier 2 and Tier 3 could not resolve ambiguity. More observations needed.,sparse,7,1,2.0,0.6894444444333203,low,mbls,,0
2005 QM118,2026-03-21T05:06:37.061531+00:00,True,2.9804902451225614,0.8569292377484553,22.178250644007615,21,,2,388.2408333333442,"Lg,Li,Lr,Ly,Lz",False,True,5.954683027560292,5.295810056190886,5.954683027560292,5.954683027560292,38.64224237863329,4.945281184554062e-08,0.585505817001801,False,0.11064786627933137,True,False,True,5.295810056190886,5.540232058784311,5.287858106225081,5.303762006156691,0.0159038999316099,2.60790067104684,followup_needed,0,,,False,,,,0,False,,no_prior,,No reliable period. Methods disagree at Tier 2 and Tier 3 could not resolve ambiguity. More observations needed.,sparse,5,1,2.0,0.5747222222853452,low,mbls,,0
2005 QQ94,2026-03-21T05:06:37.109845+00:00,False,,0.0,6.085454575428966,19,n_obs=19 < min_obs=20,2,51.21361111110309,"Lg,Li,Lr,Ly,Lz",,,,,,,,,,,,False,,,,,,,,,t1_rejected,0,,,False,,,,0,False,,no_prior,,Tier 1 failed: n_obs=19 < min_obs=20,sparse,3,1,5.0,2.4849999999278225,low,mbls,,0
2005 QR209,2026-03-21T05:06:43.763471+00:00,True,0.07245221510762385,0.31897947343271404,8.038449179209609,22,,2,167.58861111098668,"Lg,Li,Lr,Lz",False,True,0.07436024601222127,0.07563325884863553,0.07436024601222127,0.07436024601222127,5.72924871798252,0.0041528920983676665,0.15072092211018018,False,0.017119535029347793,True,False,True,0.07563325884863553,0.07254721952437683,0.0755550041143043,0.07571151358296677,0.0001565094686624552,1.3218920849130618,followup_needed,0,,,False,,,,0,False,,no_prior,,No reliable period. Methods disagree at Tier 2 and Tier 3 could not resolve ambiguity. More observations needed.,sparse,3,1,5.0,0.4788888889015652,low,mbls,,0
2005 QR44,2026-03-21T05:06:44.728374+00:00,True,1.8401700850425213,0.5947259835441842,16.48598222935762,20,,2,551.6327777778497,"Li,Lr,Ly,Lz",False,True,5.984756299456831,7.795940317607954,5.984756299456831,5.984756299456831,23.600789028092546,2.519878475548687e-06,0.28191029612201535,False,0.302632877184189,True,False,True,7.795940317607954,4.795811402507883,7.783930773194328,7.80794986202158,0.024019088827252233,4.406668156269729,followup_needed,0,,,False,,,,0,False,,no_prior,,No reliable period. Methods disagree at Tier 2 and Tier 3 could not resolve ambiguity. More observations needed.,sparse,4,1,4.0,1.102361111145001,low,mbls,,0
2005 QW59,2026-03-21T05:06:46.518748+00:00,True,1.18184092046023,0.26620787459731515,43.79893031043712,35,,3,533.5047222222202,"Lg,Li,Lr,Ly,Lz",False,True,0.2898710653614093,0.5797421307228185,0.2898710653614093,0.5797421307228185,5.423991824854663,0.002079742436140064,0.258413688831579,False,0.0,True,False,True,0.5797421307228185,0.23189685228912743,0.5785787685875889,0.5809054928580482,0.002326724270459324,2.073500722157418,followup_needed,0,,,False,,,,0,False,,no_prior,,No reliable period. Methods disagree at Tier 2 and Tier 3 could not resolve ambiguity. More observations needed.,sparse,4,1,3.5,0.9623611111601349,medium,"mbls,mhaov,clean",,0
2005 QW67,2026-03-21T05:06:48.176500+00:00,True,4.463935389268081,0.12637175452338284,6.525161875947778,176,,3,51.06722222222015,"Lg,Li,Lr",True,False,14.768050744452712,15.387036712527019,14.768050744452712,14.768050744452712,8.6200933853487,2.31916955462097e-06,0.6068400544631434,True,0.04191385706788512,False,,,,,,,,,confirmed,3,14.768050744452712,,False,3.5,14.768050744452712,0.6189859680742654,3,False,,no_prior,,"All 3 methods agree (spread=4.2%), p=2.32e-06, dense regime. High confidence.",dense,3,1,59.0,2.903333333262708,high,"gls,mbls,mhaov,ce,clean",,0
2005 QZ11,2026-03-21T05:06:49.318886+00:00,True,3.215607803901951,0.664689588161643,55.42939201975605,20,,2,747.5313888889505,"Lg,Li,Lr,Ly,Lz",False,True,4.093557310077172,4.7011748550790164,4.093557310077172,4.093557310077172,18.50170405426215,1.1468631916256022e-05,0.43234925775409716,False,0.14843264646763712,True,False,True,4.7011748550790164,3.5596150522410186,4.694474741534622,4.707874968623411,0.013400227088790295,1.0587451234524798,followup_needed,0,,,False,,,,0,False,,no_prior,,No reliable period. Methods disagree at Tier 2 and Tier 3 could not resolve ambiguity. More observations needed.,sparse,7,1,2.0,0.7316666665719822,low,mbls,,0
2005 QZ170,2026-03-21T05:06:50.657276+00:00,True,2.5690345172586295,0.5018310400375371,25.013304517353124,26,,2,915.4486111110309,"Lg,Li,Lr,Ly,Lz",True,False,0.800394649756432,0.8772243197483227,0.800394649756432,0.800394649756432,18.79950221752683,1.057345909494245e-06,0.3451836023394731,True,0.0959897345830269,False,,,,,,,,,confirmed,1,0.800394649756432,,False,1143.7,0.800394649756432,0.07682966999179469,1,False,,no_prior,,"All 3 methods agree (spread=9.6%), p=1.06e-06, sparse regime. Moderate confidence.",sparse,8,1,2.5,0.6508333332894836,low,mbls,,0
2005 RY41,2026-03-21T05:06:52.112860+00:00,True,1.488800158608645,0.48082244035020444,13.788744385856463,21,,3,51.22777777776355,"Li,Lr,Ly,Lz",False,True,0.6121333992631819,0.35191775603178777,0.6121333992631819,0.6121333992631819,8.52930198915434,0.0006955916191762057,0.3005946276116709,False,0.42509630015971633,True,False,True,0.35191775603178777,0.7230953733102201,0.3506893946954738,0.35314611736810175,0.0024567226726279756,1.071382239418392,followup_needed,0,,,False,,,,0,False,,no_prior,,No reliable period. Methods disagree at Tier 2 and Tier 3 could not resolve ambiguity. More observations needed.,sparse,3,1,4.0,0.593888888892252,low,mbls,,0
2005 SC219,2026-03-21T05:06:53.462797+00:00,True,1.0172586293146573,0.5288149653402757,5.644058216216889,23,,2,552.1130555556156,"Li,Lr,Lz",False,True,1.0256806581813223,1.3500169887419018,1.0256806581813223,1.0256806581813223,12.449615634164124,4.987591225547039e-05,0.2697859827351673,False,0.31621570317544817,True,False,True,1.3500169887419018,0.8685697078645847,1.3479587666853505,1.352075210798453,0.004116444113102413,2.1523335111421393,followup_needed,0,,,False,,,,0,False,,no_prior,,No reliable period. Methods disagree at Tier 2 and Tier 3 could not resolve ambiguity. More observations needed.,sparse,5,1,4.0,0.5313888889504597,low,mbls,,0
2005 SF165,2026-03-21T05:06:56.217436+00:00,True,0.13040998865044257,0.27960415392340177,6.062547587739396,30,,3,66.30888888897607,"Lg,Li,Lr",False,False,0.053016148899733925,0.5137798478368449,0.053016148899733925,0.053016148899733925,4.44933851368771,0.007478258374921221,0.07396308057042064,False,8.69100657989763,False,,,,,,,,,t2_rejected,0,,,False,,,,0,False,,no_prior,,No reliable period. Methods disagree at Tier 2 and Tier 3 could not resolve ambiguity. More observations needed.,sparse,3,1,5.0,0.659999999916181,medium,"mbls,mhaov,clean",,0
2005 SH162,2026-03-21T05:06:57.416868+00:00,True,1.9929964982491246,0.6395011713170939,26.34022030643256,26,,3,915.2277777777635,"Lg,Li,Lr,Lz",False,True,2.9884196586791623,19.02677051542416,2.9884196586791623,2.9884196586791623,17.251567729859794,2.089754620904216e-06,0.6558714856301707,False,5.366833540316204,True,False,True,19.02677051542416,2.982422829932649,18.98858970502532,19.064951325823003,0.07636162079768205,2.2684367610161744,followup_needed,0,,,False,,,,0,False,,no_prior,,No reliable period. Methods disagree at Tier 2 and Tier 3 could not resolve ambiguity. More observations needed.,sparse,7,1,2.0,0.7372222222038545,low,mbls,,0
2005 SK285,2026-03-21T05:06:59.065759+00:00,True,0.8761880940470235,0.8684748993313278,8.050042837034773,20,,2,552.0372222221922,"Lg,Li,Lr,Lz",False,True,1.687943826530642,17.29574146774927,1.687943826530642,1.687943826530642,37.521032410618474,1.2050902620242e-07,0.39203708616359345,False,9.246633327418996,True,False,True,17.29574146774927,1.8719805112961903,17.261034294235394,17.330448641263146,0.06941434702774885,1.175954218439551,followup_needed,0,,,False,,,,0,False,,no_prior,,No reliable period. Methods disagree at Tier 2 and Tier 3 could not resolve ambiguity. More observations needed.,sparse,5,1,4.0,1.5813888888806105,low,mbls,,0
2005 SN163,2026-03-21T05:07:01.277327+00:00,True,4.085542771385693,0.3254964433991719,17.155737728524006,23,,3,552.1130555556156,"Li,Lr,Ly,Lz",False,True,0.32205115246709487,0.34871217331381027,0.32205115246709487,0.32205115246709487,4.050441003467155,0.016303563865900483,0.4168844268031333,False,0.08278505027041215,True,False,True,0.34871217331381027,0.2701352141764127,0.3482955236256854,0.34912882300193515,0.0008332993762498186,3.007705537322083,followup_needed,0,,,False,,,,0,False,,no_prior,,No reliable period. Methods disagree at Tier 2 and Tier 3 could not resolve ambiguity. More observations needed.,sparse,4,1,3.0,0.5262500000826549,low,mbls,,0
2005 SO155,2026-03-21T05:07:02.660289+00:00,True,0.9232116058029014,0.2585446397559857,22.141903873344454,43,,3,533.4611111110426,"Lg,Li,Lr,Ly,Lz",True,False,0.9751120246959335,1.932564669633229,0.9751120246959335,1.932564669633229,9.907485220857787,1.363623683503512e-05,0.0929959962680467,True,0.009055051784504237,False,,,,,,,,,confirmed,2,1.932564669633229,,False,276.0,1.932564669633229,0.017499473160432214,2,False,,no_prior,,"All 3 methods agree (spread=0.9%), p=1.36e-05, sparse regime. Moderate confidence.",sparse,5,1,2.0,0.5625,medium,"mbls,mhaov,clean",,0
2005 SO289,2026-03-21T05:07:10.599419+00:00,True,0.046927013368063084,0.4266771137735015,7.5899405055092215,31,,3,365.6986111110309,"Lg,Li,Lr,Lz",True,False,0.0946016257158881,0.0946016257158881,0.0946016257158881,0.0946016257158881,9.640610415620705,6.421761233688095e-05,0.09715123847051804,True,0.0,False,,,,,,,,,confirmed,2,0.0946016257158881,,False,3865.7,0.0946016257158881,0.0,2,False,,no_prior,,"All 3 methods agree (spread=0.0%), p=6.42e-05, sparse regime. Moderate confidence.",sparse,3,1,6.0,1.2838888888363726,medium,"mbls,mhaov,clean",,0
2005 SP105,2026-03-21T05:07:12.326622+00:00,True,2.32216108054027,0.7785867894988501,25.60420342579338,20,,1,552.0927777778124,"Lg,Li,Lr,Ly,Lz",True,False,4.6238299172088855,4.896115172225443,4.6238299172088855,4.6238299172088855,25.235232948709655,1.6431793470328415e-06,0.33925569539176226,True,0.05888738554225625,False,,,,,,,,,confirmed,1,4.6238299172088855,,False,119.4,4.6238299172088855,0.2722852550164984,1,False,,no_prior,,"All 3 methods agree (spread=5.9%), p=1.64e-06, sparse regime. Moderate confidence.",sparse,4,1,4.0,2.0881944444263354,low,mbls,,0
2005 SQ114,2026-03-21T05:07:14.206790+00:00,True,21.28439219609805,0.5983821684027606,116.07151818892513,24,,2,533.4502777777961,"Lg,Li,Lr,Lu,Ly,Lz",False,True,4.187049102631905,4.899770943823357,4.187049102631905,4.187049102631905,37.131582154325386,9.852327176318454e-09,0.9924114805153097,False,0.17022055956861792,True,False,True,4.899770943823357,3.4056533169233423,4.892394562135157,4.907147325511557,0.01475276337639908,1.573935204710828,followup_needed,0,,,False,,,,0,False,,no_prior,,No reliable period. Methods disagree at Tier 2 and Tier 3 could not resolve ambiguity. More observations needed.,sparse,4,1,5.5,1.2490277777833398,low,mbls,,0
2005 SQ247,2026-03-21T05:07:15.664625+00:00,True,2.474987493746873,0.55578770622422,41.78438349508965,23,,2,746.7338888890226,"Lg,Li,Lr,Lz",False,True,3.0164236700172813,5.401658073692428,3.0164236700172813,3.0164236700172813,14.18006575857902,2.1398084338541956e-05,0.8106170398047392,False,0.7907491336124843,True,False,True,5.401658073692428,2.429280333579135,5.390818626052911,5.412497521331944,0.021678895279032773,1.0782767091992316,followup_needed,0,,,False,,,,0,False,,no_prior,,No reliable period. Methods disagree at Tier 2 and Tier 3 could not resolve ambiguity. More observations needed.,sparse,6,1,3.0,1.2061111111252103,low,mbls,,0
2005 SU14,2026-03-21T05:07:16.980372+00:00,True,2.3809404702351173,0.7109479738082354,18.79402437526408,24,,4,551.6541666666744,"Lg,Li,Lr,Ly,Lz",False,True,15.033612919399175,6.828978574614004,15.033612919399175,15.033612919399175,31.64152443606264,3.678735382983689e-08,0.4397801703811794,False,0.5457526669585508,True,False,True,6.828978574614004,5.655033762790727,6.798810789491467,6.85914635973654,0.060335570245072745,2.6750769457484944,followup_needed,0,,,False,,,,0,False,,no_prior,,No reliable period. Methods disagree at Tier 2 and Tier 3 could not resolve ambiguity. More observations needed.,sparse,5,1,2.0,1.4244444444193505,low,mbls,,0
2005 SV305,2026-03-21T05:07:17.953512+00:00,True,14.125062531265634,0.6963088840340175,13.426941045578767,23,,2,1129.651666666672,"Lg,Li,Lr,Lz",False,True,8.242709738497124,37.61524439278659,8.242709738497124,8.242709738497124,35.921477706691206,2.363478779354722e-08,0.5854146295872342,False,3.563456143202895,True,False,True,37.61524439278659,6.627248900116083,37.58468153903628,37.645807246536904,0.061125707500622184,1.1586552633036873,followup_needed,0,,,False,,,,0,False,,no_prior,,No reliable period. Methods disagree at Tier 2 and Tier 3 could not resolve ambiguity. More observations needed.,sparse,6,1,4.0,0.7969444444170222,low,mbls,,0
2005 SZ135,2026-03-21T05:07:22.008079+00:00,True,0.3355189980852414,0.14061218663470001,11.698574250824416,44,,3,914.2002777776797,"Li,Lr,Ly,Lz",False,False,0.38102785247177556,1.9960003070036199,0.38102785247177556,0.38102785247177556,3.1998508026154417,0.022973541755280102,0.25444398995543105,False,4.238462999623457,False,,,,,,,,,t2_rejected,0,,,False,,,,0,False,,no_prior,,No reliable period. Methods disagree at Tier 2 and Tier 3 could not resolve ambiguity. More observations needed.,sparse,3,1,4.0,0.6366666667163372,medium,"mbls,mhaov,clean",,0
2005 SZ268,2026-03-21T05:07:23.267541+00:00,True,0.864432216108054,0.379065968722046,19.0643159169026,35,,2,239.3297222221736,"Lg,Li,Lr",False,True,0.9507789384642069,3.3754537444601698,0.9507789384642069,0.9507789384642069,8.621150562986049,9.338164511385472e-05,0.12201162186817666,False,2.550198272071518,True,False,True,3.3754537444601698,0.7924217774758541,3.368680258685334,3.3822272302350056,0.01354697154967166,1.0433185267191967,followup_needed,0,,,False,,,,0,False,,no_prior,,No reliable period. Methods disagree at Tier 2 and Tier 3 could not resolve ambiguity. More observations needed.,sparse,4,1,8.5,0.34249999999883585,medium,"mbls,mhaov,clean",,0
2005 TL104,2026-03-21T05:07:31.304788+00:00,True,0.06999701110450449,0.3810454144519515,6.407656102866541,26,,2,190.35250000009546,"Lg,Li,Lr",True,False,0.14626569188457114,0.270054618890385,0.14626569188457114,0.270054618890385,7.439472216955438,0.000676357643682457,0.06696000627495537,True,0.07683539656182149,False,,,,,,,,,confirmed,1,0.270054618890385,,False,704.9,0.270054618890385,0.020749753735794303,1,False,,no_prior,,"All 3 methods agree (spread=7.7%), p=6.76e-04, sparse regime. Moderate confidence.",sparse,3,1,8.0,0.3925000000745058,low,mbls,,0
2005 TL198,2026-03-21T05:07:34.616144+00:00,True,0.4444767001247687,0.06954703343161148,7.7400132761706955,148,,3,216.91916666657198,"Lg,Li,Lr",False,True,1.1798016263368138,1.1798016263368138,1.1798016263368138,1.1798016263368138,4.4676207801242995,0.001972119470991518,0.7314312545981307,False,0.0,True,False,True,1.1798016263368138,0.9485762908741473,1.1774341314344656,1.182169121239162,0.004734989804696443,1.1132380549938348,followup_needed,0,,,False,,,,0,False,,no_prior,,No reliable period. Methods disagree at Tier 2 and Tier 3 could not resolve ambiguity. More observations needed.,sparse,6,1,14.5,2.3806944443495013,medium,"mbls,mhaov,clean",,0
2005 TO167,2026-03-21T05:07:34.668207+00:00,False,,0.0,6.058653533089761,19,n_obs=19 < min_obs=20,2,453.96999999991385,"Lg,Li,Lr,Lz",,,,,,,,,,,,False,,,,,,,,,t1_rejected,0,,,False,,,,0,False,,no_prior,,Tier 1 failed: n_obs=19 < min_obs=20,sparse,5,1,4.0,1.2738888889434747,low,mbls,,0
2005 TO93,2026-03-21T05:07:35.473721+00:00,True,0.9232116058029014,0.4888621165187385,19.007097364351047,24,,2,552.0055555556319,"Lg,Li,Lr,Ly,Lz",False,False,6.342076048027349,39.6896491760385,6.342076048027349,6.342076048027349,4.89602860911664,0.00695574284379008,0.49323417660490965,False,5.258147785594337,False,,,,,,,,,t2_rejected,0,,,False,,,,0,False,,no_prior,,No reliable period. Methods disagree at Tier 2 and Tier 3 could not resolve ambiguity. More observations needed.,sparse,5,1,4.0,1.5250000000814907,low,mbls,,0
2005 UD80,2026-03-21T05:07:36.739685+00:00,True,0.8291645822911455,0.614198037607596,18.186449503120585,21,,2,504.6047222223133,"Lg,Li,Lr,Ly,Lz",False,True,1.7729985875126286,27.355216797399258,1.7729985875126286,1.7729985875126286,25.732666536028074,8.50235850946568e-07,0.43101885322395783,False,14.428786570981961,True,False,True,27.355216797399258,2.0991354514363563,27.344602282873772,27.365831311924744,0.02122902905097135,6.923637774860112,followup_needed,0,,,False,,,,0,False,,no_prior,,No reliable period. Methods disagree at Tier 2 and Tier 3 could not resolve ambiguity. More observations needed.,sparse,4,1,5.5,1.9133333333884366,low,mbls,,0
2005 UE404,2026-03-21T05:07:37.909435+00:00,True,2.968734367183592,0.47870221002230107,13.968033340013251,20,,2,552.0927777778124,"Lg,Li,Lr,Lz",True,False,7.770007375566889,15.94364864758266,7.770007375566889,15.94364864758266,18.01496930098233,1.3484999803470288e-05,0.9589054887919095,True,0.025973842555034113,False,,,,,,,,,confirmed,1,15.94364864758266,,False,34.6,15.94364864758266,0.4141178197250946,1,False,,no_prior,,"All 3 methods agree (spread=2.6%), p=1.35e-05, sparse regime. Moderate confidence.",sparse,4,1,5.0,1.787083333299961,low,mbls,,0
2005 UF186,2026-03-21T05:07:37.971653+00:00,False,,0.0,7.386098221422278,18,n_obs=18 < min_obs=20,1,504.7297222223715,"Lg,Li,Lr,Lz",,,,,,,,,,,,False,,,,,,,,,t1_rejected,0,,,False,,,,0,False,,no_prior,,Tier 1 failed: n_obs=18 < min_obs=20,sparse,5,1,3.0,0.6319444444379769,low,mbls,,0
2005 UF198,2026-03-21T05:07:39.182463+00:00,True,9.85767883941971,0.6870999735245034,20.710860274977094,22,,3,290.233333333279,"Lg,Li,Lr,Lz",False,True,14.81920722365184,18.138121432340043,14.81920722365184,14.81920722365184,23.410440848447298,9.976969538305624e-07,0.6420366685242899,False,0.22396030763311717,True,False,True,18.138121432340043,14.729994604914138,18.10838389276081,18.167858971919276,0.05947507915846906,2.298902109847909,followup_needed,0,,,False,,,,0,False,,no_prior,,No reliable period. Methods disagree at Tier 2 and Tier 3 could not resolve ambiguity. More observations needed.,sparse,6,1,2.5,0.5794444443890825,low,mbls,,0
2005 UF515,2026-03-21T05:07:39.229959+00:00,False,,0.0,27.82276298773093,16,n_obs=16 < min_obs=20,1,550.7774999999092,"Lg,Li,Lr,Ly,Lz",,,,,,,,,,,,False,,,,,,,,,t1_rejected,0,,,False,,,,0,False,,no_prior,,Tier 1 failed: n_obs=16 < min_obs=20,sparse,5,1,4.0,1.569444444437977,low,mbls,,0
2005 UF533,2026-03-21T05:07:40.034777+00:00,True,2.275137568784392,0.5023417515436706,9.077699184508267,22,,2,527.0288888888899,"Lg,Li,Lr,Ly,Lz",True,False,3.8119922123449186,3.839751590533513,3.8119922123449186,3.8119922123449186,12.296983848643753,7.022928868627432e-05,0.4756714372682332,True,0.007282118284158574,False,,,,,,,,,confirmed,1,3.8119922123449186,,False,138.3,3.8119922123449186,0.027759378188587026,1,False,,no_prior,,"All 3 methods agree (spread=0.7%), p=7.02e-05, sparse regime. Moderate confidence.",sparse,4,1,4.0,1.9070833333244082,low,mbls,,0
2005 UG265,2026-03-21T05:07:41.534555+00:00,True,0.7586293146573286,0.37319892520393166,14.942777010710738,30,,3,365.67694444436347,"Lg,Li,Lr,Ly,Lz",False,True,1.2983537543419597,0.795343516828837,1.2983537543419597,1.2983537543419597,9.760549649362419,6.74450155976336e-05,0.3167868726270677,False,0.3874215604418799,True,False,True,0.795343516828837,0.6447868511013715,0.7927381246796561,0.7979489089780178,0.005210784298361748,2.491039870146033,followup_needed,0,,,False,,,,0,False,,no_prior,,No reliable period. Methods disagree at Tier 2 and Tier 3 could not resolve ambiguity. More observations needed.,sparse,3,1,3.0,1.3024999999324791,medium,"mbls,mhaov,clean",,0
2005 UG348,2026-03-21T05:07:42.483944+00:00,True,2.369184592296148,0.7929091360691702,19.740242895692678,21,,2,1129.618055555562,"Lg,Li,Lr,Lz",False,True,16.81920025951622,18.986108259197955,16.81920025951622,16.81920025951622,31.425321347149435,2.1393267701785845e-07,0.6455059426891505,False,0.12883537660808708,True,False,True,18.986108259197955,15.862924659476835,18.960458461049157,19.011758057346754,0.05129959629759284,5.833369864269738,followup_needed,0,,,False,,,,0,False,,no_prior,,No reliable period. Methods disagree at Tier 2 and Tier 3 could not resolve ambiguity. More observations needed.,sparse,7,1,2.0,0.5722222220501862,low,mbls,,0
2005 UH141,2026-03-21T05:07:43.941719+00:00,True,4.085542771385693,0.613751655734017,9.108619363594444,20,,2,552.0472222222597,"Lg,Li,Lr,Ly,Lz",False,True,4.059837425901349,0.24625900586247618,4.059837425901349,4.059837425901349,10.421563252283313,0.000304468138146885,0.34658296678476863,False,0.9393426435521018,True,False,True,0.24625900586247618,0.21512659642568155,0.23811217490749048,0.2544058368174619,0.01629366190997139,3.402500197802339,followup_needed,0,,,False,,,,0,False,,no_prior,,No reliable period. Methods disagree at Tier 2 and Tier 3 could not resolve ambiguity. More observations needed.,sparse,4,1,4.5,1.7708333333430346,low,mbls,,0
2005 UH378,2026-03-21T05:07:52.603071+00:00,True,0.08157741211612163,0.573905766127042,6.8101786651782,22,,2,308.5263888888876,"Lg,Li,Lr,Lz",True,False,0.08756530677389288,0.08756530677389288,0.08756530677389288,0.08756530677389288,15.835677188045663,1.4234545466118576e-05,0.11304896584195813,True,0.0,False,,,,,,,,,confirmed,1,0.08756530677389288,,False,3523.4,0.08756530677389288,0.0,1,False,,no_prior,,"All 3 methods agree (spread=0.0%), p=1.42e-05, sparse regime. Moderate confidence.",sparse,3,1,4.0,0.6675000000977889,low,mbls,,0
2005 UH425,2026-03-21T05:07:52.649703+00:00,False,,0.0,6.906934451026659,17,n_obs=17 < min_obs=20,2,551.548055555555,"Lg,Li,Lr,Ly,Lz",,,,,,,,,,,,False,,,,,,,,,t1_rejected,0,,,False,,,,0,False,,no_prior,,Tier 1 failed: n_obs=17 < min_obs=20,sparse,6,1,2.5,0.8327777778322343,low,mbls,,0
2005 UK114,2026-03-21T05:08:00.569710+00:00,True,0.10943907221592115,0.1833903813911906,6.525184681539153,27,,2,332.9736111110542,"Lg,Li,Lr,Ly",False,False,0.049784355950092236,0.2097705603803885,0.049784355950092236,0.049784355950092236,2.369057539654757,0.08384632475638987,0.07699717924216201,False,3.213583893451699,False,,,,,,,,,t2_rejected,0,,,False,,,,0,False,,no_prior,,No reliable period. Methods disagree at Tier 2 and Tier 3 could not resolve ambiguity. More observations needed.,sparse,3,1,5.0,0.49027777765877545,medium,"mbls,mhaov,clean",,0
2005 UK284,2026-03-21T05:08:01.610603+00:00,True,7.1773386693346675,0.2770610738760317,6.8158963953893155,59,,3,289.0152777777985,"Lg,Li,Lr",True,False,9.267454079486784,9.261776797821845,9.267454079486784,9.267454079486784,7.937531490879376,4.1550032263137915e-05,1.0769116304715118,True,0.0006126042401984737,False,,,,,,,,,confirmed,2,9.267454079486784,,False,31.2,9.267454079486784,0.005677281664938247,2,False,,no_prior,,"All 3 methods agree (spread=0.1%), p=4.16e-05, sparse regime. Moderate confidence.",sparse,6,1,11.0,1.6047222222550772,medium,"mbls,mhaov,clean",,0
2005 UK424,2026-03-21T05:08:03.720194+00:00,True,1.4874937468734366,0.668665075301038,8.38309913459947,20,,2,551.9819444444147,"Lg,Li,Lr,Lz",False,True,3.0013117889949417,8.421674584338858,3.0013117889949417,3.0013117889949417,37.06383722794279,1.3088190964349877e-07,0.5243628508691969,False,1.8059979023896224,True,False,True,8.421674584338858,2.489382353413865,8.404774902898716,8.438574265779,0.033799362880285955,1.2870657539760766,followup_needed,0,,,False,,,,0,False,,no_prior,,No reliable period. Methods disagree at Tier 2 and Tier 3 could not resolve ambiguity. More observations needed.,sparse,5,1,4.0,0.8272222222876735,low,mbls,,0
2005 UO144,2026-03-21T05:08:03.770522+00:00,False,,0.0,24.42278073123014,18,n_obs=18 < min_obs=20,2,504.7297222223715,"Lg,Li,Lr,Lz",,,,,,,,,,,,False,,,,,,,,,t1_rejected,0,,,False,,,,0,False,,no_prior,,Tier 1 failed: n_obs=18 < min_obs=20,sparse,5,1,4.0,0.5702777776750736,low,mbls,,0
2005 UO429,2026-03-21T05:08:04.534061+00:00,True,10.645322661330665,0.4827305431643417,6.9951028847612635,20,,3,242.01305555569706,"Li,Lr,Ly,Lz",True,False,1.246615972207511,2.493231944415022,1.246615972207511,2.493231944415022,12.100019901201744,0.00013574973831587123,0.20495651452350502,True,0.0,False,,,,,,,,,confirmed,1,2.493231944415022,,False,97.1,2.493231944415022,0.0,1,False,,no_prior,,"All 3 methods agree (spread=0.0%), p=1.36e-04, sparse regime. Moderate confidence.",sparse,6,1,3.0,0.8979166666686069,low,mbls,,0
2005 UP85,2026-03-21T05:08:05.520427+00:00,True,1.7461230615307655,0.7474605709000134,8.914816726376628,28,,3,552.0055555556319,"Lg,Li,Lr,Lz",False,True,12.262704251425479,41.10725160846512,12.262704251425479,12.262704251425479,18.39791294239221,6.646436119250865e-07,0.5322145585646847,False,2.352217485281377,True,False,True,41.10725160846512,9.87578322322159,41.0626740100365,41.15182920689374,0.08915519685723439,2.436021583870183,followup_needed,0,,,False,,,,0,False,,no_prior,,No reliable period. Methods disagree at Tier 2 and Tier 3 could not resolve ambiguity. More observations needed.,sparse,5,1,6.0,1.5366666666814126,low,mbls,,0
2005 UR508,2026-03-21T05:08:06.397545+00:00,True,5.731365682841421,0.6462004234136928,44.28389959776667,21,,3,265.5783333333093,"Li,Lr,Lz",False,True,11.421666943842043,3.576798027223014,11.421666943842043,11.421666943842043,18.627451168356238,7.234284333801355e-06,1.0008161309095267,False,0.6868409799716564,True,False,True,3.576798027223014,3.2442395484377307,3.55387829422534,3.5997177602206882,0.04583946599534805,1.3671814577752572,followup_needed,0,,,False,,,,0,False,,no_prior,,No reliable period. Methods disagree at Tier 2 and Tier 3 could not resolve ambiguity. More observations needed.,sparse,6,1,4.0,0.7409722222946584,low,mbls,,0
2005 US38,2026-03-21T05:08:10.690006+00:00,True,0.5676821396623363,0.6251338383804647,14.47854966206498,25,,2,381.7038888889365,"Lg,Li,Lr,Lu,Ly,Lz",True,False,0.5711521264634927,1.1126624919533814,0.5711521264634927,1.1126624919533814,14.937437483813342,8.356503068074339e-06,0.07673631320894439,True,0.02594909447078164,False,,,,,,,,,confirmed,2,1.1126624919533814,,False,343.1,1.1126624919533814,0.028872584117793608,2,False,,no_prior,,"All 3 methods agree (spread=2.6%), p=8.36e-06, sparse regime. Moderate confidence.",sparse,6,1,2.0,0.878055555629544,medium,"mbls,mhaov,clean",,0
2005 UT239,2026-03-21T05:08:10.734073+00:00,False,,0.0,17.488234431165505,18,n_obs=18 < min_obs=20,1,551.452500000014,"Lg,Li,Lr,Ly,Lz",,,,,,,,,,,,False,,,,,,,,,t1_rejected,0,,,False,,,,0,False,,no_prior,,Tier 1 failed: n_obs=18 < min_obs=20,sparse,5,1,4.0,1.5797222221735865,low,mbls,,0
2005 UU16,2026-03-21T05:08:11.845507+00:00,True,2.4397198599299648,0.7698379700762294,55.22456975483576,20,,2,551.0966666666209,"Lg,Li,Lr,Ly,Lz",True,False,8.143789989618645,8.282305777139568,8.143789989618645,8.143789989618645,32.93686529304189,2.882532046388775e-07,1.145909822412842,True,0.017008762222193854,False,,,,,,,,,confirmed,1,8.143789989618645,,False,67.7,8.143789989618645,0.13851578752090607,1,False,,no_prior,,"All 3 methods agree (spread=1.7%), p=2.88e-07, sparse regime. Moderate confidence.",sparse,6,1,3.5,1.3973611112160143,low,mbls,,0
2005 UV118,2026-03-21T05:08:16.706663+00:00,True,18.550599665564953,0.06102138727869492,5.4840195767227105,221,,3,98.83333333331393,"Lg,Li,Lr",False,True,17.694439815317192,37.67593732057057,17.694439815317192,37.67593732057057,3.721970862213358,0.0059540186190557565,0.7787307798946248,False,0.06462645084577154,True,False,True,37.67593732057057,14.155551852253755,37.640430083482975,37.71144455765816,0.07101447417518258,2.0651805895987985,followup_needed,0,,,False,,,,0,False,,no_prior,,No reliable period. Methods disagree at Tier 2 and Tier 3 could not resolve ambiguity. More observations needed.,dense,4,1,70.0,2.963888888916699,high,"gls,mbls,mhaov,ce,clean",,0
2005 UV525,2026-03-21T05:08:17.714064+00:00,True,1.3111555777888944,0.5756134422572824,5.381368256363043,22,,2,458.28722222236684,"Lg,Li,Lr,Ly,Lz",False,True,2.260027875725125,5.291616214909722,2.260027875725125,2.260027875725125,11.733198304574598,9.330221879888523e-05,0.3126574956946928,False,1.3413942242683965,True,False,True,5.291616214909722,1.8170926465696322,5.280997587053718,5.302234842765727,0.021237255712009073,2.0271249585486513,followup_needed,0,,,False,,,,0,False,,no_prior,,No reliable period. Methods disagree at Tier 2 and Tier 3 could not resolve ambiguity. More observations needed.,sparse,4,1,4.0,1.0841666667256504,low,mbls,,0
2005 UW212,2026-03-21T05:08:18.466943+00:00,True,0.9584792396198099,0.7111060425837228,11.846040438523769,20,,2,552.0919444444589,"Lg,Li,Lr,Lz",False,False,4.222133178126242,23.107046312419296,4.222133178126242,4.222133178126242,8.092450590696195,0.0011003571018576297,0.543733256128241,False,4.472836913844009,False,,,,,,,,,t2_rejected,0,,,False,,,,0,False,,no_prior,,No reliable period. Methods disagree at Tier 2 and Tier 3 could not resolve ambiguity. More observations needed.,sparse,5,1,4.0,1.6113888889085501,low,mbls,,0
2005 UY140,2026-03-21T05:08:19.772886+00:00,True,2.6865932966483244,0.6877197985054124,25.97393928808151,21,,2,550.6969444443821,"Lg,Li,Lr,Ly,Lz",True,False,5.021822005608806,5.071904126984878,5.021822005608806,5.021822005608806,15.154366119473574,2.6509642130467803e-05,0.5376605432632873,True,0.009972898545612643,False,,,,,,,,,confirmed,1,5.021822005608806,,False,109.7,5.021822005608806,0.05008212137606163,1,False,,no_prior,,"All 3 methods agree (spread=1.0%), p=2.65e-05, sparse regime. Moderate confidence.",sparse,6,1,2.0,0.43361111110425554,low,mbls,,0
2005 UZ352,2026-03-21T05:08:21.143218+00:00,True,1.4052026013006502,0.7213822512612428,40.09492500156703,21,,2,915.1044444444124,"Lg,Li,Lr,Lz",False,True,3.145134277977844,4.688634963187307,3.145134277977844,3.145134277977844,15.024490562130604,2.7948952158740603e-05,0.48514859251896103,False,0.49075827891245466,True,False,True,4.688634963187307,2.617088322277216,4.682323656943873,4.694946269430742,0.012622612486868245,3.0744165650911603,followup_needed,0,,,False,,,,0,False,,no_prior,,No reliable period. Methods disagree at Tier 2 and Tier 3 could not resolve ambiguity. More observations needed.,sparse,7,1,2.0,0.5602777777821757,low,mbls,,0
2005 UZ461,2026-03-21T05:08:22.270070+00:00,True,1.0525262631315657,0.27866560839644183,5.628334239164637,21,,3,359.3133333332953,"Li,Lr,Lz",False,False,0.3133534278703297,0.5001426047440523,0.3133534278703297,0.3133534278703297,3.0542937086490207,0.04770369737341851,0.2549635410341581,False,0.5960974422479354,False,,,,,,,,,t2_rejected,0,,,False,,,,0,False,,no_prior,,No reliable period. Methods disagree at Tier 2 and Tier 3 could not resolve ambiguity. More observations needed.,sparse,3,1,4.0,0.6702777778264135,low,mbls,,0
2005 VC102,2026-03-21T05:08:23.702321+00:00,True,2.7571285642821413,0.6443022943231131,12.636897219797094,25,,3,3426.4905555555015,"Lg,Li,Lr,Lz",False,True,15.163370408794847,26.456835118396803,15.163370408794847,15.163370408794847,38.335753117878156,4.1162905306535436e-09,0.3070766024410694,False,0.7447859153431307,True,False,True,26.456835118396803,13.95638640970014,26.4264069503524,26.487263286441205,0.06085633608880059,3.161109342522909,followup_needed,0,,,False,,,,0,False,,no_prior,,No reliable period. Methods disagree at Tier 2 and Tier 3 could not resolve ambiguity. More observations needed.,sparse,8,2,2.5,0.7111111111007631,low,mbls,,0
2005 VC17,2026-03-21T05:08:32.499549+00:00,True,0.7456223308546874,0.5616070059360583,7.347613515789229,21,,3,242.0352777778753,"Li,Lr,Ly,Lz",False,True,0.1759082712304794,0.05564507263181981,0.1759082712304794,0.1759082712304794,14.86301002801632,2.9862520153911554e-05,0.1667908268084155,False,0.68366994773318,True,False,True,0.05564507263181981,0.04600488948022026,0.055292079445404166,0.05599806581823545,0.0007059863728312854,2.1033791287573163,followup_needed,0,,,False,,,,0,False,,no_prior,,No reliable period. Methods disagree at Tier 2 and Tier 3 could not resolve ambiguity. More observations needed.,sparse,6,1,3.5,0.8318055555573665,low,mbls,,0
2005 VE93,2026-03-21T05:08:32.539513+00:00,False,,0.0,15.43953397603638,19,n_obs=19 < min_obs=20,2,747.7052777778008,"Lg,Li,Lr,Lz",,,,,,,,,,,,False,,,,,,,,,t1_rejected,0,,,False,,,,0,False,,no_prior,,Tier 1 failed: n_obs=19 < min_obs=20,sparse,5,1,4.0,0.5716666667140089,low,mbls,,0
2005 VO22,2026-03-21T05:08:34.170710+00:00,True,17.440220110055026,0.32715898242340746,7.572329996229324,105,,3,143.28138888889225,"Lg,Li,Lr",False,True,6.968096752611051,20.49124989720602,6.968096752611051,6.968096752611051,13.355395572985332,9.348293805722108e-09,0.6133587296945753,False,1.9407240778517751,True,False,True,20.49124989720602,16.39299991776482,20.453087689435613,20.52941210497643,0.07632441554081737,2.063115066948825,followup_needed,0,,,False,,,,0,False,,no_prior,,No reliable period. Methods disagree at Tier 2 and Tier 3 could not resolve ambiguity. More observations needed.,dense,4,1,31.5,2.730138888931833,high,"gls,mbls,mhaov,ce,clean",,0
2005 VP68,2026-03-21T05:08:34.210773+00:00,False,,0.0,9.383687675275892,18,n_obs=18 < min_obs=20,2,551.5866666666116,"Lg,Li,Lr,Ly,Lz",,,,,,,,,,,,False,,,,,,,,,t1_rejected,0,,,False,,,,0,False,,no_prior,,Tier 1 failed: n_obs=18 < min_obs=20,sparse,5,1,3.0,1.6127777777728625,low,mbls,,0
2005 VZ60,2026-03-21T05:08:35.665545+00:00,True,3.0510255127563783,0.4676607414930968,12.684675366082422,20,,2,552.0919444444589,"Lg,Li,Lr,Ly,Lz",False,True,4.07391384778525,1.301435909853914,4.07391384778525,4.07391384778525,12.56066516422159,0.0001103186886414198,0.44332940404458054,False,0.6805440766593261,True,False,True,1.301435909853914,1.523419961367458,1.2932608318984937,1.3096109878093345,0.01635015591084077,1.8246608888354012,followup_needed,0,,,False,,,,0,False,,no_prior,,No reliable period. Methods disagree at Tier 2 and Tier 3 could not resolve ambiguity. More observations needed.,sparse,5,1,4.0,1.6113888889085501,low,mbls,,0
2005 WA209,2026-03-21T05:08:36.958373+00:00,True,1.1230615307653826,0.182689154179102,9.693259832287634,38,,3,533.5047222222202,"Li,Lr,Ly,Lz",False,False,1.1003548092335953,23.125899421457195,1.1003548092335953,1.1003548092335953,3.0782026119843295,0.02930176560717135,0.14055226756817069,False,20.01676588985377,False,,,,,,,,,t2_rejected,0,,,False,,,,0,False,,no_prior,,No reliable period. Methods disagree at Tier 2 and Tier 3 could not resolve ambiguity. More observations needed.,sparse,3,1,4.0,1.2550000000046566,medium,"mbls,mhaov,clean",,0
2005 WE166,2026-03-21T05:08:37.002510+00:00,False,,0.0,16.244066144340877,19,n_obs=19 < min_obs=20,2,915.5125000000116,"Lg,Li,Lr,Lz",,,,,,,,,,,,False,,,,,,,,,t1_rejected,0,,,False,,,,0,False,,no_prior,,Tier 1 failed: n_obs=19 < min_obs=20,sparse,7,1,2.0,0.5708333333604969,low,mbls,,0
2005 WF166,2026-03-21T05:08:37.045162+00:00,False,,0.0,7.041882699859537,19,n_obs=19 < min_obs=20,2,51.274722222355194,"Lg,Li,Lr,Ly,Lz",,,,,,,,,,,,False,,,,,,,,,t1_rejected,0,,,False,,,,0,False,,no_prior,,Tier 1 failed: n_obs=19 < min_obs=20,sparse,3,1,6.0,2.003055555629544,low,mbls,,0
2005 WG209,2026-03-21T05:08:37.832259+00:00,True,2.9569784892446225,0.9387707766011743,29.248885858115205,20,,2,26.237777777889278,"Li,Lr,Ly,Lz",True,False,3.3840987682904475,7.153597639099643,3.3840987682904475,7.153597639099643,101.33693407725852,1.1458922699603136e-10,0.6888112619586131,True,0.056942797611280176,False,,,,,,,,,confirmed,1,7.153597639099643,,False,3.7,7.153597639099643,0.40734586255578265,1,False,,no_prior,,"All 3 methods agree (spread=5.7%), p=1.15e-10, sparse regime. Moderate confidence.",sparse,3,1,4.0,0.593888888892252,low,mbls,,0
2005 WJ155,2026-03-21T05:08:37.899888+00:00,False,,0.0,11.89401358545647,19,n_obs=19 < min_obs=20,1,551.6327777778497,"Lg,Li,Lr,Ly,Lz",,,,,,,,,,,,False,,,,,,,,,t1_rejected,0,,,False,,,,0,False,,no_prior,,Tier 1 failed: n_obs=19 < min_obs=20,sparse,6,1,3.5,1.1887499999720603,low,mbls,,0
2005 WK204,2026-03-21T05:08:39.385689+00:00,True,1.0525262631315657,0.3462253953776088,18.131696712319943,32,,3,598.6086111110053,"Lg,Li,Lr,Ly,Lz",False,True,6.518851956822026,9.321916043049868,6.518851956822026,6.518851956822026,16.009181676513684,7.852629440030512e-07,0.314584937958751,False,0.4299935179988226,True,False,True,9.321916043049868,5.2325233098237,9.308834734775308,9.334997351324427,0.026162616549119555,6.319294748821982,followup_needed,0,,,False,,,,0,False,,no_prior,,No reliable period. Methods disagree at Tier 2 and Tier 3 could not resolve ambiguity. More observations needed.,sparse,4,1,4.0,0.8674999999639113,medium,"mbls,mhaov,clean",,0
2005 WN46,2026-03-21T05:08:40.622300+00:00,True,2.827663831915958,0.5628550801286076,19.390818107495928,20,,2,479.7016666667769,"Lg,Li,Lr,Lz",False,False,2.8257301036138984,11.756324465337244,2.8257301036138984,2.8257301036138984,6.114841606322114,0.003995099372632427,0.2549892581135714,False,3.1604555404278063,False,,,,,,,,,t2_rejected,0,,,False,,,,0,False,,no_prior,,No reliable period. Methods disagree at Tier 2 and Tier 3 could not resolve ambiguity. More observations needed.,sparse,5,1,4.0,1.238888888969086,low,mbls,,0
2005 WP207,2026-03-21T05:08:41.952217+00:00,True,2.0165082541270634,0.5640309402875092,24.188828790073938,31,,2,365.6438888887642,"Lg,Li,Lr,Ly,Lz",True,False,1.291506837616833,2.4415093688862184,1.291506837616833,2.4415093688862184,18.42832768671673,2.732685681072766e-07,0.5611808279297154,True,0.05478263924970977,False,,,,,,,,,confirmed,2,2.4415093688862184,,False,149.8,2.4415093688862184,0.13375232698048029,2,False,,no_prior,,"All 3 methods agree (spread=5.5%), p=2.73e-07, sparse regime. Moderate confidence.",sparse,4,1,4.5,0.9227777777414303,medium,"mbls,mhaov,clean",,0
2005 WP217,2026-03-21T05:08:46.057741+00:00,True,0.7005084698608917,0.5432618912911625,31.334767511435523,26,,2,914.1774999999907,"Lg,Li,Lr,Lz",False,True,0.9556215276888973,3.425924709440187,0.9556215276888973,0.9556215276888973,14.405861765084655,8.304241370993282e-06,0.6564633793645742,False,2.5850225326369083,True,False,True,3.425924709440187,0.7747246097384238,3.419049944136963,3.4327994747434105,0.013749530606447458,1.4738957387236915,followup_needed,0,,,False,,,,0,False,,no_prior,,No reliable period. Methods disagree at Tier 2 and Tier 3 could not resolve ambiguity. More observations needed.,sparse,4,1,3.0,0.9512499999837019,low,mbls,,0
2005 WR184,2026-03-21T05:08:46.867064+00:00,True,1.7226113056528265,0.7035940181137044,27.042573883171894,20,,1,408.12111111095874,"Lg,Li,Lr,Ly,Lz",True,False,4.275976601171543,7.814698446255472,4.275976601171543,7.814698446255472,29.168657312730023,6.424383287573221e-07,0.4029343508592612,True,0.08620893246767683,False,,,,,,,,,confirmed,1,7.814698446255472,,False,52.2,7.814698446255472,0.673696810608497,1,False,,no_prior,,"All 3 methods agree (spread=8.6%), p=6.42e-07, sparse regime. Moderate confidence.",sparse,5,1,3.0,0.6969444444403052,low,mbls,,0
2005 WR29,2026-03-21T05:08:50.779567+00:00,True,0.3225522723613941,0.5685254158386726,9.973660402010285,25,,2,533.4608333333745,"Li,Lr,Ly,Lz",False,False,0.6178321551786438,2.192342588125074,0.6178321551786438,0.6178321551786438,6.945386673888393,0.001124910906785792,0.10971026442211312,False,2.5484436505066954,False,,,,,,,,,t2_rejected,0,,,False,,,,0,False,,no_prior,,No reliable period. Methods disagree at Tier 2 and Tier 3 could not resolve ambiguity. More observations needed.,sparse,3,1,2.0,0.5222222222364508,low,mbls,,0
2005 WU9,2026-03-21T05:08:52.898084+00:00,True,2.6160580290145075,0.620011971796145,6.982972701880068,21,,3,3211.9672222223016,"Lg,Li,Lr,Lz",False,True,1.7257986491057755,5.446505733489323,1.7257986491057755,1.7257986491057755,18.60811562697233,7.282768224481373e-06,0.30864739342309905,False,2.1559334782822317,True,False,True,5.446505733489323,1.6877040969850459,5.435576290545867,5.457435176432779,0.021858885886912205,3.6236750328064993,followup_needed,0,,,False,,,,0,False,,no_prior,,No reliable period. Methods disagree at Tier 2 and Tier 3 could not resolve ambiguity. More observations needed.,sparse,8,2,2.5,0.6338888888130896,low,mbls,,0
2005 XA17,2026-03-21T05:08:55.409339+00:00,True,2.0206741128114074,0.5837284656534845,23.78355872138585,22,,3,652.329166666721,"Lg,Li,Lr,Lu,Lz",False,True,2.4221245156904603,2.7525938243521137,2.4221245156904603,2.4221245156904603,30.58434128278419,1.4513193691279014e-07,0.17361997866611673,False,0.1364377869596486,True,True,False,2.7525938243521137,2.7315731996348602,2.748829733463621,2.7563579152406064,0.007528181776985221,4.029716343744884,tentative,1,2.7525938243521137,0.0037640908884926105,False,237.0,2.7525938243521137,0.0037640908884926105,1,False,,no_prior,,"Tier 3 tentative: CI=0.008hr, CLEAN ratio=4.0. Both criteria met. Moderate confidence.",sparse,8,1,2.0,0.5705555556050967,low,mbls,,0
2005 XE123,2026-03-21T05:08:56.481847+00:00,True,19.050775387693847,0.8112254114149509,25.270655715945296,31,,3,364.571111111145,"Lg,Li,Lr,Ly,Lz",False,True,12.193287916048723,5.625711029906417,12.193287916048723,12.193287916048723,34.739251009836195,4.428302169401377e-10,0.48519658974614965,False,0.5386223085487523,True,False,True,5.625711029906417,11.989386780328845,5.601242893620033,5.6501791661928005,0.048936272572767336,1.0232098715547269,followup_needed,0,,,False,,,,0,False,,no_prior,,No reliable period. Methods disagree at Tier 2 and Tier 3 could not resolve ambiguity. More observations needed.,sparse,3,1,6.0,5.901666666730307,medium,"mbls,mhaov,clean",,0
2005 XF9,2026-03-21T05:08:57.535667+00:00,True,20.09704852426213,0.6495733339037812,102.5197422286973,28,,2,381.538333333272,"Lg,Li,Lr,Ly,Lz",False,True,4.754463881925075,1.785235563444258,4.754463881925075,4.754463881925075,39.95763477151237,4.89555285199117e-10,0.42545693024909376,False,0.624513802653593,True,False,True,1.785235563444258,4.585910981763183,1.775694833246416,1.7947762936421001,0.019081460395684147,1.4581606323059095,followup_needed,0,,,False,,,,0,False,,no_prior,,No reliable period. Methods disagree at Tier 2 and Tier 3 could not resolve ambiguity. More observations needed.,sparse,4,1,3.5,0.8179166666523088,medium,"mbls,mhaov,clean",,0
2005 XH82,2026-03-21T05:08:58.355683+00:00,True,3.4977488744372187,0.8332181253334677,16.53487021809958,20,,1,504.6855555556831,"Lg,Li,Lr,Lu,Lz",True,False,4.213767687444923,4.213767687444923,4.213767687444923,4.213767687444923,55.9701582616164,7.744470620352217e-09,0.5597053568826709,True,0.0,False,,,,,,,,,confirmed,1,4.213767687444923,,False,119.8,4.213767687444923,0.0,1,False,,no_prior,,"All 3 methods agree (spread=0.0%), p=7.74e-09, sparse regime. Moderate confidence.",sparse,6,1,2.5,0.5775000000139698,low,mbls,,0
2005 XJ59,2026-03-21T05:09:01.004371+00:00,True,1.746569293377327,0.10564884081255503,9.248472693822562,98,,3,144.36222222237848,"Lg,Li,Lr",False,True,0.6633402443812136,0.6633402443812136,0.6633402443812136,0.6633402443812136,3.816716096143253,0.0064382053394835825,0.9433442147699012,False,0.0,True,False,True,0.6633402443812136,0.5315596072031398,0.6620091268339603,0.664671361928467,0.002662235094506582,1.2392616062534352,followup_needed,0,,,False,,,,0,False,,no_prior,,No reliable period. Methods disagree at Tier 2 and Tier 3 could not resolve ambiguity. More observations needed.,dense,5,1,26.0,2.4897222222061828,high,"gls,mbls,mhaov,ce,clean",,0
2005 XR72,2026-03-21T05:09:06.359584+00:00,True,0.5834713963205302,0.35602222899291613,7.958990418785438,25,,2,533.4825000000419,"Lg,Li,Lr,Lu,Ly,Lz",False,True,1.1566411676018855,1.1441223061790862,1.1566411676018855,1.1566411676018855,3.9425457217282265,0.01615047639173106,0.15758801029195169,False,0.010823461738565314,True,False,True,1.1441223061790862,0.933665025778251,1.1429351456689667,1.1453094666892056,0.0023743210202391563,1.327721520736882,followup_needed,0,,,False,,,,0,False,,no_prior,,No reliable period. Methods disagree at Tier 2 and Tier 3 could not resolve ambiguity. More observations needed.,sparse,5,1,3.0,1.2922222221968696,low,mbls,,0
2005 XU36,2026-03-21T05:09:10.611202+00:00,True,16.050895424397876,0.137807070932981,8.029890324281299,161,,3,289.0519444444799,"Lg,Li,Lr",False,True,16.004804923983308,19.190647076086513,16.004804923983308,16.004804923983308,8.156238595703373,5.346685567508835e-06,0.835108593725255,False,0.1990553566403675,True,False,True,19.190647076086513,12.932310600783838,19.15874764685357,19.222546505319457,0.06379885846588706,1.083918444172843,followup_needed,0,,,False,,,,0,False,,no_prior,,No reliable period. Methods disagree at Tier 2 and Tier 3 could not resolve ambiguity. More observations needed.,dense,7,1,22.0,2.141111111151986,high,"gls,mbls,mhaov,ce,clean",,0
2005 XV37,2026-03-21T05:09:19.833649+00:00,True,0.04923579503514884,0.2999215391309204,18.726947536218194,24,,2,381.79222222213866,"Lg,Li,Lr,Ly,Lz",True,False,0.04971477198528035,0.04971477198528035,0.04971477198528035,0.04971477198528035,9.792921623936767,0.00017883845605859428,0.22004163355056378,True,0.0,False,,,,,,,,,confirmed,2,0.04971477198528035,,False,7679.7,0.04971477198528035,0.0,2,False,,no_prior,,"All 3 methods agree (spread=0.0%), p=1.79e-04, sparse regime. Moderate confidence.",sparse,5,1,2.0,0.6702777778264135,medium,"mbls,mhaov,clean",,0
2005 XW29,2026-03-21T05:09:29.469900+00:00,True,0.16072686953934795,0.30904794392315676,9.324037692022138,40,,4,381.7588888888713,"Lg,Li,Lr,Ly,Lz",False,True,0.23978192883489943,0.4910632876584649,0.23978192883489943,0.4910632876584649,5.6016355691429,0.0013587986082620462,0.17389330295621286,False,0.02397893378478896,True,False,True,0.4910632876584649,0.2341683050829118,0.4900778763788827,0.4920486989380471,0.0019708225591643647,1.2073987628690497,followup_needed,0,,,False,,,,0,False,,no_prior,,No reliable period. Methods disagree at Tier 2 and Tier 3 could not resolve ambiguity. More observations needed.,sparse,4,1,6.0,0.9395833332964685,medium,"mbls,mhaov,clean",,0
2005 YA43,2026-03-21T05:09:30.980590+00:00,True,5.837168584292146,0.5538642213968484,9.224333894977622,20,,2,747.1758333332255,"Lg,Li,Lr,Lz",False,True,4.311457121071713,10.63342753250694,4.311457121071713,4.311457121071713,11.842951194488718,0.00015279425971992389,0.32331290301896565,False,1.4663187488368865,True,False,True,10.63342753250694,5.029552654949209,10.612089550836359,10.65476551417752,0.04267596334116064,1.2156623603900123,followup_needed,0,,,False,,,,0,False,,no_prior,,No reliable period. Methods disagree at Tier 2 and Tier 3 could not resolve ambiguity. More observations needed.,sparse,5,1,4.0,1.533888888778165,low,mbls,,0
2005 YB33,2026-03-21T05:09:39.092927+00:00,True,0.06241200940147108,0.30659755843706615,6.38222453602368,33,,3,270.606111111003,"Lg,Li,Lr,Lz",False,True,0.05594334100112798,0.05594334100112798,0.05594334100112798,0.05594334100112798,5.389664439472006,0.002394397663569525,0.1340267152564973,False,0.0,True,False,True,0.05594334100112798,0.06174348672365296,0.05583108011617588,0.05605560188608008,0.00022452176990420125,1.2177964729813253,followup_needed,0,,,False,,,,0,False,,no_prior,,No reliable period. Methods disagree at Tier 2 and Tier 3 could not resolve ambiguity. More observations needed.,sparse,4,1,2.0,0.6501388889446389,medium,"mbls,mhaov,clean",,0
2005 YD87,2026-03-21T05:09:39.156917+00:00,False,,0.0,9.999740565015616,16,n_obs=16 < min_obs=20,1,381.759166666714,"Lg,Li,Lr,Ly,Lz",,,,,,,,,,,,False,,,,,,,,,t1_rejected,0,,,False,,,,0,False,,no_prior,,Tier 1 failed: n_obs=16 < min_obs=20,sparse,3,1,4.0,1.1863888889201917,low,mbls,,0
2005 YF43,2026-03-21T05:09:44.202962+00:00,True,0.5352298725976452,0.39930721103195466,11.484424305733416,33,,3,365.66611111111706,"Lg,Li,Lr,Lz",False,True,1.0726862820999719,1.0653871945343862,1.0726862820999719,1.0726862820999719,6.1429554115016325,0.0011149231412412863,0.07694564284841389,False,0.006804494181923875,True,False,True,1.0653871945343862,1.2872235385199662,1.0643005113971442,1.0664738776716283,0.0021733662744840565,1.3197805547899553,followup_needed,0,,,False,,,,0,False,,no_prior,,No reliable period. Methods disagree at Tier 2 and Tier 3 could not resolve ambiguity. More observations needed.,sparse,3,1,4.0,1.2694444445078261,medium,"mbls,mhaov,clean",,0
2005 YN187,2026-03-21T05:09:45.044567+00:00,True,5.0142571285642825,0.6998003930546498,21.92035406256755,23,,3,747.5425000000396,"Lg,Li,Lr,Lu,Lz",True,False,5.292968091248025,10.88489021936777,5.292968091248025,10.88489021936777,28.145729349369347,1.5738018233069084e-07,0.3507256650010808,True,0.028240680060589753,False,,,,,,,,,confirmed,1,10.88489021936777,,False,68.7,10.88489021936777,0.3073967021798078,1,False,,no_prior,,"All 3 methods agree (spread=2.8%), p=1.57e-07, sparse regime. Moderate confidence.",sparse,7,1,3.0,1.7530555555131286,low,mbls,,0
2005 YP16,2026-03-21T05:09:45.093730+00:00,False,,0.0,5.026151794927488,17,n_obs=17 < min_obs=20,1,528.8630555556156,"Lg,Li,Lr,Ly,Lz",,,,,,,,,,,,False,,,,,,,,,t1_rejected,0,,,False,,,,0,False,,no_prior,,Tier 1 failed: n_obs=17 < min_obs=20,sparse,5,1,3.0,0.7641666666604578,low,mbls,,0
2005 YP57,2026-03-21T05:09:46.171782+00:00,True,1.5697848924462232,0.5745843653995478,19.531365858722793,21,,2,651.3902777778567,"Lg,Li,Lr,Lu,Lz",False,True,3.994834786991111,6.932500030442443,3.994834786991111,3.994834786991111,9.666337200454501,0.0003586228697312066,0.300783034224331,False,0.7353658912295673,True,False,True,6.932500030442443,3.2920645201157517,6.918588659143897,6.946411401740989,0.027822742597091832,1.6266084832237357,followup_needed,0,,,False,,,,0,False,,no_prior,,No reliable period. Methods disagree at Tier 2 and Tier 3 could not resolve ambiguity. More observations needed.,sparse,6,1,2.5,0.9299999999930151,low,mbls,,0
2005 YQ104,2026-03-21T05:09:47.487248+00:00,True,4.708604302151076,0.7565794569190858,11.673676417630654,20,,2,981.5066666667117,"Lg,Li,Lr,Lz",False,True,5.902522544367907,6.5724564590509775,5.902522544367907,5.902522544367907,104.90936361440814,8.927281136550391e-11,0.8638520549046683,False,0.11349959439328153,True,False,True,6.5724564590509775,4.729914386724249,6.563931858760656,6.580981059341299,0.017049200580643742,1.7189699585419038,followup_needed,0,,,False,,,,0,False,,no_prior,,No reliable period. Methods disagree at Tier 2 and Tier 3 could not resolve ambiguity. More observations needed.,sparse,6,1,3.5,0.6306944444077089,low,mbls,,0
2005 YQ34,2026-03-21T05:09:47.535524+00:00,False,,0.0,25.79322716701994,19,n_obs=19 < min_obs=20,2,365.6991666665417,"Lg,Li,Lr,Ly,Lz",,,,,,,,,,,,False,,,,,,,,,t1_rejected,0,,,False,,,,0,False,,no_prior,,Tier 1 failed: n_obs=19 < min_obs=20,sparse,3,1,3.0,1.2430555553874,low,mbls,,0
2005 YR111,2026-03-21T05:09:57.065195+00:00,True,0.14635215129017004,0.3294798859132255,11.40225726060681,42,,3,365.67694444436347,"Lg,Li,Lr,Ly,Lz",True,False,0.28865450677066773,0.28865450677066773,0.28865450677066773,0.28865450677066773,7.332811101452735,0.00018742016326100952,0.1157329111951591,True,0.0,False,,,,,,,,,confirmed,2,0.28865450677066773,,False,1266.8,0.28865450677066773,0.0,2,False,,no_prior,,"All 3 methods agree (spread=0.0%), p=1.87e-04, sparse regime. Moderate confidence.",sparse,3,1,6.0,1.2327777778264135,medium,"mbls,mhaov,clean",,0
2005 YS215,2026-03-21T05:09:57.880493+00:00,True,4.955477738869435,0.5946720168388149,25.110694075044616,20,,2,552.0258333332604,"Lg,Li,Lr,Ly,Lz",True,False,5.894550017589656,11.29218416727537,5.894550017589656,11.29218416727537,26.458761455119085,1.211364643038948e-06,0.7357433363988073,True,0.04215044968836265,False,,,,,,,,,confirmed,1,11.29218416727537,,False,48.9,11.29218416727537,0.47597064061446576,1,False,,no_prior,,"All 3 methods agree (spread=4.2%), p=1.21e-06, sparse regime. Moderate confidence.",sparse,5,1,3.0,0.9519444445031695,low,mbls,,0
2005 YS231,2026-03-21T05:10:04.106853+00:00,True,0.348863292803393,0.6240588521383741,6.058350610780232,20,,2,502.71222222206416,"Lg,Li,Lr,Lz",False,True,0.31863619238350804,1.2269223598985253,0.31863619238350804,0.31863619238350804,12.115694505230124,0.00013478222463914058,0.2511186328168406,False,2.8505429992678315,True,False,True,1.2269223598985253,0.33419501649320443,1.2244603083402006,1.22938441145685,0.00492410311664937,1.7715469840207707,followup_needed,0,,,False,,,,0,False,,no_prior,,No reliable period. Methods disagree at Tier 2 and Tier 3 could not resolve ambiguity. More observations needed.,sparse,7,1,2.0,0.6894444444333203,low,mbls,,0
2005 YV123,2026-03-21T05:10:05.394301+00:00,True,9.975237618809405,0.657332186166138,10.963276123326967,20,,2,650.5205555555876,"Lg,Li,Lr,Ly,Lz",True,False,0.347478105223383,0.6451813386378149,0.347478105223383,0.6451813386378149,14.644618264378115,4.6062764799459366e-05,0.17815323700406321,True,0.07162303330864656,False,,,,,,,,,confirmed,1,0.6451813386378149,,False,1008.3,0.6451813386378149,0.04620984450737339,1,False,,no_prior,,"All 3 methods agree (spread=7.2%), p=4.61e-05, sparse regime. Moderate confidence.",sparse,5,1,3.0,1.2913888890179805,low,mbls,,0
2005 YV15,2026-03-21T05:10:14.687844+00:00,True,0.2780227899412897,0.6021921199636803,14.874913629476,32,,3,651.2080555556458,"Li,Lr,Ly,Lz",False,True,0.28640039458749034,3.389072225725163,0.28640039458749034,0.28640039458749034,17.252603635999794,3.905174723595195e-07,0.0914807188212774,False,10.833336440041208,True,False,True,3.389072225725163,0.27586392522139536,3.382271411894277,3.395873039556049,0.013601627661771865,1.428418178624893,followup_needed,0,,,False,,,,0,False,,no_prior,,No reliable period. Methods disagree at Tier 2 and Tier 3 could not resolve ambiguity. More observations needed.,sparse,4,1,3.5,0.9334722223284189,medium,"mbls,mhaov,clean",,0
2005 YV158,2026-03-21T05:10:15.635539+00:00,True,1.8754377188594298,0.7196236999022531,9.316592304785551,21,,2,552.0558333332883,"Lg,Li,Lr,Lz",False,True,2.259232692371527,16.872835509118346,2.259232692371527,2.259232692371527,20.499528473228875,3.884740157111821e-06,0.4350848606334852,False,6.468392063413523,True,False,True,16.872835509118346,1.8617890816065028,16.838976976324133,16.90669404191256,0.06771706558842894,4.949397939782072,followup_needed,0,,,False,,,,0,False,,no_prior,,No reliable period. Methods disagree at Tier 2 and Tier 3 could not resolve ambiguity. More observations needed.,sparse,5,1,4.0,0.7688888889388181,low,mbls,,0
2005 YV181,2026-03-21T05:10:16.426126+00:00,True,1.8871935967983993,0.5748258993090223,16.83280834999019,23,,2,651.5930555555387,"Lg,Li,Lr,Lz",False,False,8.759719806552159,42.491013471056974,8.759719806552159,8.759719806552159,6.7392737339469475,0.001691278614347036,0.3551722561847931,False,3.850727467249625,False,,,,,,,,,t2_rejected,0,,,False,,,,0,False,,no_prior,,No reliable period. Methods disagree at Tier 2 and Tier 3 could not resolve ambiguity. More observations needed.,sparse,5,1,5.0,1.7630555555806495,low,mbls,,0
2005 YV8,2026-03-21T05:10:17.398444+00:00,True,1.0055027513756878,0.786099162831009,15.37274915768023,21,,1,265.8494444444077,"Lg,Li,Lr,Lz",True,False,2.1932747074844077,4.386549414968815,2.1932747074844077,4.386549414968815,24.261387354634596,1.267011690342379e-06,0.602611766981065,True,0.0,False,,,,,,,,,confirmed,1,4.386549414968815,,False,60.6,4.386549414968815,0.0,1,False,,no_prior,,"All 3 methods agree (spread=0.0%), p=1.27e-06, sparse regime. Moderate confidence.",sparse,5,1,3.0,0.9900000000488944,low,mbls,,0
2005 YX45,2026-03-21T05:10:17.447055+00:00,False,,0.0,19.894408633621026,18,n_obs=18 < min_obs=20,1,431.44305555545725,"Lg,Li,Lr,Lu,Lz",,,,,,,,,,,,False,,,,,,,,,t1_rejected,0,,,False,,,,0,False,,no_prior,,Tier 1 failed: n_obs=18 < min_obs=20,sparse,5,1,2.0,0.5252777778077871,low,mbls,,0
2005 YX51,2026-03-21T05:10:27.314853+00:00,True,0.06369751855974377,0.14812243139553236,30.537753252546974,69,,3,533.5047222222202,"Li,Lr,Ly,Lz",True,False,0.055791049504932175,0.11158209900986435,0.055791049504932175,0.11158209900986435,6.287428424479109,0.0002483758487634713,0.4458511974871858,True,0.0,False,,,,,,,,,confirmed,2,0.11158209900986435,,False,4781.3,0.11158209900986435,0.0,2,False,,no_prior,,"All 3 methods agree (spread=0.0%), p=2.48e-04, sparse regime. Moderate confidence.",sparse,3,1,4.0,1.3144444443751127,medium,"mbls,mhaov,clean",,0
2005 YY217,2026-03-21T05:10:28.733608+00:00,True,5.895947973986994,0.5463225109198343,8.250821208504085,21,,2,747.5980555554852,"Lg,Li,Lr,Lz",False,True,4.33269403798036,3.5642593455747753,4.33269403798036,4.33269403798036,13.78979149749911,4.704558551971161e-05,0.5594056779365769,False,0.17735724832386396,True,False,True,3.5642593455747753,3.7764460223347456,3.5571069856839905,3.57141170546556,0.014304719781569997,1.0957324292140191,followup_needed,0,,,False,,,,0,False,,no_prior,,No reliable period. Methods disagree at Tier 2 and Tier 3 could not resolve ambiguity. More observations needed.,sparse,5,1,4.0,0.6825000001117587,low,mbls,,0
2006 AG54,2026-03-21T05:10:30.128646+00:00,True,0.7326507909897414,0.5310592370647998,21.279881717784686,20,,2,51.25250000000233,"Lg,Li,Lr,Ly,Lz",True,False,0.7187856519154987,0.774349409309495,0.7187856519154987,0.7187856519154987,9.672523504559482,0.0004497519220675317,0.4958212440243832,True,0.07730226284546254,False,,,,,,,,,confirmed,1,0.7187856519154987,,False,71.3,0.7187856519154987,0.05556375739391903,1,False,,no_prior,,"All 3 methods agree (spread=7.7%), p=4.50e-04, sparse regime. Moderate confidence.",sparse,3,1,8.0,2.0058333333581686,low,mbls,,0
2006 AG85,2026-03-21T05:10:32.134389+00:00,True,1.4404702351175587,0.36528712650837525,13.209546038986947,32,,2,239.27750000014203,"Lg,Li,Lr",False,True,2.8650087873665546,1.7521559567131983,2.8650087873665546,2.8650087873665546,11.32535459154247,1.5876540670034522e-05,0.16313789358148878,False,0.3884291160153385,True,False,True,1.7521559567131983,1.4204769361447467,1.7464067752000882,1.7579051382263085,0.011498363026220204,1.8219641474181307,followup_needed,0,,,False,,,,0,False,,no_prior,,No reliable period. Methods disagree at Tier 2 and Tier 3 could not resolve ambiguity. More observations needed.,sparse,3,1,10.0,0.4122222223668359,medium,"mbls,mhaov,clean",,0
2006 AG88,2026-03-21T05:10:34.034690+00:00,True,2.474987493746873,0.2950428042624848,24.05808103370177,28,,3,532.7013888888177,"Lg,Li,Lr,Lz",False,True,1.8670002115697177,2.4389431401536497,1.8670002115697177,1.8670002115697177,24.20607343336718,5.876641062663168e-08,0.6002491217908592,False,0.30634325858096884,True,False,True,2.4389431401536497,1.4936001692557743,2.4351966514347807,2.4426896288725186,0.007492977437738135,1.5169313567918765,followup_needed,0,,,False,,,,0,False,,no_prior,,No reliable period. Methods disagree at Tier 2 and Tier 3 could not resolve ambiguity. More observations needed.,sparse,4,1,3.0,0.8711111111333594,medium,"mbls,mhaov,clean",,0
2006 AJ34,2026-03-21T05:10:34.084787+00:00,False,,0.0,52.296997683887916,17,n_obs=17 < min_obs=20,2,313.6866666666465,"Lg,Li,Lr,Lz",,,,,,,,,,,,False,,,,,,,,,t1_rejected,0,,,False,,,,0,False,,no_prior,,Tier 1 failed: n_obs=17 < min_obs=20,sparse,5,1,4.0,0.689722222276032,low,mbls,,0
2006 AL14,2026-03-21T05:10:35.616809+00:00,True,1.6990995497748875,0.7855599958395562,35.177836260877314,26,,2,533.4605555557064,"Lg,Li,Lr,Ly,Lz",False,True,0.9447836182124065,3.6815756453048376,0.9447836182124065,0.9447836182124065,128.25168626114825,1.942890293094024e-14,0.31835941816093966,False,2.8967395013344186,True,False,True,3.6815756453048376,1.1299485681363095,3.6741878680901796,3.6889634225194956,0.014775554429315996,2.709983073843956,followup_needed,0,,,False,,,,0,False,,no_prior,,No reliable period. Methods disagree at Tier 2 and Tier 3 could not resolve ambiguity. More observations needed.,sparse,3,1,3.0,1.186944444430992,low,mbls,,0
2006 AM52,2026-03-21T05:10:36.661767+00:00,True,1.3934467233616807,0.7657782292142986,16.715120850430893,23,,3,365.0374999999185,"Lg,Li,Lr,Ly,Lz",False,True,1.7472752715137163,11.280922263399122,1.7472752715137163,1.7472752715137163,80.60162939798073,3.078193255845463e-11,0.5967298143603829,False,5.456293663230675,True,False,True,11.280922263399122,1.400157709212998,11.258284961198322,11.30355956559992,0.04527460440159814,2.385817683437567,followup_needed,0,,,False,,,,0,False,,no_prior,,No reliable period. Methods disagree at Tier 2 and Tier 3 could not resolve ambiguity. More observations needed.,sparse,4,1,3.0,0.6298611111415084,low,mbls,,0
2006 AM93,2026-03-21T05:10:38.194765+00:00,True,8.200100050025013,0.8642868785240909,13.758124409090506,20,,2,408.149722222297,"Lg,Li,Lr,Ly,Lz",False,True,17.488153862529465,1.4059564786768932,17.488153862529465,17.488153862529465,43.69476177188592,4.2839609082356844e-08,0.2662197073159013,False,0.9196052087756247,True,False,True,1.4059564786768932,1.6871477744122718,1.3708631933340294,1.441049764019757,0.07018657068572765,22.518577607694493,followup_needed,0,,,False,,,,0,False,,no_prior,,No reliable period. Methods disagree at Tier 2 and Tier 3 could not resolve ambiguity. More observations needed.,sparse,4,1,5.0,1.9179166666581295,low,mbls,,0
2006 AQ50,2026-03-21T05:10:39.321857+00:00,True,1.1230615307653826,0.6956832295036293,13.015907169767988,26,,2,333.21833333338145,"Lg,Li,Lr,Ly",False,True,2.4998309431395542,1.7674766236873378,2.4998309431395542,2.4998309431395542,15.852032068630006,4.027696818620363e-06,0.10607964343360912,False,0.2929615386439512,True,False,True,1.7674766236873378,1.4139812989498703,1.7639298478538512,1.7710233995208244,0.007093551666973008,7.844858314990124,followup_needed,0,,,False,,,,0,False,,no_prior,,No reliable period. Methods disagree at Tier 2 and Tier 3 could not resolve ambiguity. More observations needed.,sparse,3,1,3.0,0.25916666665580124,low,mbls,,0
2006 AR41,2026-03-21T05:10:40.669087+00:00,True,1.18184092046023,0.5104852224580212,24.050994010958615,21,,2,598.5749999998952,"Lg,Li,Lr,Ly,Lz",True,False,0.3958842544787833,0.3958842544787833,0.3958842544787833,0.3958842544787833,10.690725532406326,0.00020607726748766986,0.2789915305271199,True,0.0,False,,,,,,,,,confirmed,1,0.3958842544787833,,False,1512.0,0.3958842544787833,0.0,1,False,,no_prior,,"All 3 methods agree (spread=0.0%), p=2.06e-04, sparse regime. Moderate confidence.",sparse,5,1,2.0,0.5902777778101154,low,mbls,,0
2006 AR56,2026-03-21T05:10:41.662393+00:00,True,12.761380690345174,0.8961092463133621,28.898662183430687,20,,2,401.8736111110775,"Lg,Li,Lr,Ly,Lz",False,True,4.706186600302486,3.5026738736157013,4.706186600302486,4.706186600302486,139.85151043576735,1.1113110431892892e-11,0.4912772571183217,False,0.2557299208257433,True,False,True,3.5026738736157013,3.1020335843927684,3.4956450966117902,3.5097026506196123,0.014057554007822048,4.35605026431771,followup_needed,0,,,False,,,,0,False,,no_prior,,No reliable period. Methods disagree at Tier 2 and Tier 3 could not resolve ambiguity. More observations needed.,sparse,5,1,2.0,0.5538888889714144,low,mbls,,0
2006 AY27,2026-03-21T05:10:42.635112+00:00,True,13.74887443721861,0.6146812764388859,8.054671685667298,22,,3,264.3783333332394,"Lg,Li,Lr,Lz",False,True,2.2277176017151623,1.675467214267354,2.2277176017151623,2.2277176017151623,9.746297376157878,0.0002755718613574043,0.3258114696852422,False,0.24789963818680266,True,False,True,1.675467214267354,1.35382233768225,1.6721050727002622,1.6788293558344456,0.006724283134183384,1.530986503341329,followup_needed,0,,,False,,,,0,False,,no_prior,,No reliable period. Methods disagree at Tier 2 and Tier 3 could not resolve ambiguity. More observations needed.,sparse,6,1,4.0,0.8579166665731464,low,mbls,,0
2006 BC193,2026-03-21T05:10:42.690791+00:00,False,,0.0,18.95973722108721,19,n_obs=19 < min_obs=20,2,915.0505555554992,"Lg,Li,Lr,Lz",,,,,,,,,,,,False,,,,,,,,,t1_rejected,0,,,False,,,,0,False,,no_prior,,Tier 1 failed: n_obs=19 < min_obs=20,sparse,6,1,3.5,0.5737500000104774,low,mbls,,0
2006 BD225,2026-03-21T05:10:42.749558+00:00,False,,0.0,12.069652858173319,18,n_obs=18 < min_obs=20,1,551.6327777778497,"Lg,Li,Lr,Ly,Lz",,,,,,,,,,,,False,,,,,,,,,t1_rejected,0,,,False,,,,0,False,,no_prior,,Tier 1 failed: n_obs=18 < min_obs=20,sparse,6,1,2.0,0.6126388888224028,low,mbls,,0
2006 BE45,2026-03-21T05:10:44.045402+00:00,True,10.163331665832917,0.7715450422246005,7.2240870937281505,20,,2,336.28972222219454,"Lg,Li,Lr,Ly,Lz",False,True,12.525424349387098,22.28494757548831,12.525424349387098,12.525424349387098,23.670435255970737,2.473134575353697e-06,0.13870247219958048,False,0.7791770525186232,True,False,True,22.28494757548831,13.706751997055044,22.253984154386593,22.315910996590027,0.06192684220343381,1.9340388013926488,followup_needed,0,,,False,,,,0,False,,no_prior,,No reliable period. Methods disagree at Tier 2 and Tier 3 could not resolve ambiguity. More observations needed.,sparse,5,1,4.0,0.9166666665114462,low,mbls,,0
2006 BF140,2026-03-21T05:10:45.845144+00:00,True,0.9584792396198099,0.288657192414512,15.738944912551574,27,,3,652.689166666707,"Li,Lr,Lz",False,False,11.849718833663614,4.205364691659494,11.849718833663614,11.849718833663614,4.534375456190973,0.008009822686827484,0.22506691224948752,False,0.6451084831048305,False,,,,,,,,,t2_rejected,0,,,False,,,,0,False,,no_prior,,No reliable period. Methods disagree at Tier 2 and Tier 3 could not resolve ambiguity. More observations needed.,sparse,3,1,2.0,1.0230555556481704,low,mbls,,0
2006 BG247,2026-03-21T05:10:46.757789+00:00,True,8.294147073536768,0.8945612390716251,4.140158952413919,22,,3,455.4900000000489,"Li,Lr,Lz",False,True,8.290988024856043,6.721475776234232,8.290988024856043,8.290988024856043,58.35332332878482,1.0489064061758313e-09,0.2411642589781108,False,0.1893034031548819,True,False,True,6.721475776234232,5.736858254498248,6.707987864977575,6.73496368749089,0.026975822513313652,1.4963806357197933,followup_needed,0,,,False,,,,0,False,,no_prior,,No reliable period. Methods disagree at Tier 2 and Tier 3 could not resolve ambiguity. More observations needed.,sparse,5,1,4.0,0.7102777777472511,low,mbls,,0
2006 BH274,2026-03-21T05:10:47.965881+00:00,True,2.9569784892446225,0.7113073224275117,21.026955664920834,21,,2,915.3469444443472,"Lg,Li,Lr,Ly,Lz",False,True,6.112724630657594,14.355182766027255,6.112724630657594,6.112724630657594,28.304524775178702,4.425623947312829e-07,0.43525798226386125,False,1.3484098554070816,True,False,True,14.355182766027255,5.470786324963117,14.326376379205797,14.383989152848713,0.05761277364291573,1.9268904988857847,followup_needed,0,,,False,,,,0,False,,no_prior,,No reliable period. Methods disagree at Tier 2 and Tier 3 could not resolve ambiguity. More observations needed.,sparse,6,1,3.5,0.660833333269693,low,mbls,,0
2006 BJ252,2026-03-21T05:10:48.010655+00:00,False,,0.0,4.540442030598886,19,n_obs=19 < min_obs=20,1,240.9813888888457,"Li,Lr,Ly,Lz",,,,,,,,,,,,False,,,,,,,,,t1_rejected,0,,,False,,,,0,False,,no_prior,,Tier 1 failed: n_obs=19 < min_obs=20,sparse,5,1,2.0,0.6336111111450009,low,mbls,,0
2006 BJ89,2026-03-21T05:10:56.817908+00:00,True,0.128021734412835,0.3799636763262803,9.668166479289447,20,,2,598.5861111109843,"Lg,Li,Lr,Ly,Lz",False,True,0.12969601613532622,0.25425006277185214,0.12969601613532622,0.25425006277185214,5.391566531142773,0.006789705978305527,0.07492829021449321,False,0.01982315899902158,True,False,True,0.25425006277185214,0.13082380757998124,0.2537398619769923,0.254760263566712,0.001020401589719666,1.705452415071189,followup_needed,0,,,False,,,,0,False,,no_prior,,No reliable period. Methods disagree at Tier 2 and Tier 3 could not resolve ambiguity. More observations needed.,sparse,3,1,5.0,1.2591666665975936,low,mbls,,0
2006 BK246,2026-03-21T05:11:01.880130+00:00,True,0.6734251715321226,0.3956878891603429,17.023245778137145,55,,3,913.552777777717,"Lg,Li,Lr,Lz",False,True,1.4359153929214516,4.842339539053661,1.4359153929214516,1.4359153929214516,8.971149755656233,1.5311080394209142e-05,0.3370602664071155,False,2.372301434278292,True,False,True,4.842339539053661,1.1564161425267074,4.832622469744525,4.852056608362798,0.01943413861827281,7.877273372374096,followup_needed,0,,,False,,,,0,False,,no_prior,,No reliable period. Methods disagree at Tier 2 and Tier 3 could not resolve ambiguity. More observations needed.,sparse,5,1,2.0,0.6247222222737037,medium,"mbls,mhaov,clean",,0
2006 BN38,2026-03-21T05:11:03.412390+00:00,True,0.9937468734367183,0.7795969804089226,53.42374062756741,23,,2,551.5194444443914,"Lg,Li,Lr,Ly,Lz",False,True,0.47796996830860033,23.587539553552507,0.47796996830860033,0.47796996830860033,19.30857202040296,2.554669338628024e-06,0.7532747428487004,False,48.349417573187175,True,False,True,23.587539553552507,0.49491472303793527,23.56180392634269,23.613275180762322,0.05147125441963496,5.537966310077879,followup_needed,0,,,False,,,,0,False,,no_prior,,No reliable period. Methods disagree at Tier 2 and Tier 3 could not resolve ambiguity. More observations needed.,sparse,6,1,4.0,1.5099999999802094,low,mbls,,0
2006 BN94,2026-03-21T05:11:04.583920+00:00,True,0.887943971985993,0.857999729941499,15.18955563228503,36,,3,365.6877777777845,"Lg,Li,Lr,Lz",False,True,7.940710602049942,18.992606673460106,7.940710602049942,7.940710602049942,54.104732071999514,1.5165646516379638e-13,0.5263181026586763,False,1.391801895985941,True,False,True,18.992606673460106,6.3525684816399535,18.954494419265874,19.030718927654338,0.07622450838846362,7.363374474082333,followup_needed,0,,,False,,,,0,False,,no_prior,,No reliable period. Methods disagree at Tier 2 and Tier 3 could not resolve ambiguity. More observations needed.,sparse,4,1,3.0,0.5819444444496185,medium,"mbls,mhaov,clean",,0
2006 BP67,2026-03-21T05:11:05.507692+00:00,True,1.8284142071035518,0.7014982878382174,34.54187170825735,20,,3,652.3183333334746,"Lg,Li,Lr,Lz",False,True,7.746948061393151,11.124046121927254,7.746948061393151,7.746948061393151,12.541397907774924,0.00011126748402146003,0.41104827332826244,False,0.4359262555745541,True,False,True,11.124046121927254,6.435926081772771,11.10850040675389,11.139591837100618,0.0310914303467289,1.8667579487724963,followup_needed,0,,,False,,,,0,False,,no_prior,,No reliable period. Methods disagree at Tier 2 and Tier 3 could not resolve ambiguity. More observations needed.,sparse,6,1,3.0,0.6029166666849051,low,mbls,,0
2006 BQ112,2026-03-21T05:11:05.577871+00:00,False,,0.0,24.234580746715434,16,n_obs=16 < min_obs=20,2,265.1694444443565,"Lg,Li,Lr,Lz",,,,,,,,,,,,False,,,,,,,,,t1_rejected,0,,,False,,,,0,False,,no_prior,,Tier 1 failed: n_obs=16 < min_obs=20,sparse,5,1,4.0,1.0186111110378988,low,mbls,,0
2006 BR76,2026-03-21T05:11:14.890070+00:00,True,0.09575152640160217,0.23812869961633698,7.23766363625844,28,,3,365.67694444436347,"Lg,Li,Lr,Ly,Lz",False,False,0.054068256856973064,0.1896537530117014,0.054068256856973064,0.054068256856973064,4.3294975821079165,0.00934101614371785,0.1400487913616008,False,2.507672783143082,False,,,,,,,,,t2_rejected,0,,,False,,,,0,False,,no_prior,,No reliable period. Methods disagree at Tier 2 and Tier 3 could not resolve ambiguity. More observations needed.,sparse,3,1,3.0,1.2683333333116025,medium,"mbls,mhaov,clean",,0
2006 BV168,2026-03-21T05:11:18.962315+00:00,True,0.22780889079261912,0.23111552503716767,15.995533343270635,39,,3,270.606111111003,"Lg,Li,Lr,Lz",False,False,0.45253098964777666,0.7705272953097067,0.45253098964777666,0.45253098964777666,3.107904029850309,0.02777947444705331,0.21593970013415356,False,0.702706141536819,False,,,,,,,,,t2_rejected,0,,,False,,,,0,False,,no_prior,,No reliable period. Methods disagree at Tier 2 and Tier 3 could not resolve ambiguity. More observations needed.,sparse,4,1,3.0,0.6627777778194286,medium,"mbls,mhaov,clean",,0
2006 BW218,2026-03-21T05:11:19.948400+00:00,True,9.63431715857929,0.6885651083644748,13.818935033154625,21,,2,552.039166666742,"Lg,Li,Lr,Ly,Lz",False,True,9.623761530648618,30.849610867454402,9.623761530648618,9.623761530648618,11.53404033939692,0.0001341419045211012,0.33718201480897286,False,2.205566842986082,True,False,True,30.849610867454402,8.960719766329683,30.83029897140628,30.868922763502525,0.038623792096247556,1.5787987418421052,followup_needed,0,,,False,,,,0,False,,no_prior,,No reliable period. Methods disagree at Tier 2 and Tier 3 could not resolve ambiguity. More observations needed.,sparse,6,1,3.5,1.1373611111193895,low,mbls,,0
2006 BW29,2026-03-21T05:11:20.009130+00:00,False,,0.0,13.914532389002103,19,n_obs=19 < min_obs=20,2,552.0341666666209,"Lg,Li,Lr,Lz",,,,,,,,,,,,False,,,,,,,,,t1_rejected,0,,,False,,,,0,False,,no_prior,,Tier 1 failed: n_obs=19 < min_obs=20,sparse,5,1,4.0,1.3249999999534339,low,mbls,,0
2006 BX19,2026-03-21T05:11:21.530659+00:00,True,0.7586293146573286,0.4084396135903948,10.437552377537278,53,,3,532.0713888887549,"Li,Lr,Lz",True,False,0.6932218296921933,0.6358611547303843,0.6932218296921933,0.6932218296921933,15.615817557598161,2.992645897759161e-08,0.23275741801908129,True,0.08274505000397306,False,,,,,,,,,confirmed,2,0.6932218296921933,,False,767.5,0.6932218296921933,0.05736067496172623,2,False,,no_prior,,"All 3 methods agree (spread=8.3%), p=2.99e-08, sparse regime. Moderate confidence.",sparse,4,1,2.0,0.6501388889446389,medium,"mbls,mhaov,clean",,0
2006 BX25,2026-03-21T05:11:23.743747+00:00,True,1.3816908454227113,0.7616460600874457,19.691578357182834,29,,3,529.6163888890296,"Lg,Li,Lr,Ly,Lz",False,True,3.0847401291594667,3.539355516613164,3.0847401291594667,3.0847401291594667,64.05381225498438,1.8655077482776505e-12,0.4135231455008396,False,0.14737558705712556,True,False,True,3.539355516613164,2.686509463655937,3.5343106310677284,3.5444004021585993,0.010089771090870503,1.0274192430329088,followup_needed,0,,,False,,,,0,False,,no_prior,,No reliable period. Methods disagree at Tier 2 and Tier 3 could not resolve ambiguity. More observations needed.,sparse,4,1,5.0,1.7769444444857072,low,mbls,,0
2006 BX6,2026-03-21T05:11:23.786331+00:00,False,,0.0,5.853321600072679,19,n_obs=19 < min_obs=20,2,242.24277777783573,"Li,Lr,Lz",,,,,,,,,,,,False,,,,,,,,,t1_rejected,0,,,False,,,,0,False,,no_prior,,Tier 1 failed: n_obs=19 < min_obs=20,sparse,4,1,3.5,1.0095833333325572,low,mbls,,0
2006 BY246,2026-03-21T05:11:24.583129+00:00,True,4.438219109554778,0.45524245941660374,17.67128627101753,23,,2,937.9741666666232,"Lg,Li,Lr,Lz",True,False,7.0904525084184105,14.183721933316452,7.0904525084184105,14.183721933316452,14.176189180010319,2.1436859712675727e-05,0.7474954092640413,True,0.00019864151662297392,False,,,,,,,,,confirmed,1,14.183721933316452,,False,66.1,14.183721933316452,0.0028174760361925196,1,False,,no_prior,,"All 3 methods agree (spread=0.0%), p=2.14e-05, sparse regime. Moderate confidence.",sparse,5,1,5.0,0.7755555554176681,low,mbls,,0
2006 BZ210,2026-03-21T05:11:25.957436+00:00,True,5.084792396198099,0.6382805593785242,21.433544694344622,21,,2,915.4244444443029,"Lg,Li,Lr,Lz",False,True,6.0049761423686325,4.9848803104984585,6.0049761423686325,6.0049761423686325,26.111446356628292,7.69659730059935e-07,0.6065693148499528,False,0.16987508487712868,True,False,True,4.9848803104984585,3.9945729846001026,4.974877206196457,4.99488341480046,0.020006208604004705,5.640826325597091,followup_needed,0,,,False,,,,0,False,,no_prior,,No reliable period. Methods disagree at Tier 2 and Tier 3 could not resolve ambiguity. More observations needed.,sparse,7,1,3.0,0.7363888888503425,low,mbls,,0
2006 CC35,2026-03-21T05:11:27.317258+00:00,True,16.68784392196098,0.6876384060175947,19.90075825630211,23,,2,553.40305555542,"Lg,Li,Lr,Ly,Lz",True,False,15.645514101281169,33.225072640708404,15.645514101281169,33.225072640708404,28.901159870509254,1.285057055211425e-07,0.7044868422730948,True,0.06180827378461254,False,,,,,,,,,confirmed,1,33.225072640708404,,True,16.7,33.225072640708404,2.0535843862905447,1,False,,no_prior,,"All 3 methods agree (spread=6.2%), p=1.29e-07, sparse regime. Moderate confidence.",sparse,4,1,6.0,2.443194444378605,low,mbls,,0
2006 CG31,2026-03-21T05:11:36.756228+00:00,True,0.059016984489265484,0.4167350062414436,9.10468293148533,25,,2,308.19166666665114,"Lg,Li,Lr,Ly,Lz",False,True,0.05877694695677021,0.11755389391354042,0.05877694695677021,0.11755389391354042,4.184453890042742,0.012703702655054494,0.07101652686558557,False,0.0,True,False,True,0.11755389391354042,0.09482942880249481,0.1173179998120417,0.11778978801503913,0.0004717882029974252,1.1573291232467549,followup_needed,0,,,False,,,,0,False,,no_prior,,No reliable period. Methods disagree at Tier 2 and Tier 3 could not resolve ambiguity. More observations needed.,sparse,3,1,3.0,0.723611111054197,low,mbls,,0
2006 CN19,2026-03-21T05:11:38.275755+00:00,True,4.367683841920961,0.7815019355669113,15.411356845129198,21,,2,504.6855555556831,"Lg,Li,Lr,Lu,Lz",False,True,3.7682269141196425,24.321814332594474,3.7682269141196425,3.7682269141196425,54.04763794277615,4.29531354928514e-09,0.35446120743797155,False,5.454445256853976,True,False,True,24.321814332594474,4.370639109754823,24.299025627574792,24.344603037614156,0.04557741003936755,1.6754794876073924,followup_needed,0,,,False,,,,0,False,,no_prior,,No reliable period. Methods disagree at Tier 2 and Tier 3 could not resolve ambiguity. More observations needed.,sparse,6,1,2.5,0.5150000000721775,low,mbls,,0
2006 CN74,2026-03-21T05:11:39.197046+00:00,True,11.621060530265133,0.8473301691210481,22.954025978646744,22,,2,915.0277777776355,"Lg,Li,Lr,Lz",False,True,22.086772963007007,19.470153633001893,22.086772963007007,22.086772963007007,39.45682267679154,2.1618735135398026e-08,0.8665144806939147,False,0.11846996998554543,True,False,True,19.470153633001893,16.461721867635045,19.44834113832095,19.491966127682836,0.0436249893618843,2.9410564665922636,followup_needed,0,,,False,,,,0,False,,no_prior,,No reliable period. Methods disagree at Tier 2 and Tier 3 could not resolve ambiguity. More observations needed.,sparse,6,1,3.5,0.7004166666883975,low,mbls,,0
2006 CS61,2026-03-21T05:11:39.257847+00:00,False,,0.0,18.276936978852785,19,n_obs=19 < min_obs=20,2,915.4588888887665,"Lg,Li,Lr,Lz",,,,,,,,,,,,False,,,,,,,,,t1_rejected,0,,,False,,,,0,False,,no_prior,,Tier 1 failed: n_obs=19 < min_obs=20,sparse,7,1,3.0,0.6708333333372138,low,mbls,,0
2006 CS86,2026-03-21T05:11:40.506791+00:00,True,0.864432216108054,0.15276040061687565,5.3889377192059085,22,,3,532.6791666666395,"Lg,Li,Lr,Lz",False,False,0.2925464638807715,0.3459015731143481,0.2925464638807715,0.2925464638807715,5.1031489240577494,0.006906585709267721,0.10185092289299166,False,0.18238165837184528,False,,,,,,,,,t2_rejected,0,,,False,,,,0,False,,no_prior,,No reliable period. Methods disagree at Tier 2 and Tier 3 could not resolve ambiguity. More observations needed.,sparse,4,1,3.0,0.6152777778042946,low,mbls,,0
2006 CY25,2026-03-21T05:11:41.758646+00:00,True,0.9114557278639319,0.664983861836245,7.152503313767164,22,,2,265.56694444455206,"Lg,Li,Lr,Lz",True,False,0.6971527081205311,0.6971527081205311,0.6971527081205311,0.6971527081205311,41.59773017507941,1.4461901898243923e-08,0.1959785907972203,True,0.0,False,,,,,,,,,confirmed,1,0.6971527081205311,,False,380.9,0.6971527081205311,0.0,1,False,,no_prior,,"All 3 methods agree (spread=0.0%), p=1.45e-08, sparse regime. Moderate confidence.",sparse,5,1,4.0,0.938333333178889,low,mbls,,0
2006 CY93,2026-03-21T05:11:43.191021+00:00,True,3.286143071535768,0.49923415260039383,11.200438046368973,22,,3,914.2586111110286,"Lg,Li,Lr,Lz",False,True,6.598799258986913,7.523038858784311,6.598799258986913,6.598799258986913,9.27073584385927,0.0003648446219589596,0.3992956163530539,False,0.14006178450398143,True,False,True,7.523038858784311,6.431065994332006,7.51248358429336,7.533594133275262,0.02111054898190101,1.7446142610073454,followup_needed,0,,,False,,,,0,False,,no_prior,,No reliable period. Methods disagree at Tier 2 and Tier 3 could not resolve ambiguity. More observations needed.,sparse,8,1,2.0,0.6509722222108394,low,mbls,,0
2006 DA122,2026-03-21T05:11:48.858023+00:00,True,0.49014750723979916,0.4517566918433409,59.72360095875564,30,,2,913.5402777777635,"Lg,Li,Lr,Lu,Ly,Lz",False,True,0.7022981288287908,2.869664302647445,0.7022981288287908,0.7022981288287908,8.398450104941082,0.00019415533962685583,0.43299610695097834,False,3.086105579449632,True,False,True,2.869664302647445,0.5627780323323689,2.8639057789632036,2.8754228263316866,0.011517047368482913,1.6951204291174873,followup_needed,0,,,False,,,,0,False,,no_prior,,No reliable period. Methods disagree at Tier 2 and Tier 3 could not resolve ambiguity. More observations needed.,sparse,5,1,3.0,0.6747222220874391,medium,"mbls,mhaov,clean",,0
2006 DC17,2026-03-21T05:11:48.909359+00:00,False,,0.0,17.138732567017307,19,n_obs=19 < min_obs=20,2,747.5752777777961,"Lg,Li,Lr,Lz",,,,,,,,,,,,False,,,,,,,,,t1_rejected,0,,,False,,,,0,False,,no_prior,,Tier 1 failed: n_obs=19 < min_obs=20,sparse,7,1,3.0,0.8013888890272938,low,mbls,,0
2006 DC225,2026-03-21T05:11:50.016500+00:00,True,2.9804902451225614,0.7621971558053814,6.89162052431109,21,,2,359.83361111115664,"Li,Lr,Ly,Lz",False,True,2.3855906148884616,6.804912129001653,2.3855906148884616,2.3855906148884616,14.985306007504361,2.8400300047359828e-05,0.32390616464262123,False,1.8525062458455237,True,False,True,6.804912129001653,2.652074650130183,6.791256786936769,6.818567471066537,0.027310684129767893,3.462213897395211,followup_needed,0,,,False,,,,0,False,,no_prior,,No reliable period. Methods disagree at Tier 2 and Tier 3 could not resolve ambiguity. More observations needed.,sparse,6,1,2.5,0.6983333333046176,low,mbls,,0
2006 DE176,2026-03-21T05:11:50.069503+00:00,False,,0.0,5.546579287560649,19,n_obs=19 < min_obs=20,1,242.26500000001397,"Li,Lr,Lz",,,,,,,,,,,,False,,,,,,,,,t1_rejected,0,,,False,,,,0,False,,no_prior,,Tier 1 failed: n_obs=19 < min_obs=20,sparse,4,1,3.5,0.8380555555340834,low,mbls,,0
2006 DJ33,2026-03-21T05:11:50.126310+00:00,False,,0.0,6.824138782504943,19,n_obs=19 < min_obs=20,2,747.5536111111287,"Lg,Li,Lr,Lz",,,,,,,,,,,,False,,,,,,,,,t1_rejected,0,,,False,,,,0,False,,no_prior,,Tier 1 failed: n_obs=19 < min_obs=20,sparse,5,1,4.0,0.6702777778264135,low,mbls,,0
2006 DR150,2026-03-21T05:11:51.595269+00:00,True,2.7571285642821413,0.6627198421560914,12.606465296981376,22,,2,552.1130555556156,"Lg,Li,Lr,Lz",False,True,6.127752274687162,7.2231102111876035,6.127752274687162,6.127752274687162,19.434928060085728,3.6308757864755847e-06,0.5231683098247271,False,0.1787536257013888,True,False,True,7.2231102111876035,5.623596067472098,7.21185800723162,7.234362415143587,0.02250440791196695,1.2675993296148493,followup_needed,0,,,False,,,,0,False,,no_prior,,No reliable period. Methods disagree at Tier 2 and Tier 3 could not resolve ambiguity. More observations needed.,sparse,5,1,5.0,2.014722222229466,low,mbls,,0
2006 DR189,2026-03-21T05:11:51.649670+00:00,False,,0.0,23.677101353616646,17,n_obs=17 < min_obs=20,1,652.3616666666348,"Lg,Li,Lr,Lu,Lz",,,,,,,,,,,,False,,,,,,,,,t1_rejected,0,,,False,,,,0,False,,no_prior,,Tier 1 failed: n_obs=17 < min_obs=20,sparse,6,1,3.5,0.5841666666674428,low,mbls,,0
2006 DU173,2026-03-21T05:11:52.622507+00:00,True,15.911955977988995,0.7461328572424859,7.863034425045652,22,,2,289.70027777779615,"Li,Lr,Lu,Lz",False,True,4.108532133689386,3.5171251847998026,4.108532133689386,4.108532133689386,23.05328299332465,1.111906174022792e-06,0.29879530815173483,False,0.14394604438894018,True,False,True,3.5171251847998026,3.128947488818554,3.510857706172952,3.5233926634266535,0.012534957253701684,1.7675718952220865,followup_needed,0,,,False,,,,0,False,,no_prior,,No reliable period. Methods disagree at Tier 2 and Tier 3 could not resolve ambiguity. More observations needed.,sparse,6,1,2.5,0.8831944444100372,low,mbls,,0
2006 DV42,2026-03-21T05:11:53.627698+00:00,True,15.618059029514757,0.7631470665518679,16.73829146926666,25,,3,550.6969444443821,"Lg,Li,Lr,Ly,Lz",False,True,6.603911408855478,9.70660745094121,6.603911408855478,6.603911408855478,44.10164924909811,1.1965860524654204e-09,0.6594886838891063,False,0.469827023712753,True,False,True,9.70660745094121,9.128755903694543,9.693355454803037,9.719859447079383,0.02650399227634459,1.7692582891956918,followup_needed,0,,,False,,,,0,False,,no_prior,,No reliable period. Methods disagree at Tier 2 and Tier 3 could not resolve ambiguity. More observations needed.,sparse,5,1,4.0,0.7661111110355705,low,mbls,,0
2006 DW133,2026-03-21T05:11:54.600259+00:00,True,0.887943971985993,0.6469210288302535,17.415776287599446,20,,2,915.5350000000326,"Lg,Li,Lr,Lu,Lz",False,True,13.42418383249644,15.954972526276476,13.42418383249644,13.42418383249644,24.631729886695194,1.9187914791496397e-06,0.3979504881716474,False,0.18852458558064952,True,False,True,15.954972526276476,11.655244558247746,15.929359276806242,15.980585775746711,0.05122649894047093,5.570006896253879,followup_needed,0,,,False,,,,0,False,,no_prior,,No reliable period. Methods disagree at Tier 2 and Tier 3 could not resolve ambiguity. More observations needed.,sparse,5,1,4.0,0.8949999998440035,low,mbls,,0
2006 DW81,2026-03-21T05:11:55.626556+00:00,True,8.44697348674337,0.5777929651620647,24.48908198787595,23,,2,51.21750000002794,"Lg,Li,Lr,Ly,Lz",False,True,6.365760906461901,3.215796273428478,6.365760906461901,6.365760906461901,13.919357387193832,2.4188293263671667e-05,0.5510043447272088,False,0.49482924026181857,True,False,True,3.215796273428478,7.638913087754281,3.203022171275044,3.228570375581912,0.025548204306867994,2.7170521233748763,followup_needed,0,,,False,,,,0,False,,no_prior,,No reliable period. Methods disagree at Tier 2 and Tier 3 could not resolve ambiguity. More observations needed.,sparse,3,1,7.0,1.8991666667279787,low,mbls,,0
2006 DY100,2026-03-21T05:11:56.390451+00:00,True,14.724612306153077,0.5682131361835415,23.443044551969656,25,,2,1245.8480555556016,"Lg,Li,Lr,Lz",True,False,19.119344350401278,19.87545556706329,19.119344350401278,19.119344350401278,9.572684473870696,0.0001711348755361053,0.886147084064453,True,0.03954692184024107,False,,,,,,,,,confirmed,1,19.119344350401278,,False,65.2,19.119344350401278,0.756111216661974,1,False,,no_prior,,"All 3 methods agree (spread=4.0%), p=1.71e-04, sparse regime. Moderate confidence.",sparse,8,1,2.5,0.8723611111636274,low,mbls,,0
2006 DZ187,2026-03-21T05:11:57.687887+00:00,True,1.0877938969484742,0.7432826412663583,38.89064717451637,20,,3,652.3616666666348,"Lg,Li,Lr,Lz",False,True,1.2907428241991845,3.3826620323564156,1.2907428241991845,1.2907428241991845,42.17851495374416,5.45209365432342e-08,0.34223769513574404,False,1.6207095394495021,True,False,True,3.3826620323564156,1.272611988541537,3.3758740817898145,3.3894499829230167,0.013575901133201729,1.3280596261489659,followup_needed,0,,,False,,,,0,False,,no_prior,,No reliable period. Methods disagree at Tier 2 and Tier 3 could not resolve ambiguity. More observations needed.,sparse,5,1,4.0,1.2397222221479751,low,mbls,,0
2006 EA34,2026-03-21T05:11:58.772833+00:00,True,16.335167583791897,0.8777247495784687,10.673801243210571,21,,3,408.11111111106584,"Lg,Li,Lr,Ly,Lz",False,True,8.785584272629812,21.489328859161155,8.785584272629812,8.785584272629812,65.33269461343126,1.0479841439092752e-09,0.5721157466360867,False,1.4459760662824137,True,False,True,21.489328859161155,9.426138577457003,21.455172319465486,21.523485398856824,0.0683130793913378,5.689176625159459,followup_needed,0,,,False,,,,0,False,,no_prior,,No reliable period. Methods disagree at Tier 2 and Tier 3 could not resolve ambiguity. More observations needed.,sparse,5,1,3.0,1.1086111109470949,low,mbls,,0
2006 EH46,2026-03-21T05:12:00.675292+00:00,True,1.781390695347674,0.4934370994549732,5.96002840624175,20,,3,241.32500000012806,"Lg,Li,Lr,Lz",False,True,0.3785405405874785,0.7886353228689459,0.3785405405874785,0.7886353228689459,6.755130873578429,0.0025695120889438483,0.2309511007418678,False,0.041678814170044265,True,False,True,0.7886353228689459,0.8851706165712985,0.7870527770705468,0.790217868667345,0.0031650915967982307,3.418627388324915,followup_needed,0,,,False,,,,0,False,,no_prior,,No reliable period. Methods disagree at Tier 2 and Tier 3 could not resolve ambiguity. More observations needed.,sparse,5,1,4.0,0.9305555556784384,low,mbls,,0
2006 EJ20,2026-03-21T05:12:01.898381+00:00,True,2.416208104052026,0.6370560945505239,14.317001148651249,24,,2,552.0908333334373,"Lg,Li,Lr,Ly,Lz",False,True,5.344078341271336,23.227986826023884,5.344078341271336,5.344078341271336,7.828004288790643,0.0006635992386943013,0.40373943239196525,False,3.3464907029215976,True,False,True,23.227986826023884,4.275262673017069,23.200808177834013,23.255165474213754,0.054357296379738074,1.6731115745386111,followup_needed,0,,,False,,,,0,False,,no_prior,,No reliable period. Methods disagree at Tier 2 and Tier 3 could not resolve ambiguity. More observations needed.,sparse,5,1,3.0,2.0036111111403443,low,mbls,,0
2006 EJ63,2026-03-21T05:12:02.647562+00:00,True,24.0,0.3497253656995276,16.82403133105834,21,,2,51.24111111124512,"Li,Lr,Ly,Lz",False,False,16.039290944238374,8.245443912352975,16.039290944238374,16.039290944238374,3.416850340187894,0.033533567345976456,0.2237596167030759,False,0.4859221681918935,False,,,,,,,,,t2_rejected,0,,,False,,,,0,False,,no_prior,,No reliable period. Methods disagree at Tier 2 and Tier 3 could not resolve ambiguity. More observations needed.,sparse,4,1,3.0,0.526111111161299,low,mbls,,0
2006 EM49,2026-03-21T05:12:10.954368+00:00,True,0.04684011969581752,0.3136787565890153,10.958310459080742,25,,3,365.6877777777845,"Lg,Li,Lr,Ly,Lz",False,False,0.24711249771829755,0.15512132456116334,0.24711249771829755,0.24711249771829755,4.924063939880586,0.006283153119798324,0.2136870539520745,False,0.37226434925857016,False,,,,,,,,,t2_rejected,0,,,False,,,,0,False,,no_prior,,No reliable period. Methods disagree at Tier 2 and Tier 3 could not resolve ambiguity. More observations needed.,sparse,3,1,7.0,1.2694444445078261,medium,"mbls,mhaov,clean",,0
2006 ER55,2026-03-21T05:12:12.054384+00:00,True,2.228114057028514,0.446686388681152,31.83368445534928,21,,2,645.2927777777659,"Lg,Li,Lr,Lz",False,False,4.864298437981912,13.597859116287053,4.864298437981912,4.864298437981912,6.310244537840028,0.0030262660314400724,0.45203831926595983,False,1.7954409643349727,False,,,,,,,,,t2_rejected,0,,,False,,,,0,False,,no_prior,,No reliable period. Methods disagree at Tier 2 and Tier 3 could not resolve ambiguity. More observations needed.,sparse,5,1,4.0,0.9927777777775191,low,mbls,,0
2006 FM40,2026-03-21T05:12:14.164304+00:00,True,0.9819909954977488,0.5617933278033437,9.932770378821965,22,,3,458.0638888888643,"Lg,Li,Lr,Ly,Lz",False,True,0.7867910858792317,4.260235990604379,0.7867910858792317,0.7867910858792317,9.06282968536285,0.00041366664359898664,0.4305855959219322,False,4.414697836642607,True,False,True,4.260235990604379,0.9430967397294872,4.251687022061361,4.268784959147396,0.01709793708603513,8.741652370956695,followup_needed,0,,,False,,,,0,False,,no_prior,,No reliable period. Methods disagree at Tier 2 and Tier 3 could not resolve ambiguity. More observations needed.,sparse,4,1,2.5,0.8348611111287028,low,mbls,,0
2006 GH14,2026-03-21T05:12:14.966943+00:00,True,2.9099549774887445,0.503838921824243,7.159035562512458,26,,3,313.6880555555108,"Lg,Li,Lr,Lz",True,False,2.805149156772451,2.805149156772451,2.805149156772451,2.805149156772451,10.84775960896248,6.277850229774451e-05,0.45817827600079736,True,0.0,False,,,,,,,,,confirmed,1,2.805149156772451,,False,111.8,2.805149156772451,0.0,1,False,,no_prior,,"All 3 methods agree (spread=0.0%), p=6.28e-05, sparse regime. Moderate confidence.",sparse,7,1,4.0,0.5749999999534339,low,mbls,,0
2006 HJ25,2026-03-21T05:12:15.918321+00:00,True,9.587293646823412,0.8236860815459325,21.488742395803285,20,,2,504.3125000000582,"Lg,Li,Lr,Ly,Lz",False,True,9.577166500889659,28.37403555061959,9.577166500889659,9.577166500889659,21.88063254670891,4.06376480033277e-06,0.5006876978222166,False,1.9626753954817278,True,False,True,28.37403555061959,9.391388689166716,28.354817156303426,28.39325394493575,0.038436788632328245,10.971860527309587,followup_needed,0,,,False,,,,0,False,,no_prior,,No reliable period. Methods disagree at Tier 2 and Tier 3 could not resolve ambiguity. More observations needed.,sparse,5,1,3.0,1.5141666666604578,low,mbls,,0
2006 HL141,2026-03-21T05:12:16.765702+00:00,True,5.801900950475238,0.6885766196804127,15.430513824770015,20,,2,284.17416666675126,"Lg,Li,Lr,Ly,Lz",True,False,2.7514296911710274,2.7514296911710274,2.7514296911710274,2.7514296911710274,34.89925704560559,1.9598621792127346e-07,0.21294109078182621,True,0.0,False,,,,,,,,,confirmed,1,2.7514296911710274,,False,103.3,2.7514296911710274,0.0,1,False,,no_prior,,"All 3 methods agree (spread=0.0%), p=1.96e-07, sparse regime. Moderate confidence.",sparse,4,1,4.5,2.1815277777495794,low,mbls,,0
2006 HO102,2026-03-21T05:12:18.275902+00:00,True,0.7821410705352676,0.722475437238891,18.932564562689322,20,,2,408.0891666667303,"Lg,Li,Lr,Ly,Lz",False,True,1.0760327657265312,3.348095850650666,1.0760327657265312,1.0760327657265312,26.60451767235291,1.1691041619243947e-06,0.43639561316998887,False,2.111518493944689,True,False,True,3.348095850650666,0.8824188433315902,3.341377263659395,3.3548144376419375,0.013437173982542738,1.019031761626421,followup_needed,0,,,False,,,,0,False,,no_prior,,No reliable period. Methods disagree at Tier 2 and Tier 3 could not resolve ambiguity. More observations needed.,sparse,5,1,4.0,1.5980555554269813,low,mbls,,0
2006 HU11,2026-03-21T05:12:19.097436+00:00,True,1.9107053526763382,0.5643851868478652,16.351125382548968,25,,3,242.0988888888387,"Li,Lr,Ly,Lz",True,False,5.227246459174903,5.186583455115354,5.227246459174903,5.227246459174903,19.209008498699646,1.261849938427595e-06,0.44311549786707705,True,0.007779048563545114,False,,,,,,,,,confirmed,1,5.227246459174903,,False,46.3,5.227246459174903,0.04066300405954081,1,False,,no_prior,,"All 3 methods agree (spread=0.8%), p=1.26e-06, sparse regime. Moderate confidence.",sparse,6,1,3.0,0.8258333334233612,low,mbls,,0
2006 HZ8,2026-03-21T05:12:20.407091+00:00,True,0.9114557278639319,0.86777745204323,30.831556607263913,22,,2,915.5013888889225,"Lg,Li,Lr,Lu,Lz",False,True,3.2250876025853037,16.817426348377413,3.2250876025853037,3.2250876025853037,41.0700110489364,1.594058951503996e-08,0.5272196179842129,False,4.2145641981606845,True,False,True,16.817426348377413,2.8087385007130874,16.78367900453452,16.851173692220307,0.06749468768578737,1.9982021270561183,followup_needed,0,,,False,,,,0,False,,no_prior,,No reliable period. Methods disagree at Tier 2 and Tier 3 could not resolve ambiguity. More observations needed.,sparse,6,1,3.5,0.941249999916181,low,mbls,,0
2006 JF13,2026-03-21T05:12:20.457689+00:00,False,,0.0,14.908959291662834,18,n_obs=18 < min_obs=20,1,552.0919444444589,"Lg,Li,Lr,Ly,Lz",,,,,,,,,,,,False,,,,,,,,,t1_rejected,0,,,False,,,,0,False,,no_prior,,Tier 1 failed: n_obs=18 < min_obs=20,sparse,5,1,4.0,1.6113888889085501,low,mbls,,0
2006 JH59,2026-03-21T05:12:30.546320+00:00,True,0.205269641521112,0.3273713425411993,11.057797865314908,46,,3,365.67694444436347,"Lg,Li,Lr,Ly,Lz",True,False,0.41728356370799,0.41584614829303085,0.41728356370799,0.41728356370799,10.37323615107755,6.745825978593523e-06,0.11610687758580654,True,0.0034446969398526724,False,,,,,,,,,confirmed,2,0.41728356370799,,False,876.3,0.41728356370799,0.0014374154149557308,2,False,,no_prior,,"All 3 methods agree (spread=0.3%), p=6.75e-06, sparse regime. Moderate confidence.",sparse,3,1,6.0,1.280277777754236,medium,"mbls,mhaov,clean",,0
2006 JW36,2026-03-21T05:12:31.502952+00:00,True,1.2993996998499249,0.709454288159948,54.68614263187326,20,,3,915.0491666666348,"Lg,Li,Lr,Lz",False,True,4.964420189421153,34.05900482752213,4.964420189421153,4.964420189421153,19.742105378595593,7.705640191812968e-06,0.7929490681621623,False,5.860620883803052,True,False,True,34.05900482752213,4.310245756433884,34.04271450714412,34.07529514790014,0.03258064075602718,1.0760293690718363,followup_needed,0,,,False,,,,0,False,,no_prior,,No reliable period. Methods disagree at Tier 2 and Tier 3 could not resolve ambiguity. More observations needed.,sparse,5,1,4.0,0.8258333332487382,low,mbls,,0
2006 KE71,2026-03-21T05:12:32.464136+00:00,True,1.499249624812406,0.7719099010621037,33.068610018024096,23,,3,764.543055555434,"Lg,Li,Lr,Lz",False,True,2.663254601625588,17.728726859261577,2.663254601625588,2.663254601625588,19.14907832385433,2.7102295498959705e-06,0.419971347228906,False,5.65679009751254,True,False,True,17.728726859261577,2.803988456828545,17.693150818741323,17.764302899781832,0.07115208104050907,1.6075449085090918,followup_needed,0,,,False,,,,0,False,,no_prior,,No reliable period. Methods disagree at Tier 2 and Tier 3 could not resolve ambiguity. More observations needed.,sparse,6,1,3.5,1.201805555523606,low,mbls,,0
2006 KJ25,2026-03-21T05:12:33.666683+00:00,True,5.437468734367184,0.6917969069029766,15.957413098233124,21,,3,1369.7088888888247,"Li,Lr,Lz",True,False,6.178308032938834,6.472367364142128,6.178308032938834,6.178308032938834,11.788269164448804,0.00011836806606013717,1.2526569282113003,True,0.0475954467850272,False,,,,,,,,,confirmed,1,6.178308032938834,,False,221.7,6.178308032938834,0.2940593312032464,1,False,,no_prior,,"All 3 methods agree (spread=4.8%), p=1.18e-04, sparse regime. Moderate confidence.",sparse,8,1,2.0,0.6412499999860302,low,mbls,,0
2006 KP57,2026-03-21T05:12:37.366020+00:00,True,0.40379574525618395,0.4757670168883683,10.949161160637928,24,,3,381.7038888889365,"Li,Lr,Ly,Lz",False,False,5.9569070321173845,44.822297169098725,5.9569070321173845,5.9569070321173845,2.166702643971053,0.1119405264809401,0.08649837316903963,False,6.524424492010261,False,,,,,,,,,t2_rejected,0,,,False,,,,0,False,,no_prior,,No reliable period. Methods disagree at Tier 2 and Tier 3 could not resolve ambiguity. More observations needed.,sparse,3,1,2.0,0.590555555478204,low,mbls,,0
2006 KV63,2026-03-21T05:12:38.743545+00:00,True,12.561530765382692,0.28128915322419623,15.987429387762425,27,,3,528.851388888841,"Lg,Li,Lr,Ly,Lz",True,False,12.605696646255772,25.57504127188636,12.605696646255772,25.57504127188636,12.653735119772486,1.711000378823435e-05,0.2797800142858425,True,0.014423954089154332,False,,,,,,,,,confirmed,2,25.57504127188636,,True,20.7,25.57504127188636,0.3688932211339161,2,False,,no_prior,,"All 3 methods agree (spread=1.4%), p=1.71e-05, sparse regime. Moderate confidence.",sparse,5,1,4.0,1.5797222221735865,medium,"mbls,mhaov,clean",,0
